timestamp_sim,timestamp_wall,event,joint_positions,ee_position,gripper_state,package_id
0.05,1786779330.0637,sample,"[1.63188, -1.27756, 1.89196, -2.26718, 4.65654, -0.0]","[-6.50534, -0.04374, 2.15053]",open,
0.15,1786779330.2695,sample,"[1.63186, -1.27749, 1.89203, -2.26718, 4.65654, -0.0]","[-6.50533, -0.04375, 2.15043]",open,
0.25,1786779330.5195,sample,"[1.63185, -1.27745, 1.89207, -2.26718, 4.65654, -0.0]","[-6.50532, -0.04376, 2.15038]",open,
0.35,1786779330.5912,sample,"[1.63184, -1.27745, 1.89207, -2.26717, 4.65654, -0.0]","[-6.50531, -0.04375, 2.15038]",open,
0.45,1786779330.6704,sample,"[1.63184, -1.27745, 1.89207, -2.26717, 4.65654, -0.0]","[-6.50531, -0.04376, 2.15038]",open,
0.55,1786779330.7496,sample,"[1.63184, -1.27745, 1.89207, -2.26717, 4.65654, -0.0]","[-6.50531, -0.04376, 2.15038]",open,
0.65,1786779330.8229,sample,"[1.63184, -1.27745, 1.89207, -2.26717, 4.65654, -0.0]","[-6.50531, -0.04376, 2.15038]",open,
0.75,1786779330.893,sample,"[1.63184, -1.27745, 1.89207, -2.26716, 4.65654, -0.0]","[-6.50531, -0.04376, 2.15038]",open,
0.85,1786779330.9708,sample,"[1.63184, -1.27745, 1.89207, -2.26716, 4.65654, -0.0]","[-6.50531, -0.04376, 2.15038]",open,
0.95,1786779331.0661,sample,"[1.63184, -1.27745, 1.89207, -2.26716, 4.65654, -0.0]","[-6.50531, -0.04376, 2.15038]",open,
1.05,1786779331.1564,sample,"[1.63184, -1.27745, 1.89207, -2.26715, 4.65654, -0.0]","[-6.50531, -0.04376, 2.15038]",open,
1.15,1786779331.2481,sample,"[1.63184, -1.27745, 1.89207, -2.26715, 4.65654, -0.0]","[-6.50531, -0.04376, 2.15038]",open,
1.25,1786779331.3464,sample,"[1.63184, -1.27745, 1.89207, -2.26715, 4.65654, -0.0]","[-6.50531, -0.04376, 2.15038]",open,
1.35,1786779331.4639,sample,"[1.63184, -1.27745, 1.89207, -2.26715, 4.65654, -0.0]","[-6.50531, -0.04376, 2.15038]",open,
1.45,1786779331.5823,sample,"[1.63184, -1.27745, 1.89207, -2.26714, 4.65654, -0.0]","[-6.50531, -0.04376, 2.15038]",open,
1.55,1786779331.6911,sample,"[1.63184, -1.27745, 1.89207, -2.26714, 4.65654, -0.0]","[-6.50531, -0.04376, 2.15038]",open,
1.65,1786779331.8015,sample,"[1.63184, -1.27745, 1.89207, -2.26714, 4.65654, -0.0]","[-6.50531, -0.04376, 2.15038]",open,
1.75,1786779331.9105,sample,"[1.63184, -1.27745, 1.89207, -2.26713, 4.65654, -0.0]","[-6.50531, -0.04376, 2.15038]",open,
1.85,1786779332.0189,sample,"[1.63184, -1.27745, 1.89207, -2.26713, 4.65654, -0.0]","[-6.50531, -0.04376, 2.15038]",open,
1.95,1786779332.1031,sample,"[1.63184, -1.27745, 1.89207, -2.26713, 4.65654, -0.0]","[-6.50531, -0.04376, 2.15038]",open,
2.05,1786779332.1799,sample,"[1.63184, -1.27745, 1.89207, -2.26713, 4.65654, -0.0]","[-6.50531, -0.04376, 2.15038]",open,
2.15,1786779332.2614,sample,"[1.63184, -1.27745, 1.89207, -2.26712, 4.65654, -0.0]","[-6.50531, -0.04376, 2.15038]",open,
2.25,1786779332.343,sample,"[1.63184, -1.27745, 1.89207, -2.26712, 4.65654, -0.0]","[-6.50531, -0.04376, 2.15038]",open,
2.35,1786779332.4223,sample,"[1.63184, -1.27745, 1.89207, -2.26712, 4.65654, -0.0]","[-6.50531, -0.04376, 2.15038]",open,
2.45,1786779332.5035,sample,"[1.63184, -1.27745, 1.89207, -2.26711, 4.65654, -0.0]","[-6.50531, -0.04376, 2.15038]",open,
2.55,1786779332.5873,sample,"[1.63184, -1.27745, 1.89207, -2.26711, 4.65654, -0.0]","[-6.50531, -0.04376, 2.15038]",open,
2.65,1786779332.6615,sample,"[1.63184, -1.27745, 1.89207, -2.26711, 4.65654, -0.0]","[-6.50531, -0.04376, 2.15038]",open,
2.75,1786779332.7358,sample,"[1.63184, -1.27745, 1.89207, -2.26711, 4.65654, -0.0]","[-6.50531, -0.04376, 2.15038]",open,
2.85,1786779332.8532,sample,"[1.63184, -1.27745, 1.89207, -2.26711, 4.65654, -0.0]","[-6.50531, -0.04376, 2.15038]",open,
2.95,1786779332.9314,sample,"[1.63184, -1.27745, 1.89207, -2.26711, 4.65654, -0.0]","[-6.50531, -0.04376, 2.15038]",open,
3.05,1786779333.0042,sample,"[1.63184, -1.27745, 1.89207, -2.2671, 4.65654, -0.0]","[-6.50531, -0.04376, 2.15038]",open,
3.15,1786779333.0749,sample,"[1.63184, -1.27745, 1.89207, -2.2671, 4.65654, -0.0]","[-6.50531, -0.04376, 2.15038]",open,
3.25,1786779333.1452,sample,"[1.63184, -1.27745, 1.89207, -2.2671, 4.65654, -0.0]","[-6.50531, -0.04376, 2.15038]",open,
3.35,1786779333.2154,sample,"[1.63184, -1.27745, 1.89207, -2.2671, 4.65654, -0.0]","[-6.50531, -0.04376, 2.15038]",open,
3.45,1786779333.2892,sample,"[1.63184, -1.27745, 1.89207, -2.2671, 4.65654, -0.0]","[-6.50531, -0.04376, 2.15037]",open,
3.55,1786779333.3604,sample,"[1.63184, -1.27745, 1.89207, -2.2671, 4.65654, -0.0]","[-6.50531, -0.04376, 2.15037]",open,
3.65,1786779333.4411,sample,"[1.63184, -1.27745, 1.89207, -2.2671, 4.65654, -0.0]","[-6.50531, -0.04376, 2.15037]",open,
3.75,1786779333.5174,sample,"[1.63184, -1.27745, 1.89207, -2.2671, 4.65654, -0.0]","[-6.50531, -0.04376, 2.15037]",open,
3.85,1786779333.5931,sample,"[1.63184, -1.27745, 1.89207, -2.2671, 4.65654, -0.0]","[-6.50531, -0.04376, 2.15037]",open,
3.95,1786779333.6689,sample,"[1.63184, -1.27745, 1.89207, -2.2671, 4.65654, -0.0]","[-6.50531, -0.04376, 2.15037]",open,
4.05,1786779333.7437,sample,"[1.63184, -1.27745, 1.89207, -2.2671, 4.65654, -0.0]","[-6.50531, -0.04376, 2.15037]",open,
4.15,1786779333.8213,sample,"[1.63184, -1.27745, 1.89207, -2.2671, 4.65654, -0.0]","[-6.50531, -0.04376, 2.15037]",open,
4.25,1786779333.9086,sample,"[1.63184, -1.27745, 1.89207, -2.2671, 4.65654, -0.0]","[-6.50531, -0.04376, 2.15037]",open,
4.35,1786779333.9864,sample,"[1.63184, -1.27745, 1.89207, -2.2671, 4.65654, -0.0]","[-6.50531, -0.04376, 2.15037]",open,
4.45,1786779334.0615,sample,"[1.63184, -1.27745, 1.89207, -2.2671, 4.65654, -0.0]","[-6.50531, -0.04376, 2.15037]",open,
4.55,1786779334.1343,sample,"[1.63184, -1.27745, 1.89207, -2.2671, 4.65654, -0.0]","[-6.50531, -0.04376, 2.15037]",open,
4.65,1786779334.208,sample,"[1.63184, -1.27745, 1.89207, -2.2671, 4.65654, -0.0]","[-6.50531, -0.04376, 2.15037]",open,
4.75,1786779334.2849,sample,"[1.63184, -1.27745, 1.89207, -2.2671, 4.65654, -0.0]","[-6.50531, -0.04376, 2.15037]",open,
4.85,1786779334.3621,sample,"[1.63184, -1.27745, 1.89207, -2.2671, 4.65654, -0.0]","[-6.50531, -0.04376, 2.15037]",open,
4.95,1786779334.4349,sample,"[1.63184, -1.27745, 1.89207, -2.2671, 4.65654, -0.0]","[-6.50531, -0.04376, 2.15037]",open,
5.05,1786779334.5111,sample,"[1.63184, -1.27745, 1.89207, -2.2671, 4.65654, -0.0]","[-6.50531, -0.04376, 2.15037]",open,
5.15,1786779334.5844,sample,"[1.63184, -1.27745, 1.89207, -2.2671, 4.65654, -0.0]","[-6.50531, -0.04376, 2.15037]",open,
5.25,1786779334.6601,sample,"[1.63184, -1.27745, 1.89207, -2.2671, 4.65654, -0.0]","[-6.50531, -0.04376, 2.15037]",open,
5.35,1786779334.7379,sample,"[1.63184, -1.27745, 1.89207, -2.2671, 4.65654, -0.0]","[-6.50531, -0.04376, 2.15037]",open,
5.45,1786779334.8168,sample,"[1.63184, -1.27745, 1.89207, -2.2671, 4.65654, -0.0]","[-6.50531, -0.04376, 2.15037]",open,
5.55,1786779334.9307,sample,"[1.63184, -1.27745, 1.89207, -2.2671, 4.65654, -0.0]","[-6.50531, -0.04376, 2.15037]",open,
5.65,1786779335.0221,sample,"[1.63184, -1.27745, 1.89207, -2.2671, 4.65654, -0.0]","[-6.50531, -0.04376, 2.15037]",open,
5.75,1786779335.1075,sample,"[1.63184, -1.27745, 1.89207, -2.2671, 4.65654, -0.0]","[-6.50531, -0.04376, 2.15037]",open,
5.85,1786779335.1898,sample,"[1.63184, -1.27745, 1.89207, -2.2671, 4.65654, -0.0]","[-6.50531, -0.04376, 2.15037]",open,
5.95,1786779335.2786,sample,"[1.63184, -1.27745, 1.89207, -2.2671, 4.65654, -0.0]","[-6.50531, -0.04376, 2.15037]",open,
6.05,1786779335.3696,sample,"[1.63184, -1.27745, 1.89207, -2.2671, 4.65654, -0.0]","[-6.50531, -0.04376, 2.15037]",open,
6.15,1786779335.4595,sample,"[1.63184, -1.27745, 1.89207, -2.2671, 4.65654, -0.0]","[-6.50531, -0.04376, 2.15037]",open,
6.25,1786779335.5468,sample,"[1.63184, -1.27745, 1.89207, -2.2671, 4.65654, -0.0]","[-6.50531, -0.04376, 2.15037]",open,
6.35,1786779335.6271,sample,"[1.63184, -1.27745, 1.89207, -2.2671, 4.65654, -0.0]","[-6.50531, -0.04376, 2.15037]",open,
6.45,1786779335.7079,sample,"[1.63184, -1.27745, 1.89207, -2.2671, 4.65654, -0.0]","[-6.50531, -0.04376, 2.15037]",open,
6.55,1786779335.7887,sample,"[1.63184, -1.27745, 1.89207, -2.2671, 4.65654, -0.0]","[-6.50531, -0.04376, 2.15037]",open,
6.65,1786779335.8713,sample,"[1.63184, -1.27745, 1.89207, -2.2671, 4.65654, -0.0]","[-6.50531, -0.04376, 2.15037]",open,
6.75,1786779335.9512,sample,"[1.63184, -1.27745, 1.89207, -2.2671, 4.65654, -0.0]","[-6.50531, -0.04376, 2.15037]",open,
6.85,1786779336.0314,sample,"[1.63184, -1.27745, 1.89207, -2.2671, 4.65654, -0.0]","[-6.50531, -0.04376, 2.15037]",open,
6.95,1786779336.1108,sample,"[1.63184, -1.27745, 1.89207, -2.2671, 4.65654, -0.0]","[-6.50531, -0.04376, 2.15037]",open,
7.05,1786779336.1905,sample,"[1.63184, -1.27745, 1.89207, -2.2671, 4.65654, -0.0]","[-6.50531, -0.04376, 2.15037]",open,
7.15,1786779336.279,sample,"[1.63184, -1.27745, 1.89207, -2.2671, 4.65654, -0.0]","[-6.50531, -0.04376, 2.15037]",open,
7.25,1786779336.3699,sample,"[1.63184, -1.27745, 1.89207, -2.2671, 4.65654, -0.0]","[-6.50531, -0.04376, 2.15037]",open,
7.35,1786779336.4632,sample,"[1.63184, -1.27745, 1.89207, -2.2671, 4.65654, -0.0]","[-6.50531, -0.04376, 2.15037]",open,
7.45,1786779336.5525,sample,"[1.63184, -1.27745, 1.89207, -2.2671, 4.65654, -0.0]","[-6.50531, -0.04376, 2.15037]",open,
7.55,1786779336.6408,sample,"[1.63184, -1.27745, 1.89207, -2.2671, 4.65654, -0.0]","[-6.50531, -0.04376, 2.15037]",open,
7.65,1786779336.725,sample,"[1.63184, -1.27745, 1.89207, -2.2671, 4.65654, -0.0]","[-6.50531, -0.04376, 2.15037]",open,
7.75,1786779336.8094,sample,"[1.63184, -1.27745, 1.89207, -2.2671, 4.65654, -0.0]","[-6.50531, -0.04376, 2.15037]",open,
7.85,1786779336.8981,sample,"[1.63184, -1.27745, 1.89207, -2.2671, 4.65654, -0.0]","[-6.50531, -0.04376, 2.15037]",open,
7.95,1786779336.9815,sample,"[1.63184, -1.27745, 1.89207, -2.2671, 4.65654, -0.0]","[-6.50531, -0.04376, 2.15037]",open,
8.05,1786779337.0829,sample,"[1.63184, -1.27745, 1.89207, -2.2671, 4.65654, -0.0]","[-6.50531, -0.04376, 2.15037]",open,
8.15,1786779337.168,sample,"[1.63184, -1.27745, 1.89207, -2.2671, 4.65654, -0.0]","[-6.50531, -0.04376, 2.15037]",open,
8.25,1786779337.2514,sample,"[1.63184, -1.27745, 1.89207, -2.2671, 4.65654, -0.0]","[-6.50531, -0.04376, 2.15037]",open,
8.35,1786779337.3342,sample,"[1.63184, -1.27745, 1.89207, -2.2671, 4.65654, -0.0]","[-6.50531, -0.04376, 2.15037]",open,
8.45,1786779337.429,sample,"[1.63185, -1.29059, 1.8921, -2.2671, 4.65654, -0.0]","[-6.50518, -0.04612, 2.16042]",open,
8.55,1786779337.5174,sample,"[1.63186, -1.33268, 1.8921, -2.26709, 4.65654, -0.0]","[-6.50467, -0.05451, 2.19245]",open,
8.65,1786779337.5984,sample,"[1.63187, -1.3861, 1.89209, -2.26709, 4.65655, 0.0]","[-6.50391, -0.06707, 2.23254]",open,
8.75,1786779337.6855,sample,"[1.63187, -1.44368, 1.89208, -2.26709, 4.65655, 0.0]","[-6.50294, -0.08299, 2.27494]",open,
8.85,1786779337.7658,sample,"[1.63187, -1.49844, 1.89208, -2.26709, 4.65655, 0.0]","[-6.50188, -0.10036, 2.31434]",open,
8.95,1786779337.851,sample,"[1.63186, -1.5231, 1.89206, -2.26709, 4.65655, 0.0]","[-6.50135, -0.10888, 2.33178]",open,
9.05,1786779337.9339,sample,"[1.63186, -1.53217, 1.89206, -2.26709, 4.65655, 0.0]","[-6.50115, -0.11212, 2.33813]",open,
9.15,1786779338.0121,sample,"[1.63185, -1.53551, 1.89206, -2.26709, 4.65654, 0.0]","[-6.50107, -0.11333, 2.34046]",open,
9.25,1786779338.0949,sample,"[1.63185, -1.53673, 1.89207, -2.26709, 4.65654, 0.0]","[-6.50104, -0.11377, 2.34131]",open,
9.35,1786779338.1769,sample,"[1.63184, -1.53719, 1.89207, -2.26709, 4.65654, 0.0]","[-6.50102, -0.11394, 2.34163]",open,
9.45,1786779338.2637,sample,"[1.63184, -1.53735, 1.89207, -2.26709, 4.65653, 0.0]","[-6.50102, -0.114, 2.34174]",open,
9.55,1786779338.3575,sample,"[1.63184, -1.53741, 1.89207, -2.26709, 4.65653, 0.0]","[-6.50102, -0.11402, 2.34178]",open,
9.65,1786779338.4388,sample,"[1.63184, -1.53744, 1.89207, -2.26709, 4.65653, 0.0]","[-6.50101, -0.11403, 2.34181]",open,
9.75,1786779338.5396,sample,"[1.63184, -1.53745, 1.89207, -2.26709, 4.65653, 0.0]","[-6.50101, -0.11403, 2.34181]",open,
9.85,1786779338.6214,sample,"[1.63184, -1.53745, 1.89207, -2.26709, 4.65652, 0.0]","[-6.50101, -0.11403, 2.34181]",open,
9.95,1786779338.7012,sample,"[1.63184, -1.53745, 1.89207, -2.26709, 4.65652, 0.0]","[-6.50101, -0.11403, 2.34181]",open,
10.05,1786779338.7939,sample,"[1.63184, -1.53745, 1.89207, -2.26709, 4.65652, 0.0]","[-6.50101, -0.11403, 2.34181]",open,
10.15,1786779338.8785,sample,"[1.63184, -1.53745, 1.89207, -2.26709, 4.65651, 0.0]","[-6.50101, -0.11403, 2.34181]",open,
10.25,1786779338.9574,sample,"[1.63184, -1.53745, 1.89207, -2.26709, 4.65651, 0.0]","[-6.50101, -0.11403, 2.34181]",open,
10.35,1786779339.0343,sample,"[1.63184, -1.53745, 1.89207, -2.26709, 4.65651, 0.0]","[-6.50101, -0.11403, 2.34181]",open,
10.45,1786779339.117,sample,"[1.63184, -1.53745, 1.89207, -2.26709, 4.65651, 0.0]","[-6.50101, -0.11403, 2.34181]",open,
10.55,1786779339.1942,sample,"[1.63184, -1.53745, 1.89207, -2.26709, 4.65651, 0.0]","[-6.50101, -0.11403, 2.34181]",open,
10.65,1786779339.2744,sample,"[1.63184, -1.53745, 1.89207, -2.26709, 4.65651, 0.0]","[-6.50101, -0.11403, 2.34181]",open,
10.75,1786779339.3573,sample,"[1.63184, -1.53745, 1.89207, -2.26709, 4.65651, 0.0]","[-6.50101, -0.11403, 2.34181]",open,
10.85,1786779339.4361,sample,"[1.63184, -1.53745, 1.89207, -2.26709, 4.65651, 0.0]","[-6.50101, -0.11403, 2.34181]",open,
10.95,1786779339.5159,sample,"[1.63184, -1.53745, 1.89207, -2.26709, 4.65651, 0.0]","[-6.50101, -0.11403, 2.34181]",open,
11.05,1786779339.6145,sample,"[1.63184, -1.53745, 1.89207, -2.26709, 4.65651, 0.0]","[-6.50101, -0.11403, 2.34181]",open,
11.15,1786779339.7105,sample,"[1.61305, -1.53745, 1.89207, -2.26709, 4.65652, -0.0]","[-6.48809, -0.11038, 2.34181]",open,
11.25,1786779339.8038,sample,"[1.56822, -1.53745, 1.89207, -2.26709, 4.65652, -0.0]","[-6.457, -0.10264, 2.34181]",open,
11.35,1786779339.8925,sample,"[1.53261, -1.53745, 1.89207, -2.26709, 4.65652, 0.0]","[-6.43207, -0.09749, 2.34181]",open,
11.45,1786779339.9849,sample,"[1.5195, -1.53745, 1.89207, -2.26709, 4.65652, 0.0]","[-6.42285, -0.09582, 2.34181]",open,
11.55,1786779340.0665,sample,"[1.51468, -1.53745, 1.89207, -2.26709, 4.65652, 0.0]","[-6.41945, -0.09524, 2.34181]",open,
11.65,1786779340.1514,sample,"[1.49975, -1.53745, 1.89207, -2.26709, 4.65652, 0.0]","[-6.40892, -0.09353, 2.34181]",open,
11.75,1786779340.2351,sample,"[1.45701, -1.53745, 1.89207, -2.26709, 4.65652, -0.0]","[-6.37863, -0.08953, 2.34181]",open,
11.85,1786779340.3144,sample,"[1.42216, -1.53745, 1.89207, -2.26709, 4.65652, 0.0]","[-6.35383, -0.08722, 2.34181]",open,
11.95,1786779340.3931,sample,"[1.40934, -1.53745, 1.89207, -2.26709, 4.65652, 0.0]","[-6.34469, -0.08659, 2.34181]",open,
12.05,1786779340.4794,sample,"[1.40462, -1.53745, 1.89207, -2.26709, 4.65652, 0.0]","[-6.34132, -0.08638, 2.34181]",open,
12.15,1786779340.5653,sample,"[1.40289, -1.53745, 1.89207, -2.26709, 4.65651, 0.0]","[-6.34008, -0.08631, 2.34181]",open,
12.25,1786779340.666,sample,"[1.40225, -1.53745, 1.89207, -2.26709, 4.65651, 0.0]","[-6.33963, -0.08629, 2.34181]",open,
12.35,1786779340.7514,sample,"[1.40201, -1.53745, 1.89207, -2.26709, 4.65651, 0.0]","[-6.33946, -0.08628, 2.34181]",open,
12.45,1786779340.8483,sample,"[1.40193, -1.53745, 1.89207, -2.26709, 4.65651, 0.0]","[-6.3394, -0.08627, 2.34181]",open,
12.55,1786779340.9461,sample,"[1.40191, -1.53745, 1.89207, -2.26709, 4.65651, 0.0]","[-6.33939, -0.08627, 2.34181]",open,
12.65,1786779341.0384,sample,"[1.4019, -1.53745, 1.89207, -2.26709, 4.65651, 0.0]","[-6.33938, -0.08627, 2.34181]",open,
12.75,1786779341.1291,sample,"[1.40189, -1.53745, 1.89207, -2.26709, 4.65651, 0.0]","[-6.33937, -0.08627, 2.34181]",open,
12.85,1786779341.2177,sample,"[1.40188, -1.53745, 1.89207, -2.26709, 4.65651, 0.0]","[-6.33937, -0.08627, 2.34181]",open,
12.95,1786779341.3038,sample,"[1.40188, -1.53745, 1.89207, -2.26709, 4.65651, 0.0]","[-6.33936, -0.08627, 2.34181]",open,
13.05,1786779341.3952,sample,"[1.40187, -1.53745, 1.89207, -2.26709, 4.65651, 0.0]","[-6.33936, -0.08627, 2.34181]",open,
13.15,1786779341.48,sample,"[1.40187, -1.53745, 1.89207, -2.26709, 4.65651, 0.0]","[-6.33936, -0.08627, 2.34181]",open,
13.25,1786779341.5682,sample,"[1.40186, -1.53745, 1.89207, -2.26709, 4.65651, 0.0]","[-6.33935, -0.08627, 2.34181]",open,
13.35,1786779341.6601,sample,"[1.40188, -1.5243, 1.89207, -2.26709, 4.65651, 0.0]","[-6.33857, -0.0816, 2.33262]",open,
13.45,1786779341.7559,sample,"[1.40188, -1.501, 1.89208, -2.26709, 4.65651, 0.0]","[-6.3372, -0.07362, 2.31616]",open,
13.55,1786779341.8494,sample,"[1.40187, -1.49243, 1.89207, -2.26709, 4.65651, 0.0]","[-6.33671, -0.07078, 2.31007]",open,
13.65,1786779341.9524,sample,"[1.40186, -1.48928, 1.89207, -2.26709, 4.65651, 0.0]","[-6.33653, -0.06974, 2.30783]",open,
13.75,1786779342.0487,sample,"[1.40185, -1.48812, 1.89207, -2.26709, 4.65651, 0.0]","[-6.33646, -0.06937, 2.307]",open,
13.85,1786779342.1411,sample,"[1.40184, -1.4877, 1.89207, -2.26709, 4.65651, 0.0]","[-6.33643, -0.06923, 2.3067]",open,
13.95,1786779342.2284,sample,"[1.40184, -1.48754, 1.89207, -2.26709, 4.65651, 0.0]","[-6.33642, -0.06918, 2.30659]",open,
14.05,1786779342.3162,sample,"[1.40185, -1.48313, 1.89207, -2.26709, 4.65651, 0.0]","[-6.33618, -0.06775, 2.30343]",open,
14.15,1786779342.4012,sample,"[1.40187, -1.4481, 1.89207, -2.26709, 4.65651, 0.0]","[-6.33435, -0.05691, 2.27816]",open,
14.25,1786779342.4909,sample,"[1.40188, -1.39881, 1.89209, -2.26709, 4.65651, 0.0]","[-6.33201, -0.04315, 2.24198]",open,
14.35,1786779342.5805,sample,"[1.40186, -1.37265, 1.89209, -2.26709, 4.65651, 0.0]","[-6.33088, -0.03657, 2.22252]",open,
14.45,1786779342.6631,sample,"[1.40185, -1.36304, 1.89207, -2.26709, 4.65651, 0.0]","[-6.33047, -0.03426, 2.21533]",open,
14.55,1786779342.7626,sample,"[1.40184, -1.3595, 1.89207, -2.26709, 4.65651, 0.0]","[-6.33032, -0.03344, 2.21268]",open,
14.65,1786779342.8514,sample,"[1.40184, -1.3582, 1.89207, -2.26709, 4.65651, 0.0]","[-6.33027, -0.03313, 2.2117]",open,
14.75,1786779342.9366,sample,"[1.40184, -1.35771, 1.89207, -2.26709, 4.65651, 0.0]","[-6.33025, -0.03302, 2.21134]",open,
14.85,1786779343.0234,sample,"[1.40184, -1.35754, 1.89207, -2.26709, 4.65651, 0.0]","[-6.33024, -0.03298, 2.2112]",open,
14.95,1786779343.1083,sample,"[1.40185, -1.33236, 1.89207, -2.26709, 4.65651, 0.0]","[-6.3293, -0.0274, 2.19223]",open,
15.05,1786779343.191,sample,"[1.40184, -1.29831, 1.89209, -2.26709, 4.65651, -0.0]","[-6.32814, -0.02061, 2.16633]",open,
15.15,1786779343.2784,sample,"[1.40185, -1.28541, 1.89161, -2.26716, 4.65654, -0.0]","[-6.32771, -0.01806, 2.15675]",open,
15.25,1786779343.3637,sample,"[1.40183, -1.2809, 1.89105, -2.26716, 4.65654, 0.0]","[-6.32752, -0.01705, 2.15363]",open,
15.35,1786779343.45,sample,"[1.40183, -1.27922, 1.89087, -2.26716, 4.65654, 0.0]","[-6.32746, -0.01668, 2.15244]",open,
15.45,1786779343.5489,sample,"[1.40184, -1.27857, 1.89085, -2.26715, 4.65654, -0.0]","[-6.32744, -0.01656, 2.15196]",open,
15.55,1786779343.6439,sample,"[1.40185, -1.27833, 1.89085, -2.26715, 4.65654, -0.0]","[-6.32745, -0.01652, 2.15177]",open,
15.65,1786779343.7313,sample,"[1.40184, -1.27824, 1.89086, -2.26715, 4.65654, -0.0]","[-6.32744, -0.01651, 2.1517]",open,
15.75,1786779343.8286,sample,"[1.40184, -1.2782, 1.89087, -2.26715, 4.65654, -0.0]","[-6.32744, -0.01651, 2.15166]",open,
15.85,1786779343.9205,sample,"[1.40184, -1.28245, 1.89106, -2.26715, 4.65653, 0.0]","[-6.32758, -0.01732, 2.15481]",open,
15.95,1786779344.0389,sample,"[1.40184, -1.3039, 1.8917, -2.26714, 4.65653, 0.0]","[-6.32829, -0.02151, 2.17084]",open,
16.05,1786779344.1251,sample,"[1.40184, -1.31246, 1.89194, -2.26714, 4.65653, 0.0]","[-6.32859, -0.02327, 2.17721]",open,
16.15,1786779344.2104,sample,"[1.40184, -1.31561, 1.89202, -2.26714, 4.65653, 0.0]","[-6.3287, -0.02393, 2.17956]",open,
16.25,1786779344.2976,sample,"[1.40184, -1.31677, 1.89207, -2.26714, 4.65653, 0.0]","[-6.32874, -0.02417, 2.18041]",open,
16.35,1786779344.3844,sample,"[1.40184, -1.31719, 1.89207, -2.26713, 4.65653, 0.0]","[-6.32876, -0.02426, 2.18073]",open,
16.45,1786779344.471,sample,"[1.40184, -1.31735, 1.89207, -2.26713, 4.65653, 0.0]","[-6.32876, -0.02429, 2.18085]",open,
16.55,1786779344.5609,sample,"[1.40184, -1.3174, 1.89207, -2.26713, 4.65653, 0.0]","[-6.32877, -0.0243, 2.18089]",open,
16.65,1786779344.65,sample,"[1.40184, -1.31743, 1.89207, -2.26712, 4.65653, 0.0]","[-6.32876, -0.02431, 2.18091]",open,
16.75,1786779344.7354,sample,"[1.40184, -1.31745, 1.89207, -2.26712, 4.65653, 0.0]","[-6.32877, -0.02431, 2.18092]",open,
16.85,1786779344.82,sample,"[1.40184, -1.31745, 1.89207, -2.26712, 4.65653, 0.0]","[-6.32877, -0.02431, 2.18092]",open,
16.95,1786779344.9095,sample,"[1.40184, -1.31745, 1.89207, -2.26712, 4.65653, 0.0]","[-6.32877, -0.02431, 2.18092]",open,
17.05,1786779345.0024,sample,"[1.40184, -1.31745, 1.89207, -2.26711, 4.65653, 0.0]","[-6.32877, -0.02431, 2.18092]",open,
17.15,1786779345.0911,sample,"[1.40184, -1.31745, 1.89207, -2.26711, 4.65653, 0.0]","[-6.32877, -0.02431, 2.18092]",open,
17.25,1786779345.177,sample,"[1.40184, -1.31745, 1.89207, -2.26711, 4.65653, 0.0]","[-6.32877, -0.02431, 2.18092]",open,
17.35,1786779345.2739,sample,"[1.40184, -1.31745, 1.89207, -2.26711, 4.65653, 0.0]","[-6.32877, -0.02431, 2.18092]",open,
17.45,1786779345.3713,sample,"[1.40184, -1.31745, 1.89207, -2.26711, 4.65653, 0.0]","[-6.32877, -0.02431, 2.18092]",open,
17.55,1786779345.4598,sample,"[1.40184, -1.31745, 1.89207, -2.2671, 4.65653, 0.0]","[-6.32877, -0.02431, 2.18092]",open,
17.65,1786779345.5439,sample,"[1.40184, -1.31745, 1.89207, -2.2671, 4.65653, -0.0]","[-6.32877, -0.02431, 2.18092]",open,
17.75,1786779345.6275,sample,"[1.40184, -1.31745, 1.89207, -2.2671, 4.65653, 0.0]","[-6.32877, -0.02432, 2.18092]",open,
17.85,1786779345.7122,sample,"[1.40184, -1.31745, 1.89207, -2.2671, 4.65653, 0.0]","[-6.32877, -0.02432, 2.18092]",open,
17.95,1786779345.8011,sample,"[1.40184, -1.31527, 1.89207, -2.2671, 4.65653, 0.0]","[-6.32869, -0.02388, 2.17926]",open,
18.05,1786779345.8875,sample,"[1.40183, -1.29994, 1.89208, -2.2671, 4.65653, 0.0]","[-6.32818, -0.02091, 2.16758]",open,
18.15,1786779345.9744,sample,"[1.40184, -1.29204, 1.89207, -2.2671, 4.65653, -0.0]","[-6.32794, -0.01945, 2.16155]",open,
18.25,1786779346.0603,sample,"[1.40185, -1.28928, 1.89182, -2.26715, 4.65663, -0.0]","[-6.32785, -0.01884, 2.15959]",open,
18.35,1786779346.143,sample,"[1.40185, -1.28841, 1.89151, -2.26717, 4.65673, -0.0]","[-6.32782, -0.01856, 2.15911]",open,
18.45,1786779346.2274,sample,"[1.40186, -1.28812, 1.89134, -2.26717, 4.65676, -0.0]","[-6.3278, -0.01844, 2.15899]",open,
18.55,1786779346.3131,sample,"[1.40186, -1.28803, 1.89126, -2.26718, 4.65682, -0.0]","[-6.3278, -0.01839, 2.15896]",open,
18.65,1786779346.3974,sample,"[1.40186, -1.28799, 1.89123, -2.26718, 4.65684, -0.0]","[-6.3278, -0.01837, 2.15895]",open,
18.75,1786779346.4811,sample,"[1.40187, -1.28798, 1.89121, -2.26718, 4.65685, -0.0]","[-6.32781, -0.01836, 2.15896]",open,
18.85,1786779346.567,sample,"[1.40187, -1.28798, 1.89121, -2.26717, 4.65686, -0.0]","[-6.32781, -0.01836, 2.15896]",open,
18.95,1786779346.6534,sample,"[1.40187, -1.28798, 1.8912, -2.26718, 4.65686, -0.0]","[-6.32781, -0.01836, 2.15897]",open,
19.05,1786779346.7403,sample,"[1.40187, -1.28798, 1.8912, -2.26717, 4.65685, -0.0]","[-6.3278, -0.01835, 2.15897]",open,
19.15,1786779346.8248,sample,"[1.40187, -1.28798, 1.8912, -2.26717, 4.65686, -0.0]","[-6.3278, -0.01836, 2.15897]",open,
19.25,1786779346.9171,sample,"[1.40186, -1.29436, 1.89152, -2.26718, 4.65675, -0.0]","[-6.32801, -0.01964, 2.16366]",open,
19.35,1786779347.0105,sample,"[1.40184, -1.30579, 1.89188, -2.26717, 4.6567, -0.0]","[-6.32838, -0.02194, 2.17217]",open,
19.45,1786779347.0994,sample,"[1.40184, -1.31, 1.892, -2.26717, 4.65669, -0.0]","[-6.32853, -0.0228, 2.1753]",open,
19.55,1786779347.1861,sample,"[1.40184, -1.31154, 1.89206, -2.26717, 4.65669, -0.0]","[-6.32858, -0.02313, 2.17644]",open,
19.65,1786779347.272,sample,"[1.40184, -1.31211, 1.89207, -2.26716, 4.65668, -0.0]","[-6.3286, -0.02324, 2.17687]",open,
19.75,1786779347.3594,sample,"[1.40184, -1.31232, 1.89207, -2.26716, 4.65668, -0.0]","[-6.32861, -0.02328, 2.17703]",open,
19.85,1786779347.4423,sample,"[1.40184, -1.31239, 1.89207, -2.26716, 4.65668, -0.0]","[-6.32861, -0.0233, 2.17708]",open,
19.95,1786779347.5265,sample,"[1.40184, -1.31242, 1.89207, -2.26716, 4.65668, -0.0]","[-6.32861, -0.02331, 2.1771]",open,
20.05,1786779347.6158,sample,"[1.40184, -1.31245, 1.89207, -2.26715, 4.66077, 0.0]","[-6.32898, -0.02325, 2.17711]",open,
20.15,1786779347.7011,sample,"[1.40184, -1.31245, 1.89207, -2.26715, 4.67356, 0.0]","[-6.33014, -0.02304, 2.17705]",open,
20.25,1786779347.7869,sample,"[1.40184, -1.31245, 1.89207, -2.26715, 4.6786, 0.0]","[-6.3306, -0.02296, 2.17704]",open,
20.35,1786779347.8743,sample,"[1.40184, -1.31245, 1.89207, -2.26714, 4.68046, 0.0]","[-6.33077, -0.02293, 2.17703]",open,
20.45,1786779347.9596,sample,"[1.40184, -1.31245, 1.89207, -2.26714, 4.68113, 0.0]","[-6.33083, -0.02292, 2.17703]",open,
20.55,1786779348.0691,sample,"[1.40184, -1.31245, 1.89207, -2.26714, 4.68137, 0.0]","[-6.33085, -0.02292, 2.17703]",open,
20.65,1786779348.1564,sample,"[1.40184, -1.31245, 1.89207, -2.263, 4.68138, 0.0]","[-6.33091, -0.02324, 2.17651]",open,
20.75,1786779348.2409,sample,"[1.40184, -1.31245, 1.89207, -2.24436, 4.68139, 0.0]","[-6.33116, -0.0247, 2.17418]",open,
20.85,1786779348.325,sample,"[1.40184, -1.31245, 1.89207, -2.2335, 4.68139, 0.0]","[-6.33131, -0.02558, 2.17284]",open,
20.95,1786779348.4123,sample,"[1.40184, -1.31245, 1.89207, -2.22951, 4.6814, 0.0]","[-6.33136, -0.0259, 2.17235]",open,
21.05,1786779348.5041,sample,"[1.40184, -1.31245, 1.89207, -2.22803, 4.6814, 0.0]","[-6.33138, -0.02602, 2.17217]",open,
21.15,1786779348.5935,sample,"[1.40184, -1.31245, 1.89207, -2.22749, 4.68141, 0.0]","[-6.33139, -0.02607, 2.17211]",open,
21.25,1786779348.6811,sample,"[1.40184, -1.31245, 1.89207, -2.22728, 4.68141, 0.0]","[-6.3314, -0.02608, 2.17208]",open,
21.35,1786779348.7695,sample,"[1.40184, -1.31245, 1.89207, -2.22726, 4.68142, 0.0]","[-6.3314, -0.02609, 2.17208]",open,
21.45,1786779348.8534,sample,"[1.40184, -1.31245, 1.89207, -2.22725, 4.68142, 0.0]","[-6.3314, -0.02609, 2.17208]",open,
21.55,1786779348.9397,sample,"[1.40184, -1.31245, 1.89207, -2.22724, 4.68143, 0.0]","[-6.3314, -0.02609, 2.17208]",open,
21.65,1786779349.03,sample,"[1.40184, -1.31245, 1.89207, -2.22724, 4.68143, 0.0]","[-6.3314, -0.02609, 2.17208]",open,
21.75,1786779349.1259,sample,"[1.40184, -1.31245, 1.89207, -2.22723, 4.68143, 0.0]","[-6.3314, -0.02609, 2.17208]",open,
21.85,1786779349.2142,sample,"[1.40184, -1.31245, 1.89207, -2.22723, 4.68143, 0.0]","[-6.3314, -0.02609, 2.17207]",open,
21.95,1786779349.2999,sample,"[1.40184, -1.31245, 1.89207, -2.22722, 4.68144, 0.0]","[-6.3314, -0.02609, 2.17207]",open,
22.05,1786779349.3902,sample,"[1.40184, -1.31245, 1.89207, -2.22722, 4.68144, 0.0]","[-6.3314, -0.02609, 2.17207]",open,
22.15,1786779349.477,sample,"[1.40184, -1.31245, 1.89207, -2.22721, 4.68144, 0.0]","[-6.3314, -0.02609, 2.17207]",open,
22.25,1786779349.567,sample,"[1.40184, -1.31245, 1.89207, -2.22721, 4.68144, 0.0]","[-6.3314, -0.02609, 2.17207]",open,
22.35,1786779349.6652,sample,"[1.40184, -1.31245, 1.89207, -2.2272, 4.68144, 0.0]","[-6.3314, -0.02609, 2.17207]",open,
22.45,1786779349.7652,sample,"[1.40184, -1.31245, 1.89207, -2.2272, 4.68144, 0.0]","[-6.3314, -0.02609, 2.17207]",open,
22.55,1786779349.8721,sample,"[1.38929, -1.31245, 1.89207, -2.22719, 4.68145, -0.0]","[-6.32169, -0.02576, 2.17207]",open,
22.65,1786779349.9821,sample,"[1.36648, -1.31245, 1.89207, -2.22719, 4.68146, -0.0]","[-6.30402, -0.02546, 2.17207]",open,
22.75,1786779350.0988,sample,"[1.35408, -1.31245, 1.89207, -2.22719, 4.68146, 0.0]","[-6.29442, -0.02547, 2.17207]",open,
22.85,1786779350.1925,sample,"[1.34952, -1.31245, 1.89207, -2.22718, 4.68146, 0.0]","[-6.29089, -0.02551, 2.17207]",open,
22.95,1786779350.2871,sample,"[1.34861, -1.31245, 1.89207, -2.22718, 4.68146, 0.0]","[-6.29018, -0.02552, 2.17207]",open,
23.05,1786779350.379,sample,"[1.36323, -1.31245, 1.89207, -2.22718, 4.68146, 0.0]","[-6.3015, -0.02546, 2.17207]",open,
23.15,1786779350.4694,sample,"[1.38757, -1.31245, 1.89207, -2.22718, 4.68145, 0.0]","[-6.32035, -0.02572, 2.17207]",open,
23.25,1786779350.5623,sample,"[1.40891, -1.31245, 1.89207, -2.22717, 4.68145, -0.0]","[-6.33687, -0.02633, 2.17207]",open,
23.35,1786779350.6542,sample,"[1.4171, -1.31245, 1.89207, -2.22717, 4.68145, -0.0]","[-6.34321, -0.02666, 2.17207]",open,
23.45,1786779350.7445,sample,"[1.42011, -1.31245, 1.89207, -2.22717, 4.68145, -0.0]","[-6.34554, -0.0268, 2.17207]",open,
23.55,1786779350.8354,sample,"[1.42122, -1.31245, 1.89207, -2.22716, 4.68145, -0.0]","[-6.34639, -0.02685, 2.17207]",open,
23.65,1786779350.9272,sample,"[1.42821, -1.31245, 1.89207, -2.22716, 4.68145, 0.0]","[-6.35179, -0.02719, 2.17207]",open,
23.75,1786779351.0176,sample,"[1.44722, -1.31245, 1.89207, -2.22716, 4.68145, -0.0]","[-6.36648, -0.02831, 2.17207]",open,
23.85,1786779351.1043,sample,"[1.45648, -1.31245, 1.89207, -2.22716, 4.68145, -0.0]","[-6.37362, -0.02896, 2.17207]",open,
23.95,1786779351.2001,sample,"[1.45988, -1.31245, 1.89207, -2.22715, 4.68145, -0.0]","[-6.37624, -0.02922, 2.17207]",open,
24.05,1786779351.288,sample,"[1.46114, -1.31245, 1.89207, -2.22715, 4.68145, -0.0]","[-6.37721, -0.02931, 2.17207]",open,
24.15,1786779351.3774,sample,"[1.4616, -1.31245, 1.89207, -2.22715, 4.68145, -0.0]","[-6.37756, -0.02935, 2.17207]",open,
24.25,1786779351.4635,sample,"[1.46177, -1.31245, 1.89207, -2.22715, 4.68145, -0.0]","[-6.37769, -0.02936, 2.17207]",open,
24.35,1786779351.5534,sample,"[1.46184, -1.31245, 1.89207, -2.22714, 4.68145, 0.0]","[-6.37775, -0.02937, 2.17206]",open,
24.45,1786779351.6414,sample,"[1.46184, -1.31245, 1.89207, -2.22714, 4.68145, 0.0]","[-6.37775, -0.02937, 2.17206]",open,
24.55,1786779351.7297,sample,"[1.46184, -1.31245, 1.89207, -2.22714, 4.68145, 0.0]","[-6.37775, -0.02937, 2.17206]",open,
24.65,1786779351.8145,sample,"[1.46184, -1.31245, 1.89207, -2.22713, 4.68145, 0.0]","[-6.37775, -0.02937, 2.17206]",open,
24.75,1786779351.9023,sample,"[1.46184, -1.31245, 1.89207, -2.22713, 4.68145, 0.0]","[-6.37775, -0.02937, 2.17206]",open,
24.85,1786779351.9883,sample,"[1.46184, -1.31245, 1.89207, -2.22713, 4.68145, 0.0]","[-6.37775, -0.02937, 2.17206]",open,
24.95,1786779352.0779,sample,"[1.46185, -1.32185, 1.89208, -2.22713, 4.68145, -0.0]","[-6.37796, -0.03123, 2.17916]",open,
25.05,1786779352.1682,sample,"[1.46185, -1.34427, 1.8921, -2.22712, 4.68145, 0.0]","[-6.37848, -0.03594, 2.19604]",open,
25.15,1786779352.2655,sample,"[1.46184, -1.36491, 1.89209, -2.22712, 4.68146, 0.0]","[-6.37898, -0.04059, 2.2115]",open,
25.25,1786779352.3553,sample,"[1.46184, -1.37283, 1.89207, -2.22712, 4.68146, 0.0]","[-6.37918, -0.04246, 2.21742]",open,
25.35,1786779352.44,sample,"[1.46184, -1.37575, 1.89207, -2.22712, 4.68146, 0.0]","[-6.37926, -0.04315, 2.21959]",open,
25.45,1786779352.5279,sample,"[1.46184, -1.37682, 1.89207, -2.22712, 4.68146, 0.0]","[-6.37929, -0.04341, 2.22039]",open,
25.55,1786779352.6181,sample,"[1.46184, -1.37721, 1.89207, -2.22712, 4.68146, 0.0]","[-6.3793, -0.04351, 2.22068]",open,
25.65,1786779352.7039,sample,"[1.46184, -1.37736, 1.89207, -2.22712, 4.68146, 0.0]","[-6.3793, -0.04355, 2.22079]",open,
25.75,1786779352.7902,sample,"[1.46184, -1.37741, 1.89207, -2.22712, 4.68146, 0.0]","[-6.3793, -0.04356, 2.22082]",open,
25.85,1786779352.881,sample,"[1.46184, -1.37744, 1.89622, -2.22712, 4.68146, 0.0]","[-6.37947, -0.04504, 2.21826]",open,
25.95,1786779352.9724,sample,"[1.46184, -1.37745, 1.90908, -2.22712, 4.68146, 0.0]","[-6.37997, -0.04968, 2.21026]",open,
26.05,1786779353.0622,sample,"[1.46184, -1.37745, 1.91414, -2.22712, 4.68146, 0.0]","[-6.38018, -0.05154, 2.20713]",open,
26.15,1786779353.151,sample,"[1.46184, -1.37745, 1.91601, -2.22712, 4.68146, 0.0]","[-6.38025, -0.05223, 2.20598]",open,
26.25,1786779353.2393,sample,"[1.46184, -1.37745, 1.9167, -2.22712, 4.68146, 0.0]","[-6.38028, -0.05249, 2.20556]",open,
26.35,1786779353.3282,sample,"[1.46184, -1.37745, 1.91695, -2.22712, 4.68146, 0.0]","[-6.38029, -0.05258, 2.2054]",open,
26.45,1786779353.413,sample,"[1.46184, -1.37745, 1.91704, -2.22712, 4.68146, 0.0]","[-6.38029, -0.05261, 2.20534]",open,
26.55,1786779353.4963,sample,"[1.46184, -1.37745, 1.91707, -2.22712, 4.68146, 0.0]","[-6.38029, -0.05262, 2.20533]",open,
26.65,1786779353.5895,sample,"[1.46184, -1.37745, 1.91707, -2.22712, 4.68146, 0.0]","[-6.38029, -0.05262, 2.20533]",open,
26.75,1786779353.6778,sample,"[1.46184, -1.37745, 1.91707, -2.22712, 4.68146, 0.0]","[-6.38029, -0.05262, 2.20533]",open,
26.85,1786779353.7661,sample,"[1.46185, -1.38685, 1.91708, -2.22711, 4.68146, 0.0]","[-6.38054, -0.0548, 2.21221]",open,
26.95,1786779353.8509,sample,"[1.46185, -1.40927, 1.9171, -2.22711, 4.68146, 0.0]","[-6.38114, -0.06023, 2.22855]",open,
27.05,1786779353.9402,sample,"[1.46185, -1.43648, 1.91711, -2.22711, 4.68147, 0.0]","[-6.38191, -0.06731, 2.24822]",open,
27.15,1786779354.0255,sample,"[1.46186, -1.46546, 1.91711, -2.2271, 4.68147, 0.0]","[-6.3828, -0.07543, 2.26895]",open,
27.25,1786779354.1153,sample,"[1.46185, -1.49094, 1.9171, -2.2271, 4.68147, 0.0]","[-6.38363, -0.08305, 2.28698]",open,
27.35,1786779354.2011,sample,"[1.46184, -1.50138, 1.91709, -2.2271, 4.68147, 0.0]","[-6.38398, -0.0863, 2.29432]",open,
27.45,1786779354.2889,sample,"[1.46184, -1.50522, 1.91707, -2.2271, 4.68147, 0.0]","[-6.38411, -0.08752, 2.29701]",open,
27.55,1786779354.3777,sample,"[1.46184, -1.50663, 1.91707, -2.2271, 4.68148, 0.0]","[-6.38416, -0.08796, 2.298]",open,
27.65,1786779354.4629,sample,"[1.46184, -1.50715, 1.91783, -2.2271, 4.68148, 0.0]","[-6.38421, -0.08835, 2.29786]",open,
27.75,1786779354.5471,sample,"[1.46184, -1.50735, 1.93308, -2.2271, 4.68148, 0.0]","[-6.3847, -0.09288, 2.28798]",open,
27.85,1786779354.6313,sample,"[1.46184, -1.50741, 1.95548, -2.2271, 4.68148, 0.0]","[-6.38545, -0.09973, 2.27343]",open,
27.95,1786779354.7155,sample,"[1.46184, -1.50745, 1.96599, -2.2271, 4.68148, 0.0]","[-6.38581, -0.10306, 2.26666]",open,
28.05,1786779354.8014,sample,"[1.46184, -1.50745, 1.96985, -2.2271, 4.68148, 0.0]","[-6.38595, -0.1043, 2.26418]",open,
28.15,1786779354.8866,sample,"[1.46184, -1.50745, 1.97127, -2.2271, 4.68148, 0.0]","[-6.386, -0.10475, 2.26327]",open,
28.25,1786779354.9755,sample,"[1.46184, -1.50745, 1.97179, -2.2271, 4.68148, 0.0]","[-6.38602, -0.10492, 2.26293]",open,
28.35,1786779355.0623,sample,"[1.46184, -1.50745, 1.97198, -2.2271, 4.68148, 0.0]","[-6.38602, -0.10498, 2.26281]",open,
28.45,1786779355.1466,sample,"[1.46184, -1.50745, 1.97206, -2.2271, 4.68148, 0.0]","[-6.38603, -0.10501, 2.26276]",open,
28.55,1786779355.2349,sample,"[1.46184, -1.50745, 1.97207, -2.2271, 4.68148, 0.0]","[-6.38603, -0.10501, 2.26275]",open,
28.65,1786779355.3187,sample,"[1.46184, -1.50745, 1.97207, -2.2271, 4.68148, 0.0]","[-6.38603, -0.10501, 2.26275]",open,
28.75,1786779355.4138,sample,"[1.46184, -1.50745, 1.97207, -2.2271, 4.68148, 0.0]","[-6.38603, -0.10501, 2.26275]",open,
28.85,1786779355.4941,sample,"[1.46184, -1.50745, 1.97207, -2.2271, 4.68148, 0.0]","[-6.38603, -0.10501, 2.26275]",open,
28.95,1786779355.583,sample,"[1.46185, -1.51403, 1.97208, -2.2271, 4.68148, 0.0]","[-6.38624, -0.1069, 2.26722]",open,
29.05,1786779355.6694,sample,"[1.46185, -1.53508, 1.9721, -2.2271, 4.68148, 0.0]","[-6.38693, -0.11313, 2.28145]",open,
29.15,1786779355.7536,sample,"[1.46186, -1.56179, 1.97211, -2.2271, 4.68148, 0.0]","[-6.38784, -0.12146, 2.29931]",open,
29.25,1786779355.8379,sample,"[1.46186, -1.59058, 1.97211, -2.22709, 4.68148, 0.0]","[-6.38888, -0.13096, 2.31832]",open,
29.35,1786779355.9267,sample,"[1.46186, -1.6177, 1.97211, -2.22709, 4.68148, 0.0]","[-6.38991, -0.14041, 2.33597]",open,
29.45,1786779356.0085,sample,"[1.46186, -1.64592, 1.97211, -2.22709, 4.68148, 0.0]","[-6.39104, -0.15074, 2.35405]",open,
29.55,1786779356.0993,sample,"[1.46186, -1.6745, 1.97211, -2.22709, 4.68148, 0.0]","[-6.39224, -0.16171, 2.37206]",open,
29.65,1786779356.183,sample,"[1.46187, -1.68902, 1.9721, -2.22709, 4.68148, 0.0]","[-6.39288, -0.16748, 2.38109]",open,
29.75,1786779356.2639,sample,"[1.46187, -1.69436, 1.97209, -2.22709, 4.68148, 0.0]","[-6.39312, -0.16963, 2.3844]",open,
29.85,1786779356.3455,sample,"[1.46188, -1.69632, 1.97208, -2.22709, 4.68148, 0.0]","[-6.39321, -0.17043, 2.38561]",open,
29.95,1786779356.4332,sample,"[1.46188, -1.69705, 1.97207, -2.22709, 4.68148, 0.0]","[-6.39324, -0.17072, 2.38606]",open,
30.05,1786779356.5231,sample,"[1.46189, -1.69731, 1.97207, -2.22709, 4.68148, 0.0]","[-6.39326, -0.17083, 2.38623]",open,
30.15,1786779356.6109,sample,"[1.46189, -1.6974, 1.97207, -2.22709, 4.68148, 0.0]","[-6.39326, -0.17087, 2.38628]",open,
30.25,1786779356.7057,sample,"[1.4619, -1.69745, 1.96794, -2.22709, 4.68148, 0.0]","[-6.39318, -0.17008, 2.38917]",open,
30.35,1786779356.7935,sample,"[1.4619, -1.69747, 1.94853, -2.22709, 4.68148, 0.0]","[-6.39279, -0.16646, 2.40268]",open,
30.45,1786779356.8843,sample,"[1.46191, -1.69747, 1.92242, -2.22709, 4.68148, 0.0]","[-6.3923, -0.16199, 2.42094]",open,
30.55,1786779356.9735,sample,"[1.46191, -1.69747, 1.89385, -2.22709, 4.68148, 0.0]","[-6.39183, -0.15765, 2.44105]",open,
30.65,1786779357.0694,sample,"[1.46192, -1.69529, 1.86437, -2.22709, 4.68147, 0.0]","[-6.3913, -0.15272, 2.46054]",open,
30.75,1786779357.1587,sample,"[1.46191, -1.67779, 1.8387, -2.22709, 4.68147, 0.0]","[-6.39003, -0.14116, 2.46757]",open,
30.85,1786779357.2439,sample,"[1.4619, -1.65238, 1.8282, -2.22709, 4.68147, 0.0]","[-6.38854, -0.12759, 2.45845]",open,
30.95,1786779357.3313,sample,"[1.4619, -1.62406, 1.82434, -2.22709, 4.68146, 0.0]","[-6.38703, -0.11374, 2.44233]",open,
31.05,1786779357.4215,sample,"[1.46191, -1.59467, 1.82292, -2.22709, 4.68146, 0.0]","[-6.38555, -0.1002, 2.42336]",open,
31.15,1786779357.5099,sample,"[1.46191, -1.5649, 1.8224, -2.22709, 4.68146, 0.0]","[-6.38412, -0.08719, 2.40309]",open,
31.25,1786779357.6022,sample,"[1.46191, -1.53498, 1.8222, -2.22709, 4.68146, 0.0]","[-6.38277, -0.07479, 2.38211]",open,
31.35,1786779357.6975,sample,"[1.46191, -1.50501, 1.82214, -2.22709, 4.68146, 0.0]","[-6.38148, -0.06302, 2.36063]",open,
31.45,1786779357.7913,sample,"[1.46191, -1.47501, 1.81993, -2.22709, 4.68146, 0.0]","[-6.38021, -0.05136, 2.34025]",open,
31.55,1786779357.8795,sample,"[1.46191, -1.44501, 1.80242, -2.22709, 4.68146, 0.0]","[-6.37856, -0.03632, 2.32979]",open,
31.65,1786779357.9694,sample,"[1.46191, -1.41501, 1.77701, -2.22709, 4.68146, 0.0]","[-6.37672, -0.01942, 2.32412]",open,
31.75,1786779358.0575,sample,"[1.46191, -1.38501, 1.7487, -2.22709, 4.68146, 0.0]","[-6.3748, -0.00187, 2.31986]",open,
31.85,1786779358.1469,sample,"[1.46191, -1.35501, 1.71932, -2.22709, 4.68146, 0.0]","[-6.37286, 0.01586, 2.31578]",open,
31.95,1786779358.2376,sample,"[1.4619, -1.32719, 1.69613, -2.22709, 4.68146, 0.0]","[-6.37118, 0.03114, 2.3088]",open,
32.05,1786779358.3229,sample,"[1.46188, -1.31469, 1.68726, -2.22709, 4.68146, 0.0]","[-6.37047, 0.03756, 2.30447]",open,
32.15,1786779358.4186,sample,"[1.46187, -1.31009, 1.684, -2.22709, 4.68147, 0.0]","[-6.3702, 0.03992, 2.30286]",open,
32.25,1786779358.516,sample,"[1.46186, -1.3084, 1.68279, -2.22709, 4.68147, 0.0]","[-6.3701, 0.04078, 2.30226]",open,
32.35,1786779358.6124,sample,"[1.46185, -1.30778, 1.68235, -2.22709, 4.68147, 0.0]","[-6.37005, 0.0411, 2.30205]",open,
32.45,1786779358.7076,sample,"[1.46184, -1.31168, 1.6822, -2.22709, 4.68147, 0.0]","[-6.37018, 0.03987, 2.30538]",open,
32.55,1786779358.7974,sample,"[1.46185, -1.33102, 1.68213, -2.22709, 4.68147, 0.0]","[-6.37089, 0.03342, 2.32136]",open,
32.65,1786779358.8846,sample,"[1.46185, -1.35711, 1.68211, -2.22709, 4.68148, 0.0]","[-6.3719, 0.02421, 2.34267]",open,
32.75,1786779358.9689,sample,"[1.46185, -1.38567, 1.6821, -2.22709, 4.68148, 0.0]","[-6.37308, 0.0135, 2.36569]",open,
32.85,1786779359.0566,sample,"[1.46185, -1.40857, 1.68209, -2.22709, 4.68148, 0.0]","[-6.37406, 0.00444, 2.38394]",open,
32.95,1786779359.1489,sample,"[1.46185, -1.41319, 1.68207, -2.22709, 4.68148, 0.0]","[-6.37427, 0.00257, 2.3876]",open,
33.05,1786779359.2369,sample,"[1.46186, -1.39698, 1.68209, -2.22709, 4.68148, 0.0]","[-6.37356, 0.00908, 2.37474]",open,
33.15,1786779359.3261,sample,"[1.46186, -1.37205, 1.6821, -2.22709, 4.68148, 0.0]","[-6.37252, 0.01869, 2.35476]",open,
33.25,1786779359.414,sample,"[1.46187, -1.34392, 1.6821, -2.22709, 4.68148, 0.0]","[-6.3714, 0.02894, 2.33194]",open,
33.35,1786779359.5014,sample,"[1.46187, -1.3146, 1.6821, -2.22709, 4.68148, 0.0]","[-6.37031, 0.03894, 2.30786]",open,
33.45,1786779359.5922,sample,"[1.46187, -1.28485, 1.6821, -2.22709, 4.68148, 0.0]","[-6.36928, 0.04836, 2.28313]",open,
33.55,1786779359.6854,sample,"[1.46187, -1.25495, 1.6821, -2.22709, 4.68148, 0.0]","[-6.36832, 0.05709, 2.258]",open,
33.65,1786779359.7813,sample,"[1.46186, -1.22498, 1.6821, -2.22709, 4.68148, 0.0]","[-6.36744, 0.06509, 2.23257]",open,
33.75,1786779359.8755,sample,"[1.46185, -1.20439, 1.68209, -2.22709, 4.68148, 0.0]","[-6.36688, 0.07015, 2.21497]",open,
33.85,1786779359.9649,sample,"[1.46184, -1.19681, 1.68208, -2.22709, 4.68148, 0.0]","[-6.36667, 0.07193, 2.20847]",open,
33.95,1786779360.0542,sample,"[1.46184, -1.19403, 1.68207, -2.22709, 4.68148, 0.0]","[-6.3666, 0.07257, 2.20608]",open,
34.05,1786779360.1454,sample,"[1.46402, -1.19301, 1.68207, -2.22709, 4.68148, 0.0]","[-6.36848, 0.07265, 2.20521]",open,
34.15,1786779360.2298,sample,"[1.48154, -1.19262, 1.68207, -2.22709, 4.68148, 0.0]","[-6.38375, 0.07141, 2.20487]",open,
34.25,1786779360.3175,sample,"[1.50695, -1.19249, 1.68207, -2.22709, 4.68147, 0.0]","[-6.40586, 0.06903, 2.20476]",open,
34.35,1786779360.4043,sample,"[1.53308, -1.19245, 1.68207, -2.22709, 4.68147, -0.0]","[-6.42853, 0.06597, 2.20473]",open,
34.45,1786779360.488,sample,"[1.54496, -1.19245, 1.68207, -2.22709, 4.68147, -0.0]","[-6.43881, 0.06439, 2.20472]",open,
34.55,1786779360.5738,sample,"[1.54933, -1.19244, 1.68207, -2.22709, 4.68147, -0.0]","[-6.44258, 0.06377, 2.20472]",open,
34.65,1786779360.6622,sample,"[1.55093, -1.19244, 1.68207, -2.22709, 4.68147, 0.0]","[-6.44397, 0.06354, 2.20472]",open,
34.75,1786779360.746,sample,"[1.55152, -1.19244, 1.68207, -2.22709, 4.68147, 0.0]","[-6.44448, 0.06346, 2.20472]",open,
34.85,1786779360.8323,sample,"[1.55175, -1.19243, 1.68207, -2.22709, 4.68147, 0.0]","[-6.44467, 0.06343, 2.20471]",open,
34.95,1786779360.9171,sample,"[1.55182, -1.19243, 1.68207, -2.22709, 4.68147, 0.0]","[-6.44474, 0.06342, 2.20471]",open,
35.05,1786779361.0024,sample,"[1.55184, -1.19243, 1.68207, -2.22709, 4.68147, 0.0]","[-6.44475, 0.06342, 2.20471]",open,
35.15,1786779361.0877,sample,"[1.55184, -1.19243, 1.68207, -2.22709, 4.68147, 0.0]","[-6.44475, 0.06342, 2.20471]",open,
35.25,1786779361.176,sample,"[1.55184, -1.19243, 1.68207, -2.22709, 4.68147, 0.0]","[-6.44475, 0.06342, 2.20471]",open,
35.35,1786779361.2638,sample,"[1.55261, -1.19242, 1.68207, -2.22709, 4.68147, 0.0]","[-6.44541, 0.0633, 2.20471]",open,
35.45,1786779361.3522,sample,"[1.56568, -1.19242, 1.68207, -2.22709, 4.68147, 0.0]","[-6.45669, 0.06133, 2.2047]",open,
35.55,1786779361.4439,sample,"[1.57275, -1.19242, 1.68207, -2.22709, 4.68147, -0.0]","[-6.46277, 0.0602, 2.2047]",open,
35.65,1786779361.5313,sample,"[1.57535, -1.19242, 1.68207, -2.22709, 4.68147, 0.0]","[-6.46501, 0.05977, 2.2047]",open,
35.75,1786779361.6277,sample,"[1.57631, -1.19242, 1.68207, -2.22709, 4.68147, 0.0]","[-6.46583, 0.05962, 2.2047]",open,
35.85,1786779361.724,sample,"[1.57667, -1.19242, 1.68207, -2.22709, 4.68147, 0.0]","[-6.46614, 0.05956, 2.2047]",open,
35.95,1786779361.8199,sample,"[1.57679, -1.19242, 1.68207, -2.21773, 4.68147, 0.0]","[-6.46624, 0.05886, 2.20349]",open,
36.05,1786779361.9106,sample,"[1.57684, -1.19242, 1.68207, -2.20192, 4.68147, 0.0]","[-6.46628, 0.05768, 2.20147]",open,
36.15,1786779361.999,sample,"[1.57684, -1.19242, 1.68207, -2.19576, 4.68147, 0.0]","[-6.46627, 0.05722, 2.20068]",open,
36.25,1786779362.0869,sample,"[1.57684, -1.19242, 1.68207, -2.1935, 4.68147, 0.0]","[-6.46627, 0.05705, 2.2004]",open,
36.35,1786779362.1786,sample,"[1.57684, -1.19242, 1.68207, -2.19266, 4.68147, 0.0]","[-6.46627, 0.05698, 2.20029]",open,
36.45,1786779362.2715,sample,"[1.57684, -1.19242, 1.68207, -2.19018, 4.68147, 0.0]","[-6.46627, 0.05679, 2.19998]",open,
36.55,1786779362.3608,sample,"[1.57684, -1.19242, 1.68207, -2.1767, 4.68148, 0.0]","[-6.46626, 0.05575, 2.19828]",open,
36.65,1786779362.449,sample,"[1.57684, -1.19243, 1.68207, -2.17068, 4.68148, 0.0]","[-6.46626, 0.05528, 2.19752]",open,
36.75,1786779362.5439,sample,"[1.57684, -1.19243, 1.68207, -2.16847, 4.68148, 0.0]","[-6.46626, 0.05511, 2.19725]",open,
36.85,1786779362.6322,sample,"[1.58942, -1.19243, 1.68207, -2.16765, 4.68147, 0.0]","[-6.477, 0.05288, 2.19715]",open,
36.95,1786779362.7301,sample,"[1.61083, -1.19243, 1.68207, -2.16736, 4.68147, -0.0]","[-6.49522, 0.04887, 2.19711]",open,
37.05,1786779362.8179,sample,"[1.62097, -1.19243, 1.68207, -2.16726, 4.68147, -0.0]","[-6.50382, 0.04684, 2.1971]",open,
37.15,1786779362.9021,sample,"[1.6247, -1.19243, 1.68207, -2.16725, 4.68147, -0.0]","[-6.50698, 0.04608, 2.1971]",open,
37.25,1786779362.9864,sample,"[1.62607, -1.19243, 1.68207, -2.16725, 4.68147, -0.0]","[-6.50814, 0.04579, 2.1971]",open,
37.35,1786779363.0741,sample,"[1.62658, -1.19243, 1.68207, -2.16724, 4.68147, 0.0]","[-6.50856, 0.04568, 2.1971]",open,
37.45,1786779363.1595,sample,"[1.62676, -1.19243, 1.68207, -2.16723, 4.68147, 0.0]","[-6.50872, 0.04565, 2.19709]",open,
37.55,1786779363.2459,sample,"[1.62683, -1.19243, 1.68207, -2.16723, 4.68147, 0.0]","[-6.50878, 0.04563, 2.19709]",open,
37.65,1786779363.3307,sample,"[1.62684, -1.19243, 1.68207, -2.16722, 4.68147, 0.0]","[-6.50879, 0.04563, 2.19709]",open,
37.75,1786779363.417,sample,"[1.62684, -1.19243, 1.68207, -2.16722, 4.68147, 0.0]","[-6.50879, 0.04563, 2.19709]",open,
37.85,1786779363.5012,sample,"[1.62684, -1.19243, 1.68207, -2.16721, 4.68147, 0.0]","[-6.50878, 0.04563, 2.19709]",open,
37.95,1786779363.5885,sample,"[1.62684, -1.19243, 1.68207, -2.16721, 4.68147, 0.0]","[-6.50878, 0.04563, 2.19709]",open,
38.05,1786779363.6809,sample,"[1.62684, -1.19243, 1.68207, -2.1672, 4.68147, 0.0]","[-6.50878, 0.04563, 2.19709]",open,
38.15,1786779363.7747,sample,"[1.62684, -1.19243, 1.68207, -2.1672, 4.68147, 0.0]","[-6.50879, 0.04563, 2.19709]",open,
38.25,1786779363.8604,sample,"[1.6227, -1.19243, 1.68207, -2.16719, 4.68148, -0.0]","[-6.50529, 0.04648, 2.19709]",open,
38.35,1786779363.9444,sample,"[1.60744, -1.19243, 1.68207, -2.16719, 4.68148, 0.0]","[-6.49234, 0.04952, 2.19709]",open,
38.45,1786779364.0307,sample,"[1.60076, -1.19243, 1.68207, -2.16719, 4.68148, 0.0]","[-6.48666, 0.05078, 2.19709]",open,
38.55,1786779364.1159,sample,"[1.5983, -1.19243, 1.68207, -2.16718, 4.68148, 0.0]","[-6.48457, 0.05124, 2.19709]",open,
38.65,1786779364.2023,sample,"[1.59739, -1.19243, 1.68207, -2.16718, 4.68148, 0.0]","[-6.4838, 0.05141, 2.19709]",open,
38.75,1786779364.2895,sample,"[1.59706, -1.19243, 1.68207, -2.16718, 4.68148, 0.0]","[-6.48352, 0.05147, 2.19709]",open,
38.85,1786779364.385,sample,"[1.59694, -1.18585, 1.68208, -2.16717, 4.68148, 0.0]","[-6.48345, 0.05291, 2.19144]",open,
38.95,1786779364.4744,sample,"[1.59691, -1.16894, 1.68209, -2.16717, 4.68148, 0.0]","[-6.48351, 0.05642, 2.17691]",open,
39.05,1786779364.5657,sample,"[1.59689, -1.16165, 1.68208, -2.16717, 4.68148, 0.0]","[-6.48354, 0.05786, 2.17064]",open,
39.15,1786779364.6515,sample,"[1.59687, -1.15897, 1.68207, -2.16717, 4.68148, 0.0]","[-6.48354, 0.05838, 2.16833]",open,
39.25,1786779364.7388,sample,"[1.59686, -1.15798, 1.68207, -2.16716, 4.68148, -0.0]","[-6.48353, 0.05858, 2.16748]",open,
39.35,1786779364.8302,sample,"[1.59685, -1.15763, 1.68207, -2.16716, 4.68148, 0.0]","[-6.48352, 0.05865, 2.16717]",open,
39.45,1786779364.9179,sample,"[1.59684, -1.15749, 1.68207, -2.16716, 4.68148, -0.0]","[-6.48351, 0.05867, 2.16705]",open,
39.55,1786779365.0059,sample,"[1.59684, -1.15745, 1.68207, -2.16716, 4.68148, 0.0]","[-6.48351, 0.05868, 2.16702]",open,
39.65,1786779365.0941,sample,"[1.59684, -1.15745, 1.68207, -2.16715, 4.68148, -0.0]","[-6.48351, 0.05868, 2.16701]",open,
39.75,1786779365.1885,sample,"[1.59684, -1.15745, 1.68207, -2.16715, 4.68148, -0.0]","[-6.48351, 0.05868, 2.16701]",open,
39.85,1786779365.2753,sample,"[1.59684, -1.15744, 1.68207, -2.16715, 4.68148, 0.0]","[-6.48351, 0.05868, 2.16701]",open,
39.95,1786779365.3666,sample,"[1.59684, -1.15744, 1.68207, -2.16714, 4.68148, 0.0]","[-6.48351, 0.05868, 2.16701]",open,
40.05,1786779365.4569,sample,"[1.59684, -1.15744, 1.68207, -2.16714, 4.68148, 0.0]","[-6.48351, 0.05868, 2.16701]",open,
40.15,1786779365.5441,sample,"[1.59684, -1.15744, 1.68207, -2.16714, 4.68148, 0.0]","[-6.48351, 0.05868, 2.16701]",open,
40.25,1786779365.6325,sample,"[1.59684, -1.15744, 1.68207, -2.16714, 4.68148, 0.0]","[-6.48351, 0.05868, 2.16701]",open,
40.35,1786779365.7413,sample,"[1.59684, -1.15744, 1.68207, -2.16714, 4.68148, 0.0]","[-6.48351, 0.05868, 2.16701]",closed,pkg_000
40.45,1786779365.8783,sample,"[1.59684, -1.15743, 1.68207, -2.16714, 4.68149, 0.0]","[-6.48352, 0.05868, 2.16699]",closed,pkg_000
40.55,1786779365.9745,sample,"[1.59685, -1.15742, 1.68208, -2.16714, 4.68149, 0.0]","[-6.48352, 0.05868, 2.16698]",closed,pkg_000
40.65,1786779366.066,sample,"[1.59684, -1.15741, 1.68208, -2.16713, 4.68149, 0.0]","[-6.48352, 0.05868, 2.16697]",closed,pkg_000
40.75,1786779366.1569,sample,"[1.59684, -1.15741, 1.68209, -2.16713, 4.6815, 0.0]","[-6.48352, 0.05868, 2.16696]",closed,pkg_000
40.85,1786779366.2482,sample,"[1.59684, -1.1574, 1.68209, -2.16713, 4.6815, 0.0]","[-6.48352, 0.05868, 2.16696]",closed,pkg_000
40.95,1786779366.344,sample,"[1.59685, -1.1668, 1.68212, -2.16713, 4.6815, 0.0]","[-6.48348, 0.05684, 2.17504]",closed,pkg_000
41.05,1786779366.4323,sample,"[1.59686, -1.18922, 1.68213, -2.16713, 4.6815, 0.0]","[-6.48336, 0.05218, 2.19429]",closed,pkg_000
41.15,1786779366.521,sample,"[1.59688, -1.21643, 1.68213, -2.16712, 4.68145, 0.0]","[-6.48321, 0.04594, 2.21752]",closed,pkg_000
41.25,1786779366.6099,sample,"[1.59687, -1.24541, 1.68211, -2.16712, 4.68145, 0.0]","[-6.48302, 0.03862, 2.24208]",closed,pkg_000
41.35,1786779366.6984,sample,"[1.59686, -1.27504, 1.68211, -2.16712, 4.68142, 0.0]","[-6.48279, 0.0304, 2.26694]",closed,pkg_000
41.45,1786779366.7824,sample,"[1.59687, -1.3049, 1.68211, -2.16712, 4.68145, 0.0]","[-6.48256, 0.02137, 2.29173]",closed,pkg_000
41.55,1786779366.875,sample,"[1.59686, -1.33485, 1.68211, -2.16711, 4.68146, 0.0]","[-6.48231, 0.01157, 2.31632]",closed,pkg_000
41.65,1786779366.9683,sample,"[1.59686, -1.36483, 1.68211, -2.16711, 4.68146, 0.0]","[-6.48203, 0.00103, 2.34063]",closed,pkg_000
41.75,1786779367.0645,sample,"[1.59685, -1.39482, 1.68211, -2.16711, 4.68146, 0.0]","[-6.48173, -0.01023, 2.36463]",closed,pkg_000
41.85,1786779367.1549,sample,"[1.59685, -1.42482, 1.68211, -2.16711, 4.68147, 0.0]","[-6.48142, -0.02222, 2.38827]",closed,pkg_000
41.95,1786779367.2493,sample,"[1.59686, -1.45482, 1.68211, -2.1671, 4.68147, 0.0]","[-6.48109, -0.03491, 2.41155]",closed,pkg_000
42.05,1786779367.3424,sample,"[1.59686, -1.48482, 1.68211, -2.1671, 4.68147, 0.0]","[-6.48074, -0.04829, 2.43444]",closed,pkg_000
42.15,1786779367.4353,sample,"[1.59686, -1.51482, 1.68211, -2.1671, 4.68147, 0.0]","[-6.48037, -0.06235, 2.45691]",closed,pkg_000
42.25,1786779367.5273,sample,"[1.59686, -1.54482, 1.68211, -2.16709, 4.68147, 0.0]","[-6.47999, -0.07708, 2.47896]",closed,pkg_000
42.35,1786779367.6221,sample,"[1.59686, -1.57482, 1.68211, -2.16709, 4.68147, 0.0]","[-6.47959, -0.09247, 2.50055]",closed,pkg_000
42.45,1786779367.7225,sample,"[1.59686, -1.60483, 1.68211, -2.16709, 4.68147, 0.0]","[-6.47917, -0.10849, 2.52167]",closed,pkg_000
42.55,1786779367.8123,sample,"[1.59686, -1.63483, 1.68211, -2.16709, 4.68146, 0.0]","[-6.47874, -0.12514, 2.5423]",closed,pkg_000
42.65,1786779367.908,sample,"[1.59686, -1.66483, 1.68211, -2.16709, 4.68146, 0.0]","[-6.47829, -0.14241, 2.56243]",closed,pkg_000
42.75,1786779368.013,sample,"[1.59687, -1.69484, 1.68211, -2.16709, 4.68146, 0.0]","[-6.47783, -0.16026, 2.58202]",closed,pkg_000
42.85,1786779368.0986,sample,"[1.59687, -1.72484, 1.68211, -2.16709, 4.68146, 0.0]","[-6.47735, -0.1787, 2.60107]",closed,pkg_000
42.95,1786779368.1894,sample,"[1.59687, -1.75484, 1.68211, -2.16709, 4.68145, 0.0]","[-6.47685, -0.1977, 2.61956]",closed,pkg_000
43.05,1786779368.3872,sample,"[1.59687, -1.78484, 1.68211, -2.16709, 4.68145, 0.0]","[-6.47634, -0.21725, 2.63747]",closed,pkg_000
43.15,1786779368.4799,sample,"[1.59687, -1.81485, 1.68211, -2.16709, 4.68145, 0.0]","[-6.47582, -0.23733, 2.65479]",closed,pkg_000
43.25,1786779368.5691,sample,"[1.59687, -1.84485, 1.68211, -2.16709, 4.68144, 0.0]","[-6.47528, -0.25791, 2.6715]",closed,pkg_000
43.35,1786779368.6589,sample,"[1.59688, -1.87485, 1.68211, -2.16709, 4.68144, 0.0]","[-6.47473, -0.27899, 2.68758]",closed,pkg_000
43.45,1786779368.7523,sample,"[1.59688, -1.90486, 1.68211, -2.16709, 4.68143, 0.0]","[-6.47417, -0.30054, 2.70302]",closed,pkg_000
43.55,1786779368.8431,sample,"[1.59689, -1.93486, 1.68211, -2.16709, 4.68142, 0.0]","[-6.4736, -0.32255, 2.71781]",closed,pkg_000
43.65,1786779368.928,sample,"[1.59693, -1.95547, 1.6821, -2.16709, 4.68141, 0.0]","[-6.47322, -0.33792, 2.72758]",closed,pkg_000
43.75,1786779369.0203,sample,"[1.59693, -1.96305, 1.68211, -2.16709, 4.6814, 0.0]","[-6.47307, -0.34362, 2.73109]",closed,pkg_000
43.85,1786779369.1047,sample,"[1.59693, -1.96583, 1.68212, -2.16709, 4.6814, 0.0]","[-6.47301, -0.34572, 2.73237]",closed,pkg_000
43.95,1786779369.1874,sample,"[1.60949, -1.96686, 1.68212, -2.16709, 4.68139, 0.0]","[-6.47867, -0.3487, 2.73283]",closed,pkg_000
44.05,1786779369.2689,sample,"[1.63307, -1.96723, 1.68212, -2.16709, 4.68139, 0.0]","[-6.48925, -0.35333, 2.733]",closed,pkg_000
44.15,1786779369.3513,sample,"[1.65414, -1.96737, 1.68212, -2.16709, 4.68139, 0.0]","[-6.49861, -0.35752, 2.73307]",closed,pkg_000
44.25,1786779369.4357,sample,"[1.66222, -1.96742, 1.68212, -2.16709, 4.68138, 0.0]","[-6.50217, -0.35917, 2.73309]",closed,pkg_000
44.35,1786779369.5191,sample,"[1.65264, -1.96745, 1.68212, -2.16709, 4.68138, 0.0]","[-6.49794, -0.35728, 2.7331]",closed,pkg_000
44.45,1786779369.6056,sample,"[1.63091, -1.96745, 1.68212, -2.16709, 4.68138, 0.0]","[-6.48827, -0.35308, 2.7331]",closed,pkg_000
44.55,1786779369.6906,sample,"[1.63147, -1.96745, 1.68213, -2.16709, 4.68138, 0.0]","[-6.48852, -0.35319, 2.7331]",closed,pkg_000
44.65,1786779369.7735,sample,"[1.65064, -1.96745, 1.68213, -2.16709, 4.68139, 0.0]","[-6.49705, -0.35689, 2.7331]",closed,pkg_000
44.75,1786779369.8553,sample,"[1.67666, -1.96745, 1.68213, -2.16709, 4.68139, 0.0]","[-6.50851, -0.36216, 2.7331]",closed,pkg_000
44.85,1786779369.936,sample,"[1.70519, -1.96746, 1.68213, -2.16709, 4.68139, 0.0]","[-6.52092, -0.36829, 2.7331]",closed,pkg_000
44.95,1786779370.0195,sample,"[1.73465, -1.96746, 1.68213, -2.16709, 4.68139, 0.0]","[-6.53354, -0.37498, 2.7331]",closed,pkg_000
45.05,1786779370.1114,sample,"[1.76445, -1.96746, 1.68213, -2.16709, 4.68139, 0.0]","[-6.5461, -0.38213, 2.7331]",closed,pkg_000
45.15,1786779370.2022,sample,"[1.79438, -1.96746, 1.68213, -2.16709, 4.68139, 0.0]","[-6.5585, -0.38968, 2.7331]",closed,pkg_000
45.25,1786779370.294,sample,"[1.82436, -1.96746, 1.68213, -2.16709, 4.68139, 0.0]","[-6.57068, -0.39761, 2.7331]",closed,pkg_000
45.35,1786779370.3833,sample,"[1.85435, -1.96746, 1.68213, -2.16709, 4.68139, 0.0]","[-6.58262, -0.40591, 2.7331]",closed,pkg_000
45.45,1786779370.4795,sample,"[1.88434, -1.96746, 1.68213, -2.16709, 4.68139, 0.0]","[-6.59431, -0.41457, 2.7331]",closed,pkg_000
45.55,1786779370.5808,sample,"[1.91433, -1.96963, 1.68213, -2.16709, 4.68139, 0.0]","[-6.60518, -0.42511, 2.73409]",closed,pkg_000
45.65,1786779370.6641,sample,"[1.94433, -1.98713, 1.68212, -2.16709, 4.68139, 0.0]","[-6.61143, -0.44684, 2.74196]",closed,pkg_000
45.75,1786779370.7489,sample,"[1.97434, -2.01254, 1.68211, -2.16709, 4.68139, 0.0]","[-6.61419, -0.47435, 2.75296]",closed,pkg_000
45.85,1786779370.8323,sample,"[2.00434, -2.04086, 1.6821, -2.16709, 4.68139, 0.0]","[-6.61452, -0.50402, 2.76463]",closed,pkg_000
45.95,1786779370.9167,sample,"[2.03435, -2.07024, 1.6821, -2.16709, 4.68139, 0.0]","[-6.61283, -0.53445, 2.77606]",closed,pkg_000
46.05,1786779371.0025,sample,"[2.06437, -2.09062, 1.68209, -2.16709, 4.68139, 0.0]","[-6.61291, -0.55838, 2.78359]",closed,pkg_000
46.15,1786779371.0922,sample,"[2.09437, -2.09812, 1.6821, -2.16709, 4.68139, 0.0]","[-6.61698, -0.57312, 2.78627]",closed,pkg_000
46.25,1786779371.1846,sample,"[2.12436, -2.10088, 1.6821, -2.16709, 4.68139, 0.0]","[-6.62247, -0.58462, 2.78725]",closed,pkg_000
46.35,1786779371.2664,sample,"[2.15436, -2.10189, 1.6821, -2.16709, 4.68139, 0.0]","[-6.62834, -0.59507, 2.7876]",closed,pkg_000
46.45,1786779371.3549,sample,"[2.18436, -2.10226, 1.68211, -2.16709, 4.6814, 0.0]","[-6.63416, -0.60526, 2.78773]",closed,pkg_000
46.55,1786779371.4413,sample,"[2.21436, -2.10238, 1.68211, -2.16709, 4.6814, 0.0]","[-6.6398, -0.61545, 2.78777]",closed,pkg_000
46.65,1786779371.5276,sample,"[2.24436, -2.10245, 1.68211, -2.16709, 4.6814, 0.0]","[-6.64515, -0.62577, 2.78779]",closed,pkg_000
46.75,1786779371.6132,sample,"[2.27436, -2.1025, 1.68211, -2.16709, 4.6814, 0.0]","[-6.65019, -0.63623, 2.78781]",closed,pkg_000
46.85,1786779371.6985,sample,"[2.30436, -2.1025, 1.68211, -2.16709, 4.6814, 0.0]","[-6.65494, -0.64681, 2.78781]",closed,pkg_000
46.95,1786779371.7839,sample,"[2.33436, -2.1025, 1.68211, -2.16709, 4.6814, 0.0]","[-6.65938, -0.65753, 2.78781]",closed,pkg_000
47.05,1786779371.8697,sample,"[2.36436, -2.1025, 1.68211, -2.16709, 4.6814, 0.0]","[-6.66349, -0.66837, 2.78781]",closed,pkg_000
47.15,1786779371.9594,sample,"[2.39436, -2.10251, 1.68211, -2.16709, 4.6814, 0.0]","[-6.66727, -0.67933, 2.78781]",closed,pkg_000
47.25,1786779372.0422,sample,"[2.42436, -2.10251, 1.68211, -2.16709, 4.6814, 0.0]","[-6.67073, -0.69041, 2.78781]",closed,pkg_000
47.35,1786779372.1309,sample,"[2.45436, -2.1025, 1.68211, -2.16709, 4.6814, 0.0]","[-6.67385, -0.70157, 2.78781]",closed,pkg_000
47.45,1786779372.2247,sample,"[2.48436, -2.1025, 1.68211, -2.16709, 4.6814, 0.0]","[-6.67663, -0.71283, 2.78781]",closed,pkg_000
47.55,1786779372.3101,sample,"[2.51437, -2.10248, 1.69466, -2.16709, 4.68139, 0.0]","[-6.68193, -0.7221, 2.77948]",closed,pkg_000
47.65,1786779372.3974,sample,"[2.54437, -2.10247, 1.71825, -2.16709, 4.68139, 0.0]","[-6.68931, -0.73004, 2.76371]",closed,pkg_000
47.75,1786779372.4834,sample,"[2.57437, -2.10247, 1.74589, -2.16709, 4.68138, 0.0]","[-6.69707, -0.73804, 2.74505]",closed,pkg_000
47.85,1786779372.5666,sample,"[2.60437, -2.10249, 1.77089, -2.16709, 4.68139, 0.0]","[-6.70372, -0.74701, 2.72802]",closed,pkg_000
47.95,1786779372.6513,sample,"[2.63436, -2.1025, 1.78115, -2.16709, 4.68139, 0.0]","[-6.7071, -0.75805, 2.72099]",closed,pkg_000
48.05,1786779372.7354,sample,"[2.66437, -2.1025, 1.78492, -2.16709, 4.68139, 0.0]","[-6.70889, -0.76991, 2.7184]",closed,pkg_000
48.15,1786779372.8288,sample,"[2.69438, -2.09309, 1.7863, -2.16709, 4.68139, 0.0]","[-6.71614, -0.77906, 2.71387]",closed,pkg_000
48.25,1786779372.9122,sample,"[2.72438, -2.07066, 1.78681, -2.16709, 4.68139, 0.0]","[-6.7317, -0.78485, 2.70472]",closed,pkg_000
48.35,1786779372.9966,sample,"[2.75437, -2.04344, 1.78701, -2.16709, 4.68139, 0.0]","[-6.75019, -0.79037, 2.6934]",closed,pkg_000
48.45,1786779373.0804,sample,"[2.78435, -2.02103, 1.78709, -2.16709, 4.68139, 0.0]","[-6.76524, -0.79829, 2.68374]",closed,pkg_000
48.55,1786779373.1654,sample,"[2.81435, -2.01245, 1.78711, -2.16709, 4.68139, 0.0]","[-6.77081, -0.8103, 2.67996]",closed,pkg_000
48.65,1786779373.2587,sample,"[2.84436, -2.0093, 1.78712, -2.16709, 4.68139, 0.0]","[-6.77241, -0.82377, 2.67854]",closed,pkg_000
48.75,1786779373.3461,sample,"[2.87436, -2.00814, 1.78713, -2.16709, 4.68139, 0.0]","[-6.77227, -0.83771, 2.67802]",closed,pkg_000
48.85,1786779373.4311,sample,"[2.90436, -2.00771, 1.78714, -2.16709, 4.68139, 0.0]","[-6.77122, -0.85179, 2.67783]",closed,pkg_000
48.95,1786779373.5175,sample,"[2.93436, -2.00756, 1.78714, -2.16709, 4.68139, 0.0]","[-6.76956, -0.86588, 2.67776]",closed,pkg_000
49.05,1786779373.607,sample,"[2.96437, -2.0075, 1.78714, -2.16709, 4.68139, 0.0]","[-6.76741, -0.87993, 2.67773]",closed,pkg_000
49.15,1786779373.6939,sample,"[2.99437, -2.0075, 1.78714, -2.16709, 4.68139, 0.0]","[-6.7648, -0.89392, 2.67773]",closed,pkg_000
49.25,1786779373.7824,sample,"[3.02437, -2.0075, 1.78714, -2.16709, 4.68139, 0.0]","[-6.76178, -0.90782, 2.67773]",closed,pkg_000
49.35,1786779373.8698,sample,"[3.05022, -2.0075, 1.78714, -2.16709, 4.68139, 0.0]","[-6.75883, -0.91972, 2.67773]",closed,pkg_000
49.45,1786779373.9584,sample,"[3.06081, -2.00531, 1.78712, -2.16709, 4.68139, 0.0]","[-6.75907, -0.92444, 2.67677]",closed,pkg_000
49.55,1786779374.041,sample,"[3.06469, -1.9878, 1.7871, -2.16709, 4.68139, 0.0]","[-6.77073, -0.92529, 2.66884]",closed,pkg_000
49.65,1786779374.1261,sample,"[3.06612, -1.96238, 1.7871, -2.16709, 4.68139, 0.0]","[-6.78794, -0.92465, 2.65693]",closed,pkg_000
49.75,1786779374.2093,sample,"[3.06664, -1.93407, 1.78711, -2.16709, 4.68139, 0.0]","[-6.80688, -0.92347, 2.64314]",closed,pkg_000
49.85,1786779374.2987,sample,"[3.06681, -1.91125, 1.78712, -2.16709, 4.68138, 0.0]","[-6.82189, -0.92243, 2.63164]",closed,pkg_000
49.95,1786779374.3829,sample,"[3.06686, -1.90253, 1.78714, -2.16709, 4.68138, 0.0]","[-6.82757, -0.92203, 2.62714]",closed,pkg_000
50.05,1786779374.4646,sample,"[3.06689, -1.89932, 1.78714, -2.16709, 4.68138, 0.0]","[-6.82964, -0.9219, 2.62548]",closed,pkg_000
50.15,1786779374.5485,sample,"[3.06693, -1.89814, 1.78714, -2.16709, 4.68138, 0.0]","[-6.8304, -0.92186, 2.62486]",closed,pkg_000
50.25,1786779374.6313,sample,"[3.06696, -1.89771, 1.78714, -2.16709, 4.68138, 0.0]","[-6.83067, -0.92185, 2.62464]",closed,pkg_000
50.35,1786779374.72,sample,"[3.06698, -1.89754, 1.7879, -2.16709, 4.68138, 0.0]","[-6.83083, -0.92185, 2.62401]",closed,pkg_000
50.45,1786779374.8036,sample,"[3.06699, -1.89751, 1.80313, -2.16709, 4.68138, 0.0]","[-6.83179, -0.92179, 2.61307]",closed,pkg_000
50.55,1786779374.8882,sample,"[3.067, -1.89748, 1.82356, -2.16709, 4.68138, 0.0]","[-6.83281, -0.92171, 2.59838]",closed,pkg_000
50.65,1786779374.9715,sample,"[3.067, -1.89745, 1.83214, -2.16709, 4.68138, 0.0]","[-6.83316, -0.92168, 2.5922]",closed,pkg_000
50.75,1786779375.0564,sample,"[3.067, -1.89745, 1.83529, -2.16709, 4.68138, 0.0]","[-6.83327, -0.92168, 2.58993]",closed,pkg_000
50.85,1786779375.1443,sample,"[3.067, -1.89745, 1.83645, -2.16709, 4.68138, 0.0]","[-6.83331, -0.92167, 2.5891]",closed,pkg_000
50.95,1786779375.2339,sample,"[3.067, -1.89746, 1.83031, -2.16709, 4.68138, 0.0]","[-6.83309, -0.92169, 2.59352]",closed,pkg_000
51.05,1786779375.3329,sample,"[3.067, -1.89747, 1.80942, -2.16709, 4.68139, 0.0]","[-6.83216, -0.92176, 2.60854]",closed,pkg_000
51.15,1786779375.4314,sample,"[3.067, -1.89748, 1.78277, -2.16709, 4.68139, 0.0]","[-6.83051, -0.92189, 2.62766]",closed,pkg_000
51.25,1786779375.533,sample,"[3.06698, -1.89671, 1.75399, -2.16709, 4.68139, 0.0]","[-6.82869, -0.92201, 2.64784]",closed,pkg_000
51.35,1786779375.6266,sample,"[3.06697, -1.88146, 1.72443, -2.16709, 4.68139, 0.0]","[-6.83616, -0.92145, 2.66097]",closed,pkg_000
51.45,1786779375.7214,sample,"[3.06696, -1.85688, 1.6946, -2.16709, 4.68139, 0.0]","[-6.84995, -0.92041, 2.66913]",closed,pkg_000
51.55,1786779375.8107,sample,"[3.06696, -1.82888, 1.67406, -2.16709, 4.68138, 0.0]","[-6.86718, -0.91912, 2.66842]",closed,pkg_000
51.65,1786779375.8995,sample,"[3.06696, -1.79961, 1.66651, -2.16709, 4.68138, 0.0]","[-6.88651, -0.91768, 2.65723]",closed,pkg_000
51.75,1786779375.9879,sample,"[3.06696, -1.76987, 1.66374, -2.16709, 4.68138, 0.0]","[-6.90626, -0.9162, 2.64179]",closed,pkg_000
51.85,1786779376.0813,sample,"[3.06696, -1.73996, 1.66272, -2.16709, 4.68137, 0.0]","[-6.92577, -0.91474, 2.6244]",closed,pkg_000
51.95,1786779376.1773,sample,"[3.06697, -1.70999, 1.66235, -2.16709, 4.68137, 0.0]","[-6.94484, -0.91332, 2.60594]",closed,pkg_000
52.05,1786779376.2744,sample,"[3.06697, -1.68, 1.6622, -2.16709, 4.68137, 0.0]","[-6.96336, -0.91194, 2.58673]",closed,pkg_000
52.15,1786779376.3707,sample,"[3.06691, -1.65093, 1.65529, -2.16718, 4.6817, -0.0]","[-6.98089, -0.91062, 2.57248]",closed,pkg_000
52.25,1786779376.4595,sample,"[3.06687, -1.63632, 1.63398, -2.16727, 4.68204, -0.0]","[-6.98988, -0.90995, 2.57796]",closed,pkg_000
52.35,1786779376.5523,sample,"[3.06687, -1.63068, 1.60761, -2.16725, 4.68172, -0.0]","[-6.99335, -0.90966, 2.5931]",closed,pkg_000
52.45,1786779376.6472,sample,"[3.06688, -1.62861, 1.57894, -2.16724, 4.68169, -0.0]","[-6.99421, -0.9096, 2.61231]",closed,pkg_000
52.55,1786779376.7361,sample,"[3.06689, -1.62784, 1.54943, -2.16723, 4.68167, -0.0]","[-6.99368, -0.90964, 2.633]",closed,pkg_000
52.65,1786779376.8305,sample,"[3.0669, -1.62756, 1.51961, -2.16722, 4.68165, -0.0]","[-6.99221, -0.90976, 2.65421]",closed,pkg_000
52.75,1786779376.9314,sample,"[3.06691, -1.6267, 1.48966, -2.16721, 4.68163, 0.0]","[-6.99051, -0.90989, 2.67506]",closed,pkg_000
52.85,1786779377.0212,sample,"[3.06694, -1.61143, 1.45968, -2.1672, 4.68162, 0.0]","[-6.99846, -0.90932, 2.68601]",closed,pkg_000
52.95,1786779377.1079,sample,"[3.06696, -1.58683, 1.42969, -2.1672, 4.68161, 0.0]","[-7.01292, -0.90825, 2.69028]",closed,pkg_000
53.05,1786779377.1923,sample,"[3.06697, -1.55881, 1.3997, -2.16719, 4.68159, 0.0]","[-7.02982, -0.90699, 2.69172]",closed,pkg_000
53.15,1786779377.281,sample,"[3.06697, -1.52954, 1.36971, -2.16719, 4.68158, 0.0]","[-7.04761, -0.90566, 2.69175]",closed,pkg_000
53.25,1786779377.3679,sample,"[3.06697, -1.4998, 1.33971, -2.16718, 4.68157, 0.0]","[-7.0657, -0.90431, 2.69092]",closed,pkg_000
53.35,1786779377.4612,sample,"[3.06697, -1.46989, 1.30971, -2.16718, 4.68156, 0.0]","[-7.08388, -0.90295, 2.68941]",closed,pkg_000
53.45,1786779377.5566,sample,"[3.06697, -1.43992, 1.27971, -2.16717, 4.68155, 0.0]","[-7.10204, -0.90159, 2.68731]",closed,pkg_000
53.55,1786779377.657,sample,"[3.06697, -1.40993, 1.24971, -2.16717, 4.68154, 0.0]","[-7.12015, -0.90023, 2.68464]",closed,pkg_000
53.65,1786779377.7558,sample,"[3.06697, -1.37992, 1.21971, -2.16716, 4.68153, 0.0]","[-7.13818, -0.89888, 2.68143]",closed,pkg_000
53.75,1786779377.8521,sample,"[3.06696, -1.34991, 1.18971, -2.16716, 4.68152, 0.0]","[-7.15611, -0.89753, 2.67767]",closed,pkg_000
53.85,1786779377.954,sample,"[3.06696, -1.3199, 1.15971, -2.16716, 4.68151, 0.0]","[-7.17391, -0.8962, 2.67337]",closed,pkg_000
53.95,1786779378.0539,sample,"[3.06696, -1.2899, 1.12972, -2.16715, 4.6815, 0.0]","[-7.19159, -0.89487, 2.66853]",closed,pkg_000
54.05,1786779378.1557,sample,"[3.06695, -1.25989, 1.09972, -2.16715, 4.6815, 0.0]","[-7.2091, -0.89356, 2.66317]",closed,pkg_000
54.15,1786779378.2601,sample,"[3.06695, -1.22988, 1.06972, -2.16715, 4.68149, 0.0]","[-7.22646, -0.89226, 2.65728]",closed,pkg_000
54.25,1786779378.3559,sample,"[3.06694, -1.19987, 1.03972, -2.16714, 4.68148, 0.0]","[-7.24362, -0.89097, 2.65087]",closed,pkg_000
54.35,1786779378.4534,sample,"[3.06694, -1.16986, 1.00972, -2.16714, 4.68147, 0.0]","[-7.26059, -0.8897, 2.64395]",closed,pkg_000
54.45,1786779378.5559,sample,"[3.06693, -1.13984, 0.97972, -2.16714, 4.68146, 0.0]","[-7.27735, -0.88844, 2.63652]",closed,pkg_000
54.55,1786779378.6503,sample,"[3.06693, -1.10983, 0.94972, -2.16714, 4.68146, 0.0]","[-7.29388, -0.88719, 2.62859]",closed,pkg_000
54.65,1786779378.7445,sample,"[3.06692, -1.07982, 0.91973, -2.16714, 4.68145, 0.0]","[-7.31016, -0.88597, 2.62016]",closed,pkg_000
54.75,1786779378.8445,sample,"[3.06692, -1.04981, 0.88973, -2.16714, 4.68145, 0.0]","[-7.32618, -0.88477, 2.61125]",closed,pkg_000
54.85,1786779378.9377,sample,"[3.06691, -1.01979, 0.85973, -2.16713, 4.68144, 0.0]","[-7.34193, -0.88358, 2.60186]",closed,pkg_000
54.95,1786779379.037,sample,"[3.06691, -0.98978, 0.82973, -2.16713, 4.68144, 0.0]","[-7.35739, -0.88242, 2.592]",closed,pkg_000
55.05,1786779379.1459,sample,"[3.0669, -0.96389, 0.80052, -2.16713, 4.68143, 0.0]","[-7.37014, -0.88146, 2.58549]",closed,pkg_000
55.15,1786779379.2704,sample,"[3.06689, -0.95332, 0.78574, -2.16713, 4.68143, 0.0]","[-7.37497, -0.88109, 2.58477]",open,
55.25,1786779379.3843,sample,"[3.06688, -0.94944, 0.78028, -2.16713, 4.68143, 0.0]","[-7.37673, -0.88094, 2.58451]",open,
55.35,1786779379.48,sample,"[3.06687, -0.94801, 0.77828, -2.16713, 4.68143, 0.0]","[-7.37737, -0.88089, 2.58442]",open,
55.45,1786779379.5759,sample,"[3.06686, -0.94748, 0.77754, -2.16713, 4.68143, 0.0]","[-7.37761, -0.88086, 2.58438]",open,
55.55,1786779379.6639,sample,"[3.06686, -0.94729, 0.77726, -2.16713, 4.68143, 0.0]","[-7.3777, -0.88084, 2.58437]",open,
55.65,1786779379.7557,sample,"[3.06685, -0.94722, 0.77716, -2.16713, 4.68143, 0.0]","[-7.37773, -0.88083, 2.58436]",open,
55.75,1786779379.8521,sample,"[3.06684, -0.94719, 0.77713, -2.16713, 4.68143, 0.0]","[-7.37774, -0.88083, 2.58436]",open,
55.85,1786779379.9464,sample,"[3.06683, -0.95971, 0.77713, -2.16713, 4.68143, 0.0]","[-7.37008, -0.88139, 2.59769]",open,
55.95,1786779380.0464,sample,"[3.06683, -0.98331, 0.77712, -2.16713, 4.68143, 0.0]","[-7.35517, -0.8825, 2.62256]",open,
56.05,1786779380.1367,sample,"[3.06683, -1.01096, 0.77711, -2.16713, 4.68143, 0.0]","[-7.33697, -0.88386, 2.65124]",open,
56.15,1786779380.2255,sample,"[3.06683, -1.04011, 0.7771, -2.16713, 4.68143, 0.0]","[-7.31693, -0.88537, 2.68091]",open,
56.25,1786779380.3153,sample,"[3.06683, -1.0698, 0.77709, -2.16713, 4.68143, 0.0]","[-7.29565, -0.88696, 2.71052]",open,
56.35,1786779380.411,sample,"[3.06683, -1.09968, 0.77709, -2.16713, 4.68143, 0.0]","[-7.27334, -0.88863, 2.73967]",open,
56.45,1786779380.5114,sample,"[3.06683, -1.12965, 0.77709, -2.16713, 4.68142, 0.0]","[-7.25012, -0.89037, 2.76821]",open,
56.55,1786779380.6122,sample,"[3.06029, -1.15964, 0.77708, -2.16712, 4.68142, 0.0]","[-7.22662, -0.88612, 2.79607]",open,
56.65,1786779380.7189,sample,"[3.03927, -1.17711, 0.77706, -2.16712, 4.68143, 0.0]","[-7.21384, -0.8681, 2.81197]",open,
56.75,1786779380.8288,sample,"[3.01256, -1.18351, 0.77707, -2.16712, 4.68143, 0.0]","[-7.21001, -0.84436, 2.81772]",open,
56.85,1786779380.9349,sample,"[2.98377, -1.18586, 0.77708, -2.16711, 4.68143, 0.0]","[-7.20897, -0.81846, 2.81982]",open,
56.95,1786779381.0384,sample,"[2.95422, -1.18672, 0.77709, -2.16711, 4.68143, 0.0]","[-7.20841, -0.79173, 2.82058]",open,
57.05,1786779381.1459,sample,"[2.92656, -1.18703, 0.77709, -2.16711, 4.68143, 0.0]","[-7.20757, -0.76666, 2.82086]",open,
57.15,1786779381.2458,sample,"[2.91413, -1.18714, 0.77709, -2.16711, 4.68142, 0.0]","[-7.20699, -0.7554, 2.82096]",open,
57.25,1786779381.3402,sample,"[2.90955, -1.18719, 0.77709, -2.16711, 4.68142, 0.0]","[-7.20674, -0.75126, 2.821]",open,
57.35,1786779381.4365,sample,"[2.90787, -1.1872, 0.77709, -2.16711, 4.68142, 0.0]","[-7.20665, -0.74974, 2.82101]",open,
57.45,1786779381.5304,sample,"[2.90725, -1.18721, 0.77709, -2.16711, 4.68141, 0.0]","[-7.20661, -0.74918, 2.82102]",open,
57.55,1786779381.6302,sample,"[2.90702, -1.18721, 0.77709, -2.16711, 4.68141, 0.0]","[-7.2066, -0.74897, 2.82102]",open,
57.65,1786779381.7402,sample,"[2.90697, -1.18721, 0.77709, -2.16711, 4.68141, 0.0]","[-7.2066, -0.74892, 2.82102]",open,
57.75,1786779381.8462,sample,"[2.90695, -1.18721, 0.77709, -2.16711, 4.68141, 0.0]","[-7.2066, -0.7489, 2.82102]",open,
57.85,1786779381.9506,sample,"[2.9091, -1.18721, 0.77709, -2.16711, 4.6814, 0.0]","[-7.20671, -0.75085, 2.82102]",open,
57.95,1786779382.052,sample,"[2.92659, -1.18721, 0.77708, -2.16711, 4.6814, 0.0]","[-7.20742, -0.76671, 2.82102]",open,
58.05,1786779382.1484,sample,"[2.94784, -1.18721, 0.77708, -2.16712, 4.68139, 0.0]","[-7.20792, -0.78601, 2.82102]",open,
58.15,1786779382.2472,sample,"[2.96087, -1.18721, 0.77708, -2.16712, 4.68139, 0.0]","[-7.20803, -0.79784, 2.82102]",open,
58.25,1786779382.3394,sample,"[2.98356, -1.18721, 0.77708, -2.16712, 4.68138, 0.0]","[-7.20785, -0.81844, 2.82102]",open,
58.35,1786779382.4368,sample,"[3.01087, -1.18721, 0.77708, -2.16713, 4.68138, 0.0]","[-7.207, -0.84322, 2.82103]",open,
58.45,1786779382.5331,sample,"[3.03988, -1.18721, 0.77708, -2.16713, 4.68137, 0.0]","[-7.20537, -0.86951, 2.82103]",open,
58.55,1786779382.6314,sample,"[3.06952, -1.18721, 0.77708, -2.16713, 4.68136, 0.0]","[-7.20291, -0.89631, 2.82103]",open,
58.65,1786779382.7314,sample,"[3.09721, -1.18721, 0.77708, -2.16714, 4.68136, 0.0]","[-7.19989, -0.92127, 2.82103]",open,
58.75,1786779382.8313,sample,"[3.10965, -1.18721, 0.77708, -2.16714, 4.68136, 0.0]","[-7.19832, -0.93246, 2.82103]",open,
58.85,1786779382.9322,sample,"[3.11423, -1.19658, 0.7771, -2.16714, 4.68136, 0.0]","[-7.18976, -0.93679, 2.82935]",open,
58.95,1786779383.03,sample,"[3.11592, -1.21902, 0.7771, -2.16714, 4.68136, 0.0]","[-7.17018, -0.93879, 2.84901]",open,
59.05,1786779383.1244,sample,"[3.11653, -1.24625, 0.77709, -2.16714, 4.68136, 0.0]","[-7.14603, -0.93993, 2.87228]",open,
59.15,1786779383.2164,sample,"[3.11675, -1.27524, 0.77708, -2.16714, 4.68136, 0.0]","[-7.1197, -0.94077, 2.89632]",open,
59.25,1786779383.3193,sample,"[3.11684, -1.30487, 0.77707, -2.16714, 4.68136, 0.0]","[-7.09209, -0.94152, 2.9201]",open,
59.35,1786779383.4206,sample,"[3.10432, -1.3282, 0.77704, -2.16713, 4.68136, 0.0]","[-7.07158, -0.93242, 2.93825]",open,
59.45,1786779383.5184,sample,"[3.08075, -1.3371, 0.77704, -2.16713, 4.68136, 0.0]","[-7.06592, -0.91472, 2.94503]",open,
59.55,1786779383.6141,sample,"[3.05311, -1.34036, 0.77705, -2.16712, 4.68137, 0.0]","[-7.06565, -0.89379, 2.94749]",open,
59.65,1786779383.7165,sample,"[3.02398, -1.34156, 0.77705, -2.16712, 4.68137, 0.0]","[-7.06691, -0.87159, 2.94839]",open,
59.75,1786779383.8123,sample,"[2.9943, -1.342, 0.77706, -2.16712, 4.68137, 0.0]","[-7.06828, -0.84886, 2.94872]",open,
59.85,1786779383.9155,sample,"[2.96442, -1.34216, 0.77706, -2.16712, 4.68137, 0.0]","[-7.06924, -0.82591, 2.94884]",open,
59.95,1786779384.0178,sample,"[2.93446, -1.34221, 0.77706, -2.16711, 4.68138, 0.0]","[-7.06962, -0.80287, 2.94888]",open,
60.05,1786779384.1265,sample,"[2.90447, -1.34223, 0.77706, -2.16711, 4.68138, 0.0]","[-7.06934, -0.7798, 2.94889]",open,
60.15,1786779384.2298,sample,"[2.87449, -1.33288, 0.77704, -2.16711, 4.68138, 0.0]","[-7.07712, -0.75435, 2.94182]",open,
60.25,1786779384.3246,sample,"[2.84449, -1.31045, 0.77705, -2.16711, 4.68139, 0.0]","[-7.09592, -0.72478, 2.92449]",open,
60.35,1786779384.4205,sample,"[2.81448, -1.28322, 0.77706, -2.16711, 4.68139, 0.0]","[-7.11747, -0.69274, 2.90281]",open,
60.45,1786779384.5162,sample,"[2.78448, -1.25423, 0.77708, -2.1671, 4.68139, 0.0]","[-7.13871, -0.659, 2.87897]",open,
60.55,1786779384.6094,sample,"[2.75448, -1.22459, 0.77708, -2.1671, 4.6814, 0.0]","[-7.15852, -0.62395, 2.85383]",open,
60.65,1786779384.7158,sample,"[2.72448, -1.19472, 0.77708, -2.1671, 4.68141, 0.0]","[-7.17645, -0.58782, 2.82771]",open,
60.75,1786779384.8252,sample,"[2.69447, -1.16477, 0.77708, -2.1671, 4.68141, 0.0]","[-7.19231, -0.55078, 2.80075]",open,
60.85,1786779384.9333,sample,"[2.66447, -1.13478, 0.77708, -2.1671, 4.68142, 0.0]","[-7.20601, -0.51297, 2.77303]",open,
60.95,1786779385.0386,sample,"[2.63447, -1.10889, 0.77711, -2.1671, 4.68142, 0.0]","[-7.21474, -0.47606, 2.7485]",open,
61.05,1786779385.136,sample,"[2.60447, -1.09832, 0.77711, -2.16709, 4.68142, 0.0]","[-7.21158, -0.44461, 2.73833]",open,
61.15,1786779385.2305,sample,"[2.57447, -1.09444, 0.7771, -2.16709, 4.68142, 0.0]","[-7.20299, -0.41585, 2.73459]",open,
61.25,1786779385.3289,sample,"[2.54447, -1.09302, 0.7771, -2.16709, 4.68142, 0.0]","[-7.19195, -0.38833, 2.73322]",open,
61.35,1786779385.4252,sample,"[2.51447, -1.09249, 0.7771, -2.16709, 4.68142, 0.0]","[-7.17952, -0.36153, 2.73271]",open,
61.45,1786779385.521,sample,"[2.48447, -1.09231, 0.7771, -2.16709, 4.68142, 0.0]","[-7.16609, -0.33526, 2.73253]",open,
61.55,1786779385.6204,sample,"[2.45447, -1.09221, 0.77052, -2.16709, 4.68143, 0.0]","[-7.15072, -0.31034, 2.73696]",open,
61.65,1786779385.7165,sample,"[2.42447, -1.09219, 0.74948, -2.16709, 4.68143, 0.0]","[-7.13211, -0.28813, 2.75133]",open,
61.75,1786779385.816,sample,"[2.39447, -1.09218, 0.72277, -2.16709, 4.68143, 0.0]","[-7.11168, -0.26776, 2.76945]",open,
61.85,1786779385.9092,sample,"[2.36447, -1.09218, 0.69398, -2.16709, 4.68143, 0.0]","[-7.09003, -0.24888, 2.78878]",open,
61.95,1786779386.0011,sample,"[2.33446, -1.09219, 0.66659, -2.16709, 4.68143, 0.0]","[-7.06788, -0.23093, 2.80697]",open,
62.05,1786779386.0974,sample,"[2.30446, -1.0922, 0.65426, -2.16709, 4.68143, 0.0]","[-7.04805, -0.21082, 2.8151]",open,
62.15,1786779386.1979,sample,"[2.27446, -1.09003, 0.64971, -2.16709, 4.68143, 0.0]","[-7.03035, -0.18829, 2.81606]",open,
62.25,1786779386.2899,sample,"[2.24446, -1.07252, 0.64804, -2.16709, 4.68143, 0.0]","[-7.02045, -0.15566, 2.80059]",open,
62.35,1786779386.3872,sample,"[2.21446, -1.04924, 0.64745, -2.16709, 4.68143, 0.0]","[-7.01205, -0.11933, 2.77857]",open,
62.45,1786779386.4869,sample,"[2.18446, -1.0384, 0.64725, -2.16709, 4.68143, 0.0]","[-6.99625, -0.09127, 2.76813]",open,
62.55,1786779386.5813,sample,"[2.15446, -1.03443, 0.64716, -2.16709, 4.68143, 0.0]","[-6.9764, -0.06811, 2.7643]",open,
62.65,1786779386.6721,sample,"[2.12446, -1.03298, 0.64712, -2.16709, 4.68143, 0.0]","[-6.95474, -0.04718, 2.76289]",open,
62.75,1786779386.7634,sample,"[2.09446, -1.03245, 0.6471, -2.16709, 4.68143, 0.0]","[-6.93207, -0.02752, 2.76237]",open,
62.85,1786779386.8557,sample,"[2.06446, -1.03225, 0.6471, -2.16709, 4.68143, 0.0]","[-6.90868, -0.00878, 2.76219]",open,
62.95,1786779386.9489,sample,"[2.03446, -1.03218, 0.6471, -2.16709, 4.68143, 0.0]","[-6.8847, 0.00917, 2.76212]",open,
63.05,1786779387.0443,sample,"[2.00446, -1.03217, 0.6471, -2.16709, 4.68143, 0.0]","[-6.86017, 0.02636, 2.7621]",open,
63.15,1786779387.139,sample,"[1.97446, -1.03216, 0.6471, -2.16709, 4.68143, 0.0]","[-6.83513, 0.04279, 2.7621]",open,
63.25,1786779387.2331,sample,"[1.94445, -1.03216, 0.6471, -2.16709, 4.68143, 0.0]","[-6.80961, 0.05847, 2.76209]",open,
63.35,1786779387.3269,sample,"[1.91445, -1.03215, 0.6471, -2.16709, 4.68143, 0.0]","[-6.78363, 0.07337, 2.76209]",open,
63.45,1786779387.4222,sample,"[1.88445, -1.03215, 0.6471, -2.16709, 4.68143, 0.0]","[-6.75722, 0.08749, 2.76209]",open,
63.55,1786779387.5158,sample,"[1.86103, -1.03214, 0.6471, -2.16709, 4.68143, 0.0]","[-6.73631, 0.09796, 2.76208]",open,
63.65,1786779387.6085,sample,"[1.85208, -1.03214, 0.64709, -2.16709, 4.68143, 0.0]","[-6.72825, 0.10183, 2.76208]",open,
63.75,1786779387.7087,sample,"[1.84878, -1.03213, 0.64709, -2.16709, 4.68143, 0.0]","[-6.72528, 0.10324, 2.76208]",open,
63.85,1786779387.8024,sample,"[1.84758, -1.01962, 0.64707, -2.16709, 4.68142, 0.0]","[-6.72685, 0.11312, 2.7497]",open,
63.95,1786779387.8979,sample,"[1.84713, -0.99602, 0.64708, -2.1671, 4.68142, 0.0]","[-6.73134, 0.1306, 2.726]",open,
64.05,1786779387.9898,sample,"[1.84697, -0.96836, 0.64708, -2.1671, 4.68142, 0.0]","[-6.73674, 0.15023, 2.69769]",open,
64.15,1786779388.0905,sample,"[1.84691, -0.94136, 0.64711, -2.1671, 4.68142, 0.0]","[-6.74188, 0.16862, 2.66952]",open,
64.25,1786779388.1899,sample,"[1.84689, -0.92917, 0.64713, -2.1671, 4.68142, 0.0]","[-6.74415, 0.17668, 2.65662]",open,
64.35,1786779388.2846,sample,"[1.84687, -0.9247, 0.64712, -2.1671, 4.68142, 0.0]","[-6.74496, 0.1796, 2.65188]",open,
64.45,1786779388.3784,sample,"[1.84686, -0.92307, 0.64712, -2.1671, 4.68142, 0.0]","[-6.74525, 0.18066, 2.65015]",open,
64.55,1786779388.4738,sample,"[1.84685, -0.92247, 0.64712, -2.1671, 4.68142, 0.0]","[-6.74535, 0.18106, 2.64951]",open,
64.65,1786779388.575,sample,"[1.84684, -0.92225, 0.64711, -2.16711, 4.68142, 0.0]","[-6.74538, 0.1812, 2.64928]",open,
64.75,1786779388.6829,sample,"[1.84684, -0.92217, 0.64711, -2.16711, 4.68142, 0.0]","[-6.74539, 0.18125, 2.64919]",open,
64.85,1786779388.7848,sample,"[1.84684, -0.92214, 0.64711, -2.16711, 4.68142, 0.0]","[-6.74539, 0.18127, 2.64917]",open,
64.95,1786779388.8775,sample,"[1.84684, -0.92213, 0.64711, -2.16711, 4.68142, 0.0]","[-6.74539, 0.18128, 2.64915]",open,
65.05,1786779388.9713,sample,"[1.84684, -0.93464, 0.64713, -2.16711, 4.68142, 0.0]","[-6.74308, 0.17311, 2.66242]",open,
65.15,1786779389.0657,sample,"[1.84685, -0.95824, 0.64712, -2.16711, 4.68142, 0.0]","[-6.7386, 0.15725, 2.68718]",open,
65.25,1786779389.161,sample,"[1.84685, -0.98591, 0.64711, -2.16711, 4.68142, 0.0]","[-6.73313, 0.13796, 2.7157]",open,
65.35,1786779389.2583,sample,"[1.84685, -1.01505, 0.6471, -2.16711, 4.68141, 0.0]","[-6.72715, 0.11683, 2.74513]",open,
65.45,1786779389.3521,sample,"[1.84684, -1.03148, 0.64706, -2.16711, 4.68141, 0.0]","[-6.72366, 0.10455, 2.76146]",open,
65.55,1786779389.446,sample,"[1.84684, -1.02255, 0.64705, -2.16711, 4.68141, 0.0]","[-6.72556, 0.11125, 2.75263]",open,
65.65,1786779389.5373,sample,"[1.84684, -1.00026, 0.64707, -2.16711, 4.68141, 0.0]","[-6.73021, 0.12765, 2.7303]",open,
65.75,1786779389.631,sample,"[1.84684, -0.97308, 0.64708, -2.16711, 4.6814, 0.0]","[-6.73569, 0.14699, 2.70257]",open,
65.85,1786779389.7239,sample,"[1.84684, -0.94411, 0.64709, -2.16711, 4.6814, 0.0]","[-6.7413, 0.16681, 2.67243]",open,
65.95,1786779389.8233,sample,"[1.84684, -0.91449, 0.6471, -2.16711, 4.6814, 0.0]","[-6.74679, 0.18619, 2.641]",open,
66.05,1786779389.9221,sample,"[1.84684, -0.88462, 0.64711, -2.16711, 4.6814, 0.0]","[-6.75206, 0.20482, 2.60872]",open,
66.15,1786779390.026,sample,"[1.84684, -0.85467, 0.64712, -2.16712, 4.6814, 0.0]","[-6.75709, 0.22256, 2.57579]",open,
66.25,1786779390.1269,sample,"[1.84683, -0.83121, 0.64715, -2.16712, 4.6814, 0.0]","[-6.76083, 0.23578, 2.54961]",open,
66.35,1786779390.2208,sample,"[1.84684, -0.82227, 0.64714, -2.16712, 4.6814, 0.0]","[-6.76221, 0.24066, 2.53956]",open,
66.45,1786779390.3136,sample,"[1.84684, -0.819, 0.64713, -2.16712, 4.6814, 0.0]","[-6.76272, 0.24243, 2.53587]",open,
66.55,1786779390.412,sample,"[1.84684, -0.81778, 0.63773, -2.16712, 4.6814, 0.0]","[-6.76261, 0.24205, 2.54117]",open,
66.65,1786779390.5075,sample,"[1.84684, -0.81734, 0.6153, -2.16712, 4.6814, 0.0]","[-6.76191, 0.23958, 2.55658]",open,
66.75,1786779390.5994,sample,"[1.84684, -0.81718, 0.58809, -2.16712, 4.6814, 0.0]","[-6.76088, 0.23593, 2.5756]",open,
66.85,1786779390.6946,sample,"[1.84684, -0.81058, 0.55909, -2.16712, 4.6814, 0.0]","[-6.76069, 0.23529, 2.58855]",open,
66.95,1786779390.788,sample,"[1.84683, -0.7895, 0.52947, -2.16712, 4.6814, 0.0]","[-6.76281, 0.2428, 2.58553]",open,
67.05,1786779390.8874,sample,"[1.84683, -0.76278, 0.51217, -2.16712, 4.6814, 0.0]","[-6.76637, 0.25537, 2.56727]",open,
67.15,1786779390.9832,sample,"[1.84683, -0.73395, 0.50582, -2.16713, 4.6814, 0.0]","[-6.77062, 0.27037, 2.53857]",open,
67.25,1786779391.0865,sample,"[1.84683, -0.70435, 0.50132, -2.16713, 4.6814, 0.0]","[-6.77485, 0.28531, 2.50723]",open,
67.35,1786779391.1804,sample,"[1.84683, -0.67448, 0.48296, -2.16713, 4.6814, 0.0]","[-6.77843, 0.29793, 2.48498]",open,
67.45,1786779391.2721,sample,"[1.84683, -0.65388, 0.45727, -2.16713, 4.6814, 0.0]","[-6.78037, 0.30478, 2.47865]",open,
67.55,1786779391.365,sample,"[1.84684, -0.64633, 0.42884, -2.16713, 4.6814, 0.0]","[-6.78036, 0.30472, 2.48973]",open,
67.65,1786779391.4583,sample,"[1.84684, -0.64356, 0.39941, -2.16713, 4.6814, 0.0]","[-6.77952, 0.30176, 2.50713]",open,
67.75,1786779391.5601,sample,"[1.84684, -0.64257, 0.37901, -2.16713, 4.6814, 0.0]","[-6.77872, 0.29894, 2.52023]",open,
67.85,1786779391.6711,sample,"[1.84684, -0.64219, 0.3715, -2.16713, 4.6814, 0.0]","[-6.77841, 0.29784, 2.525]",open,
67.95,1786779391.7711,sample,"[1.84684, -0.64205, 0.36951, -2.16713, 4.6814, 0.0]","[-6.77833, 0.29757, 2.52623]",open,
68.05,1786779391.869,sample,"[1.84683, -0.64201, 0.38373, -2.16714, 4.6814, 0.0]","[-6.77903, 0.30002, 2.51626]",open,
68.15,1786779391.9673,sample,"[1.84684, -0.64198, 0.40793, -2.16714, 4.6814, 0.0]","[-6.78012, 0.30387, 2.49927]",open,
68.25,1786779392.0736,sample,"[1.84684, -0.65131, 0.43583, -2.16714, 4.6814, 0.0]","[-6.77994, 0.30322, 2.49075]",open,
68.35,1786779392.1659,sample,"[1.84684, -0.67376, 0.46503, -2.16714, 4.6814, 0.0]","[-6.7779, 0.29601, 2.49681]",open,
68.45,1786779392.2669,sample,"[1.84684, -0.70101, 0.49473, -2.16714, 4.6814, 0.0]","[-6.77511, 0.28615, 2.50797]",open,
68.55,1786779392.3722,sample,"[1.84684, -0.73002, 0.52461, -2.16714, 4.6814, 0.0]","[-6.77197, 0.27506, 2.52075]",open,
68.65,1786779392.468,sample,"[1.84685, -0.75967, 0.55456, -2.16714, 4.6814, 0.0]","[-6.76863, 0.26326, 2.53388]",open,
68.75,1786779392.5723,sample,"[1.84685, -0.78955, 0.58454, -2.16714, 4.6814, 0.0]","[-6.76514, 0.25097, 2.54688]",open,
68.85,1786779392.674,sample,"[1.84685, -0.81952, 0.61453, -2.16714, 4.6814, 0.0]","[-6.76154, 0.23826, 2.55958]",open,
68.95,1786779392.7754,sample,"[1.84685, -0.84952, 0.64453, -2.16713, 4.6814, 0.0]","[-6.75784, 0.22517, 2.57191]",open,
69.05,1786779392.8794,sample,"[1.84685, -0.87953, 0.67452, -2.16713, 4.6814, 0.0]","[-6.75403, 0.21172, 2.58384]",open,
69.15,1786779392.9846,sample,"[1.84685, -0.90955, 0.70452, -2.16713, 4.6814, 0.0]","[-6.75012, 0.19794, 2.59535]",open,
69.25,1786779393.0924,sample,"[1.84685, -0.93956, 0.73452, -2.16713, 4.6814, 0.0]","[-6.74612, 0.18382, 2.60643]",open,
69.35,1786779393.1933,sample,"[1.84685, -0.96958, 0.76451, -2.16713, 4.6814, 0.0]","[-6.74204, 0.1694, 2.61706]",open,
69.45,1786779393.2991,sample,"[1.84685, -0.99959, 0.79451, -2.16713, 4.6814, 0.0]","[-6.73787, 0.15467, 2.62723]",open,
69.55,1786779393.4015,sample,"[1.84685, -1.02959, 0.82037, -2.16713, 4.6814, 0.0]","[-6.73347, 0.13913, 2.63985]",open,
69.65,1786779393.5114,sample,"[1.84685, -1.0596, 0.83095, -2.16712, 4.6814, 0.0]","[-6.72837, 0.12113, 2.66277]",open,
69.75,1786779393.6111,sample,"[1.84684, -1.07709, 0.83481, -2.16712, 4.6814, 0.0]","[-6.72522, 0.11005, 2.6775]",open,
69.85,1786779393.7151,sample,"[1.84684, -1.0835, 0.83625, -2.16712, 4.68139, 0.0]","[-6.72405, 0.10594, 2.68284]",open,
69.95,1786779393.8111,sample,"[1.84684, -1.08585, 0.83678, -2.16712, 4.68139, 0.0]","[-6.72362, 0.10442, 2.68478]",open,
70.05,1786779393.9065,sample,"[1.85942, -1.08672, 0.83698, -2.16713, 4.68139, 0.0]","[-6.7348, 0.09847, 2.6855]",open,
70.15,1786779393.9984,sample,"[1.88301, -1.08703, 0.83705, -2.16713, 4.68138, 0.0]","[-6.75581, 0.08776, 2.68576]",open,
70.25,1786779394.0965,sample,"[1.91065, -1.08715, 0.83708, -2.16713, 4.68137, 0.0]","[-6.78015, 0.07475, 2.68585]",open,
70.35,1786779394.1995,sample,"[1.93979, -1.0872, 0.83709, -2.16714, 4.68137, 0.0]","[-6.80541, 0.06036, 2.68589]",open,
70.45,1786779394.2923,sample,"[1.95691, -1.08721, 0.83709, -2.16714, 4.68137, 0.0]","[-6.82006, 0.05157, 2.68591]",open,
70.55,1786779394.3897,sample,"[1.96321, -1.08721, 0.83709, -2.16714, 4.68136, 0.0]","[-6.82541, 0.04828, 2.6859]",open,
70.65,1786779394.4866,sample,"[1.96552, -1.08721, 0.83709, -2.16714, 4.68136, 0.0]","[-6.82738, 0.04706, 2.6859]",open,
70.75,1786779394.5815,sample,"[1.96637, -1.08721, 0.83709, -2.16714, 4.68136, 0.0]","[-6.8281, 0.04662, 2.6859]",open,
70.85,1786779394.678,sample,"[1.96669, -1.08721, 0.83709, -2.16714, 4.68136, 0.0]","[-6.82837, 0.04645, 2.6859]",open,
70.95,1786779394.7735,sample,"[1.95424, -1.08721, 0.83709, -2.16713, 4.68137, 0.0]","[-6.81779, 0.05296, 2.6859]",open,
71.05,1786779394.8694,sample,"[1.9307, -1.0872, 0.83709, -2.16713, 4.68138, 0.0]","[-6.79757, 0.06492, 2.6859]",open,
71.15,1786779394.9647,sample,"[1.90308, -1.0872, 0.83709, -2.16712, 4.68139, 0.0]","[-6.77349, 0.07833, 2.68589]",open,
71.25,1786779395.0622,sample,"[1.87395, -1.0872, 0.83709, -2.16712, 4.68139, 0.0]","[-6.74771, 0.09175, 2.68589]",open,
71.35,1786779395.156,sample,"[1.84427, -1.0872, 0.83709, -2.16712, 4.6814, 0.0]","[-6.72105, 0.10464, 2.68589]",open,
71.45,1786779395.2615,sample,"[1.81657, -1.0872, 0.83709, -2.16712, 4.6814, 0.0]","[-6.69583, 0.11596, 2.68589]",open,
71.55,1786779395.3596,sample,"[1.80412, -1.08066, 0.83708, -2.16712, 4.6814, 0.0]","[-6.68547, 0.1253, 2.67945]",open,
71.65,1786779395.4514,sample,"[1.79954, -1.05961, 0.83708, -2.16712, 4.68139, 0.0]","[-6.68453, 0.14125, 2.65846]",open,
71.75,1786779395.5454,sample,"[1.79785, -1.03289, 0.83709, -2.16712, 4.68139, 0.0]","[-6.68696, 0.15929, 2.63139]",open,
71.85,1786779395.6392,sample,"[1.79723, -1.00409, 0.8371, -2.16712, 4.68139, 0.0]","[-6.6905, 0.17748, 2.60169]",open,
71.95,1786779395.7351,sample,"[1.797, -0.97453, 0.83711, -2.16712, 4.68139, 0.0]","[-6.69432, 0.19513, 2.57067]",open,
72.05,1786779395.8294,sample,"[1.79692, -0.95406, 0.83713, -2.16712, 4.68139, 0.0]","[-6.69691, 0.2068, 2.54887]",open,
72.15,1786779395.9234,sample,"[1.7969, -0.94655, 0.83713, -2.16712, 4.68139, 0.0]","[-6.69785, 0.21096, 2.54082]",open,
72.25,1786779396.0141,sample,"[1.79688, -0.94379, 0.83712, -2.16712, 4.68139, 0.0]","[-6.69818, 0.21248, 2.53786]",open,
72.35,1786779396.111,sample,"[1.79687, -0.9428, 0.84651, -2.16712, 4.68139, 0.0]","[-6.69842, 0.21358, 2.53006]",open,
72.45,1786779396.2033,sample,"[1.79686, -0.94243, 0.86893, -2.16712, 4.68139, 0.0]","[-6.69871, 0.21487, 2.51356]",open,
72.55,1786779396.2991,sample,"[1.79685, -0.94229, 0.89614, -2.16712, 4.68139, 0.0]","[-6.69891, 0.21579, 2.49384]",open,
72.65,1786779396.3935,sample,"[1.79684, -0.94223, 0.91256, -2.16712, 4.68139, 0.0]","[-6.69896, 0.21608, 2.48195]",open,
72.75,1786779396.4868,sample,"[1.79684, -0.94222, 0.9186, -2.16712, 4.68139, 0.0]","[-6.69897, 0.21614, 2.4776]",open,
72.85,1786779396.5881,sample,"[1.79684, -0.94222, 0.92082, -2.16712, 4.68139, 0.0]","[-6.69897, 0.21614, 2.476]",open,
72.95,1786779396.6951,sample,"[1.79684, -0.94223, 0.92163, -2.16712, 4.68139, 0.0]","[-6.69897, 0.21615, 2.47542]",open,
73.05,1786779396.7921,sample,"[1.79684, -0.94225, 0.93449, -2.16712, 4.68139, 0.0]","[-6.69897, 0.21612, 2.46619]",open,
73.15,1786779396.8939,sample,"[1.79684, -0.94225, 0.95818, -2.16712, 4.68139, 0.0]","[-6.69889, 0.21579, 2.44913]",open,
73.25,1786779396.9925,sample,"[1.79684, -0.94225, 0.98587, -2.16712, 4.68139, 0.0]","[-6.69869, 0.21491, 2.42923]",open,
73.35,1786779397.091,sample,"[1.79684, -0.94224, 1.01425, -2.16712, 4.68139, 0.0]","[-6.69835, 0.21345, 2.40885]",open,
73.45,1786779397.1875,sample,"[1.79684, -0.94224, 1.0287, -2.16712, 4.68139, 0.0]","[-6.69813, 0.21249, 2.39848]",open,
73.55,1786779397.2887,sample,"[1.79684, -0.94225, 1.03402, -2.16711, 4.68139, 0.0]","[-6.69804, 0.2121, 2.39469]",open,
73.65,1786779397.3845,sample,"[1.79684, -0.94227, 1.04852, -2.16711, 4.68139, 0.0]","[-6.69777, 0.21092, 2.38434]",open,
73.75,1786779397.4814,sample,"[1.79684, -0.94227, 1.07283, -2.16711, 4.6814, 0.0]","[-6.69725, 0.20865, 2.367]",open,
73.85,1786779397.5792,sample,"[1.79684, -0.94228, 1.10073, -2.16711, 4.6814, 0.0]","[-6.69653, 0.20552, 2.34717]",open,
73.95,1786779397.689,sample,"[1.79684, -0.94229, 1.12996, -2.16711, 4.6814, 0.0]","[-6.69564, 0.20167, 2.32652]",open,
74.05,1786779397.8075,sample,"[1.79684, -0.94228, 1.15554, -2.16711, 4.68141, 0.0]","[-6.69476, 0.19783, 2.30853]",open,
74.15,1786779397.9088,sample,"[1.79684, -0.94229, 1.16601, -2.16711, 4.68141, 0.0]","[-6.69437, 0.19612, 2.3012]",open,
74.25,1786779398.0084,sample,"[1.79684, -0.94229, 1.16986, -2.16711, 4.68141, 0.0]","[-6.69422, 0.19547, 2.29852]",open,
74.35,1786779398.1039,sample,"[1.79684, -0.9423, 1.17128, -2.16711, 4.68141, 0.0]","[-6.69416, 0.19523, 2.29754]",open,
74.45,1786779398.1989,sample,"[1.79684, -0.9423, 1.1718, -2.16711, 4.68142, 0.0]","[-6.69415, 0.19514, 2.29717]",open,
74.55,1786779398.2983,sample,"[1.79684, -0.9423, 1.17199, -2.16711, 4.68142, 0.0]","[-6.69414, 0.19511, 2.29704]",open,
74.65,1786779398.3968,sample,"[1.79684, -0.9423, 1.17207, -2.16711, 4.68142, 0.0]","[-6.69414, 0.19509, 2.29699]",open,
74.75,1786779398.4961,sample,"[1.79684, -0.94231, 1.17207, -2.16711, 4.68143, 0.0]","[-6.69414, 0.19509, 2.29699]",open,
74.85,1786779398.5954,sample,"[1.79684, -0.94231, 1.17207, -2.16711, 4.68143, 0.0]","[-6.69414, 0.19509, 2.29699]",open,
74.95,1786779398.6955,sample,"[1.79684, -0.94232, 1.18465, -2.16711, 4.68143, 0.0]","[-6.69363, 0.19289, 2.28824]",open,
75.05,1786779398.7955,sample,"[1.79684, -0.94644, 1.20411, -2.16711, 4.68143, 0.0]","[-6.69253, 0.18807, 2.27905]",open,
75.15,1786779398.8954,sample,"[1.79685, -0.96586, 1.21233, -2.16711, 4.68144, 0.0]","[-6.69083, 0.18068, 2.29368]",open,
75.25,1786779398.9921,sample,"[1.79685, -0.99198, 1.21535, -2.1671, 4.68144, 0.0]","[-6.68878, 0.17178, 2.31871]",open,
75.35,1786779399.0902,sample,"[1.79685, -1.02056, 1.21646, -2.1671, 4.68144, 0.0]","[-6.68646, 0.16168, 2.34735]",open,
75.45,1786779399.1921,sample,"[1.79685, -1.04928, 1.21685, -2.1671, 4.68145, 0.0]","[-6.68397, 0.15085, 2.37632]",open,
75.55,1786779399.2954,sample,"[1.79684, -1.06386, 1.21698, -2.1671, 4.68145, 0.0]","[-6.68263, 0.14506, 2.39094]",open,
75.65,1786779399.4037,sample,"[1.79684, -1.06922, 1.21782, -2.1671, 4.68145, 0.0]","[-6.68211, 0.14278, 2.39574]",open,
75.75,1786779399.5015,sample,"[1.79684, -1.07119, 1.23308, -2.1671, 4.68145, 0.0]","[-6.6815, 0.14017, 2.38689]",open,
75.85,1786779399.5973,sample,"[1.79684, -1.07191, 1.25766, -2.1671, 4.68145, 0.0]","[-6.68069, 0.13664, 2.37023]",open,
75.95,1786779399.6977,sample,"[1.79684, -1.07218, 1.28567, -2.1671, 4.68145, 0.0]","[-6.6797, 0.13234, 2.3508]",open,
76.05,1786779399.7991,sample,"[1.79684, -1.08165, 1.31081, -2.1671, 4.68145, 0.0]","[-6.67797, 0.12478, 2.34259]",open,
76.15,1786779399.8941,sample,"[1.79685, -1.10412, 1.32112, -2.1671, 4.68146, 0.0]","[-6.6757, 0.1149, 2.35742]",open,
76.25,1786779399.994,sample,"[1.79685, -1.13136, 1.32566, -2.1671, 4.68146, 0.0]","[-6.67315, 0.10378, 2.38066]",open,
76.35,1786779400.091,sample,"[1.79685, -1.15818, 1.3401, -2.1671, 4.68146, 0.0]","[-6.6702, 0.09098, 2.39617]",open,
76.45,1786779400.1843,sample,"[1.79684, -1.17031, 1.34767, -2.16709, 4.68146, 0.0]","[-6.66881, 0.08496, 2.40231]",open,
76.55,1786779400.2831,sample,"[1.79684, -1.17476, 1.35047, -2.16709, 4.68146, 0.0]","[-6.6683, 0.08273, 2.40455]",open,
76.65,1786779400.3825,sample,"[1.79684, -1.1764, 1.35149, -2.16709, 4.68146, 0.0]","[-6.66811, 0.08191, 2.40536]",open,
76.75,1786779400.4808,sample,"[1.79684, -1.177, 1.35188, -2.16709, 4.68146, 0.0]","[-6.66804, 0.08161, 2.40566]",open,
76.85,1786779400.5809,sample,"[1.79684, -1.17722, 1.35201, -2.16709, 4.68146, 0.0]","[-6.66801, 0.0815, 2.40577]",open,
76.95,1786779400.6769,sample,"[1.79684, -1.1773, 1.35207, -2.16709, 4.68146, 0.0]","[-6.668, 0.08146, 2.40581]",open,
77.05,1786779400.7809,sample,"[1.79684, -1.17733, 1.35207, -2.16709, 4.68146, 0.0]","[-6.668, 0.08145, 2.40583]",open,
77.15,1786779400.8812,sample,"[1.79684, -1.17952, 1.35208, -2.16709, 4.68146, 0.0]","[-6.66779, 0.08052, 2.40789]",open,
77.25,1786779400.975,sample,"[1.79685, -1.19703, 1.35211, -2.16709, 4.68146, 0.0]","[-6.66608, 0.07303, 2.42426]",open,
77.35,1786779401.0744,sample,"[1.79685, -1.22027, 1.3521, -2.16709, 4.68146, 0.0]","[-6.66369, 0.06265, 2.44583]",open,
77.45,1786779401.1752,sample,"[1.79684, -1.23108, 1.35209, -2.16709, 4.68146, 0.0]","[-6.66253, 0.05766, 2.45578]",open,
77.55,1786779401.2729,sample,"[1.79684, -1.23505, 1.35208, -2.16709, 4.68146, 0.0]","[-6.6621, 0.0558, 2.45942]",open,
77.65,1786779401.3721,sample,"[1.79684, -1.23652, 1.35622, -2.16709, 4.68146, 0.0]","[-6.66186, 0.05472, 2.45781]",open,
77.75,1786779401.4712,sample,"[1.79684, -1.23706, 1.37566, -2.16709, 4.68146, 0.0]","[-6.66135, 0.0525, 2.44446]",open,
77.85,1786779401.5699,sample,"[1.79684, -1.23725, 1.40177, -2.16709, 4.68146, 0.0]","[-6.66063, 0.04937, 2.4261]",open,
77.95,1786779401.6676,sample,"[1.79684, -1.23733, 1.43034, -2.16709, 4.68146, 0.0]","[-6.65973, 0.04546, 2.40599]",open,
78.05,1786779401.7615,sample,"[1.79684, -1.23734, 1.45982, -2.16709, 4.68146, 0.0]","[-6.65867, 0.04088, 2.38531]",open,
78.15,1786779401.865,sample,"[1.79684, -1.23735, 1.48548, -2.16709, 4.68147, 0.0]","[-6.65764, 0.0364, 2.36742]",open,
78.25,1786779401.958,sample,"[1.79684, -1.23736, 1.49599, -2.16709, 4.68147, 0.0]","[-6.65719, 0.03444, 2.36014]",open,
78.35,1786779402.0558,sample,"[1.79684, -1.23737, 1.49985, -2.16709, 4.68147, 0.0]","[-6.65702, 0.0337, 2.35747]",open,
78.45,1786779402.149,sample,"[1.79684, -1.23737, 1.50127, -2.16709, 4.68147, 0.0]","[-6.65696, 0.03342, 2.35649]",open,
78.55,1786779402.2409,sample,"[1.79684, -1.23737, 1.50179, -2.16709, 4.68147, 0.0]","[-6.65694, 0.03332, 2.35613]",open,
78.65,1786779402.332,sample,"[1.79684, -1.23737, 1.50198, -2.16709, 4.68147, 0.0]","[-6.65693, 0.03328, 2.356]",open,
78.75,1786779402.4263,sample,"[1.79684, -1.23737, 1.50206, -2.16709, 4.68147, 0.0]","[-6.65692, 0.03327, 2.35595]",open,
78.85,1786779402.5207,sample,"[1.79684, -1.23737, 1.50207, -2.16709, 4.68147, 0.0]","[-6.65692, 0.03327, 2.35594]",open,
78.95,1786779402.6185,sample,"[1.79684, -1.23737, 1.50207, -2.16709, 4.68147, 0.0]","[-6.65692, 0.03327, 2.35594]",open,
79.05,1786779402.7189,sample,"[1.79684, -1.23081, 1.50209, -2.16709, 4.68147, 0.0]","[-6.65748, 0.03567, 2.35007]",open,
79.15,1786779402.8123,sample,"[1.79684, -1.20977, 1.5021, -2.16709, 4.68147, 0.0]","[-6.65919, 0.04312, 2.33115]",open,
79.25,1786779402.907,sample,"[1.79684, -1.18306, 1.50211, -2.16709, 4.68147, 0.0]","[-6.66124, 0.05203, 2.30693]",open,
79.35,1786779403.0005,sample,"[1.79684, -1.1584, 1.50211, -2.16709, 4.68147, 0.0]","[-6.663, 0.05969, 2.28436]",open,
79.45,1786779403.0949,sample,"[1.79684, -1.14827, 1.5021, -2.16709, 4.68147, 0.0]","[-6.66369, 0.06269, 2.27504]",open,
79.55,1786779403.1885,sample,"[1.79684, -1.14454, 1.50209, -2.16709, 4.68147, 0.0]","[-6.66394, 0.06377, 2.27161]",open,
79.65,1786779403.2814,sample,"[1.79684, -1.14318, 1.50208, -2.16709, 4.68148, 0.0]","[-6.66403, 0.06416, 2.27035]",open,
79.75,1786779403.3792,sample,"[1.79684, -1.14267, 1.50207, -2.16709, 4.68148, 0.0]","[-6.66406, 0.0643, 2.26989]",open,
79.85,1786779403.4761,sample,"[1.79684, -1.14249, 1.50207, -2.16709, 4.68148, 0.0]","[-6.66407, 0.06436, 2.26972]",open,
79.95,1786779403.5729,sample,"[1.79684, -1.14243, 1.50207, -2.16709, 4.68148, 0.0]","[-6.66408, 0.06438, 2.26967]",open,
80.05,1786779403.6779,sample,"[1.79684, -1.1424, 1.50207, -2.16709, 4.68149, 0.0]","[-6.66408, 0.06438, 2.26964]",open,
80.15,1786779403.7777,sample,"[1.79684, -1.14237, 1.50207, -2.16709, 4.68149, 0.0]","[-6.66408, 0.06439, 2.26962]",open,
80.25,1786779403.8684,sample,"[1.79684, -1.14237, 1.50207, -2.16709, 4.68149, 0.0]","[-6.66408, 0.06439, 2.26961]",open,
80.35,1786779403.9648,sample,"[1.79684, -1.14237, 1.50207, -2.16709, 4.6815, 0.0]","[-6.66408, 0.06439, 2.26961]",open,
80.45,1786779404.0611,sample,"[1.79684, -1.14237, 1.50207, -2.16709, 4.6815, 0.0]","[-6.66408, 0.06439, 2.26961]",open,
80.55,1786779404.1549,sample,"[1.79684, -1.14237, 1.50207, -2.16709, 4.6815, 0.0]","[-6.66408, 0.06439, 2.26961]",open,
80.65,1786779404.2562,sample,"[1.79761, -1.14237, 1.50207, -2.16709, 4.6815, 0.0]","[-6.66475, 0.06411, 2.26961]",open,
80.75,1786779404.3639,sample,"[1.81286, -1.14237, 1.50207, -2.16709, 4.6815, 0.0]","[-6.67789, 0.05845, 2.26961]",open,
80.85,1786779404.4577,sample,"[1.83744, -1.14237, 1.50207, -2.16709, 4.68149, 0.0]","[-6.69887, 0.0489, 2.26962]",open,
80.95,1786779404.5514,sample,"[1.86544, -1.14237, 1.50207, -2.16709, 4.68149, 0.0]","[-6.72248, 0.0374, 2.26962]",open,
81.05,1786779404.6503,sample,"[1.88531, -1.14237, 1.50207, -2.16709, 4.68149, -0.0]","[-6.73903, 0.02884, 2.26962]",open,
81.15,1786779404.7434,sample,"[1.89262, -1.14237, 1.50207, -2.16709, 4.6815, -0.0]","[-6.74508, 0.02561, 2.26962]",open,
81.25,1786779404.8363,sample,"[1.89531, -1.14237, 1.50207, -2.16709, 4.6815, 0.0]","[-6.7473, 0.02441, 2.26961]",open,
81.35,1786779404.9295,sample,"[1.8963, -1.14237, 1.50207, -2.16709, 4.6815, 0.0]","[-6.74811, 0.02397, 2.26961]",open,
81.45,1786779405.0279,sample,"[1.89666, -1.14237, 1.50207, -2.16709, 4.68151, 0.0]","[-6.74842, 0.0238, 2.26962]",open,
81.55,1786779405.1211,sample,"[1.88423, -1.14237, 1.50207, -2.16709, 4.68151, -0.0]","[-6.73814, 0.02931, 2.26961]",open,
81.65,1786779405.2231,sample,"[1.8607, -1.14237, 1.50207, -2.16709, 4.68152, -0.0]","[-6.71851, 0.03939, 2.26961]",open,
81.75,1786779405.3169,sample,"[1.83307, -1.14237, 1.50207, -2.16709, 4.68152, 0.0]","[-6.69516, 0.05063, 2.26961]",open,
81.85,1786779405.4076,sample,"[1.80395, -1.14237, 1.50207, -2.16709, 4.68153, 0.0]","[-6.67022, 0.06178, 2.26961]",open,
81.95,1786779405.4994,sample,"[1.77427, -1.14237, 1.50207, -2.16709, 4.68153, 0.0]","[-6.64449, 0.07239, 2.26961]",open,
82.05,1786779405.6008,sample,"[1.74439, -1.14237, 1.50207, -2.16709, 4.68154, 0.0]","[-6.61827, 0.08229, 2.26961]",open,
82.15,1786779405.7106,sample,"[1.71443, -1.14237, 1.50207, -2.16709, 4.68155, 0.0]","[-6.5917, 0.09143, 2.26961]",open,
82.25,1786779405.8139,sample,"[1.68663, -1.14237, 1.50207, -2.16709, 4.68155, 0.0]","[-6.56681, 0.09919, 2.26961]",open,
82.35,1786779405.9064,sample,"[1.67414, -1.14237, 1.50207, -2.16709, 4.68155, 0.0]","[-6.55555, 0.10245, 2.26961]",open,
82.45,1786779406.0022,sample,"[1.6654, -1.14237, 1.50207, -2.16709, 4.68155, 0.0]","[-6.54766, 0.10465, 2.26961]",open,
82.55,1786779406.0961,sample,"[1.64429, -1.14237, 1.50207, -2.16709, 4.68155, -0.0]","[-6.52851, 0.10968, 2.26961]",open,
82.65,1786779406.1899,sample,"[1.6217, -1.14237, 1.50207, -2.16709, 4.68155, 0.0]","[-6.5079, 0.11461, 2.26961]",open,
82.75,1786779406.2852,sample,"[1.61232, -1.14237, 1.50207, -2.16709, 4.68155, 0.0]","[-6.49932, 0.11652, 2.26961]",open,
82.85,1786779406.381,sample,"[1.60888, -1.14237, 1.50207, -2.16709, 4.68155, 0.0]","[-6.49616, 0.1172, 2.26961]",open,
82.95,1786779406.4725,sample,"[1.60761, -1.14237, 1.50207, -2.16709, 4.68155, 0.0]","[-6.49499, 0.11745, 2.26961]",open,
83.05,1786779406.5679,sample,"[1.60714, -1.14237, 1.50207, -2.16709, 4.68154, 0.0]","[-6.49457, 0.11754, 2.26961]",open,
83.15,1786779406.6586,sample,"[1.60697, -1.14237, 1.50207, -2.16709, 4.68154, 0.0]","[-6.49441, 0.11757, 2.26961]",open,
83.25,1786779406.7524,sample,"[1.60691, -1.14237, 1.50207, -2.16709, 4.68154, 0.0]","[-6.49436, 0.11758, 2.26961]",open,
83.35,1786779406.8492,sample,"[1.6069, -1.14237, 1.50207, -2.16709, 4.68154, 0.0]","[-6.49434, 0.11758, 2.26961]",open,
83.45,1786779406.9461,sample,"[1.60688, -1.14238, 1.51148, -2.16709, 4.68154, 0.0]","[-6.49424, 0.11507, 2.26333]",open,
83.55,1786779407.0389,sample,"[1.60687, -1.14238, 1.53391, -2.16709, 4.68154, 0.0]","[-6.494, 0.10885, 2.24843]",open,
83.65,1786779407.1346,sample,"[1.60685, -1.14238, 1.55895, -2.16709, 4.68154, 0.0]","[-6.49372, 0.10151, 2.23197]",open,
83.75,1786779407.2309,sample,"[1.60684, -1.14237, 1.57042, -2.16709, 4.68154, 0.0]","[-6.49359, 0.09802, 2.22448]",open,
83.85,1786779407.3244,sample,"[1.60684, -1.14237, 1.57464, -2.16709, 4.68154, 0.0]","[-6.49354, 0.09671, 2.22174]",open,
83.95,1786779407.4199,sample,"[1.60684, -1.14237, 1.57619, -2.16709, 4.68154, 0.0]","[-6.49352, 0.09623, 2.22074]",open,
84.05,1786779407.5179,sample,"[1.60684, -1.14237, 1.57677, -2.16709, 4.68154, 0.0]","[-6.49351, 0.09605, 2.22037]",open,
84.15,1786779407.6164,sample,"[1.60684, -1.14237, 1.57698, -2.16709, 4.68154, 0.0]","[-6.49351, 0.09598, 2.22023]",open,
84.25,1786779407.7125,sample,"[1.60684, -1.14237, 1.57706, -2.16709, 4.68154, 0.0]","[-6.49351, 0.09595, 2.22018]",open,
84.35,1786779407.8109,sample,"[1.60684, -1.14237, 1.57707, -2.16709, 4.68154, 0.0]","[-6.49351, 0.09595, 2.22018]",open,
84.45,1786779407.9152,sample,"[1.60684, -1.14237, 1.57707, -2.16709, 4.68154, 0.0]","[-6.49351, 0.09595, 2.22018]",open,
84.55,1786779408.0111,sample,"[1.60684, -1.14237, 1.57707, -2.16709, 4.68154, 0.0]","[-6.49351, 0.09595, 2.22018]",open,
84.65,1786779408.1065,sample,"[1.60684, -1.14237, 1.57707, -2.16709, 4.68154, 0.0]","[-6.49351, 0.09595, 2.22018]",open,
84.75,1786779408.2013,sample,"[1.60684, -1.14237, 1.57707, -2.16709, 4.68154, 0.0]","[-6.49351, 0.09595, 2.22018]",open,
84.85,1786779408.2991,sample,"[1.60684, -1.14237, 1.57707, -2.16709, 4.68154, 0.0]","[-6.49351, 0.09595, 2.22018]",open,
84.95,1786779408.3925,sample,"[1.60684, -1.14237, 1.57707, -2.16709, 4.68154, 0.0]","[-6.49351, 0.09595, 2.22018]",open,
85.05,1786779408.4914,sample,"[1.60684, -1.14455, 1.57708, -2.16709, 4.68154, 0.0]","[-6.49349, 0.09542, 2.22213]",open,
85.15,1786779408.5875,sample,"[1.60685, -1.16207, 1.57711, -2.16709, 4.68154, 0.0]","[-6.49334, 0.09097, 2.23787]",open,
85.25,1786779408.685,sample,"[1.60685, -1.18748, 1.57711, -2.16709, 4.68154, 0.0]","[-6.49309, 0.08406, 2.26059]",open,
85.35,1786779408.7779,sample,"[1.60684, -1.20324, 1.57709, -2.16709, 4.68154, 0.0]","[-6.49292, 0.07948, 2.27459]",open,
85.45,1786779408.8783,sample,"[1.60684, -1.20903, 1.57708, -2.16709, 4.68154, 0.0]","[-6.49285, 0.07775, 2.27973]",open,
85.55,1786779408.9731,sample,"[1.60684, -1.21116, 1.57707, -2.16709, 4.68154, 0.0]","[-6.49283, 0.0771, 2.28161]",open,
85.65,1786779409.07,sample,"[1.60684, -1.21851, 1.57709, -2.16709, 4.68154, 0.0]","[-6.49275, 0.07483, 2.28808]",open,
85.75,1786779409.1653,sample,"[1.60685, -1.23985, 1.57711, -2.16709, 4.68154, 0.0]","[-6.49251, 0.06799, 2.3068]",open,
85.85,1786779409.2586,sample,"[1.60685, -1.26449, 1.5771, -2.16709, 4.68154, 0.0]","[-6.49221, 0.05961, 2.32825]",open,
85.95,1786779409.3579,sample,"[1.60684, -1.27582, 1.57927, -2.16709, 4.68154, 0.0]","[-6.49204, 0.05508, 2.33656]",open,
86.05,1786779409.4563,sample,"[1.60684, -1.27999, 1.59677, -2.16709, 4.68154, 0.0]","[-6.49184, 0.04957, 2.3282]",open,
86.15,1786779409.5612,sample,"[1.60684, -1.28152, 1.62218, -2.16709, 4.68154, 0.0]","[-6.49159, 0.04288, 2.31229]",open,
86.25,1786779409.6744,sample,"[1.60684, -1.28208, 1.65049, -2.16709, 4.68154, 0.0]","[-6.49132, 0.03533, 2.29377]",open,
86.35,1786779409.7752,sample,"[1.60684, -1.28228, 1.66731, -2.16709, 4.68154, 0.0]","[-6.49115, 0.03064, 2.28275]",open,
86.45,1786779409.8742,sample,"[1.60684, -1.28236, 1.6735, -2.16709, 4.68154, 0.0]","[-6.49109, 0.02886, 2.27872]",open,
86.55,1786779409.9721,sample,"[1.60684, -1.28238, 1.67578, -2.16709, 4.68154, 0.0]","[-6.49106, 0.02821, 2.27723]",open,
86.65,1786779410.0715,sample,"[1.60684, -1.28238, 1.67661, -2.16709, 4.68154, 0.0]","[-6.49106, 0.02797, 2.27668]",open,
86.75,1786779410.1681,sample,"[1.60684, -1.28239, 1.67692, -2.16709, 4.68154, 0.0]","[-6.49105, 0.02788, 2.27648]",open,
86.85,1786779410.2655,sample,"[1.60684, -1.28239, 1.67703, -2.16709, 4.68154, 0.0]","[-6.49105, 0.02784, 2.27641]",open,
86.95,1786779410.3573,sample,"[1.60684, -1.2824, 1.67707, -2.16709, 4.68154, 0.0]","[-6.49105, 0.02783, 2.27639]",open,
87.05,1786779410.4545,sample,"[1.60684, -1.2824, 1.67707, -2.16709, 4.68154, 0.0]","[-6.49105, 0.02783, 2.2764]",open,
87.15,1786779410.5469,sample,"[1.60684, -1.2824, 1.67707, -2.16709, 4.68154, 0.0]","[-6.49105, 0.02783, 2.2764]",open,
87.25,1786779410.6421,sample,"[1.60684, -1.2824, 1.67707, -2.16709, 4.68154, 0.0]","[-6.49105, 0.02783, 2.2764]",open,
87.35,1786779410.7415,sample,"[1.60761, -1.28241, 1.67707, -2.16709, 4.68154, 0.0]","[-6.49169, 0.02768, 2.2764]",open,
87.45,1786779410.8343,sample,"[1.62286, -1.28241, 1.67707, -2.16709, 4.68154, 0.0]","[-6.50429, 0.02466, 2.2764]",open,
87.55,1786779410.9266,sample,"[1.64086, -1.28241, 1.67707, -2.16709, 4.68153, 0.0]","[-6.5191, 0.02085, 2.2764]",open,
87.65,1786779411.0255,sample,"[1.64782, -1.28241, 1.67707, -2.16709, 4.68153, 0.0]","[-6.52481, 0.0193, 2.27641]",open,
87.75,1786779411.1208,sample,"[1.65038, -1.28242, 1.67707, -2.16709, 4.68153, 0.0]","[-6.5269, 0.01873, 2.27641]",open,
87.85,1786779411.2156,sample,"[1.65132, -1.28242, 1.67707, -2.16709, 4.68153, 0.0]","[-6.52767, 0.01851, 2.27641]",open,
87.95,1786779411.3096,sample,"[1.65167, -1.28242, 1.67707, -2.16709, 4.68153, 0.0]","[-6.52796, 0.01843, 2.27641]",open,
88.05,1786779411.4014,sample,"[1.65179, -1.28242, 1.67707, -2.16709, 4.68153, 0.0]","[-6.52806, 0.0184, 2.27641]",open,
88.15,1786779411.4966,sample,"[1.65184, -1.28242, 1.67707, -2.16709, 4.68153, 0.0]","[-6.5281, 0.01839, 2.27642]",open,
88.25,1786779411.5885,sample,"[1.65184, -1.28243, 1.67707, -2.16709, 4.68153, 0.0]","[-6.5281, 0.01839, 2.27642]",open,
88.35,1786779411.688,sample,"[1.64967, -1.28243, 1.67707, -2.16709, 4.68154, 0.0]","[-6.52632, 0.01888, 2.27642]",open,
88.45,1786779411.7793,sample,"[1.63218, -1.28243, 1.67707, -2.16709, 4.68154, -0.0]","[-6.51196, 0.02272, 2.27642]",open,
88.55,1786779411.876,sample,"[1.60678, -1.28243, 1.67707, -2.16709, 4.68155, 0.0]","[-6.491, 0.02783, 2.27642]",open,
88.65,1786779411.9713,sample,"[1.59103, -1.28243, 1.67707, -2.16709, 4.68155, 0.0]","[-6.47794, 0.03074, 2.27642]",open,
88.75,1786779412.0656,sample,"[1.58524, -1.28243, 1.67707, -2.16709, 4.68155, 0.0]","[-6.47313, 0.03176, 2.27642]",open,
88.85,1786779412.1614,sample,"[1.58311, -1.28243, 1.67707, -2.16709, 4.68155, 0.0]","[-6.47136, 0.03212, 2.27642]",open,
88.95,1786779412.2538,sample,"[1.58233, -1.28243, 1.67707, -2.16709, 4.68155, 0.0]","[-6.47071, 0.03226, 2.27642]",open,
89.05,1786779412.3515,sample,"[1.57986, -1.28243, 1.67707, -2.16709, 4.68155, 0.0]","[-6.46865, 0.03267, 2.27642]",open,
89.15,1786779412.4495,sample,"[1.56301, -1.28243, 1.67707, -2.16709, 4.68155, -0.0]","[-6.4546, 0.0354, 2.27642]",open,
89.25,1786779412.545,sample,"[1.55281, -1.28243, 1.67707, -2.16709, 4.68155, 0.0]","[-6.44607, 0.03693, 2.27642]",open,
89.35,1786779412.6404,sample,"[1.54905, -1.28243, 1.67707, -2.16709, 4.68155, 0.0]","[-6.44293, 0.03747, 2.27642]",open,
89.45,1786779412.7387,sample,"[1.54767, -1.28244, 1.68964, -2.16709, 4.68155, 0.0]","[-6.44185, 0.03401, 2.26815]",open,
89.55,1786779412.836,sample,"[1.54717, -1.28243, 1.71247, -2.16709, 4.68155, 0.0]","[-6.44159, 0.02717, 2.25323]",open,
89.65,1786779412.9293,sample,"[1.54698, -1.28244, 1.72488, -2.16709, 4.68155, 0.0]","[-6.44153, 0.02329, 2.2452]",open,
89.75,1786779413.0236,sample,"[1.54692, -1.28244, 1.72944, -2.16709, 4.68155, 0.0]","[-6.44152, 0.02184, 2.24227]",open,
89.85,1786779413.1194,sample,"[1.5469, -1.28245, 1.73112, -2.16709, 4.68155, 0.0]","[-6.44151, 0.0213, 2.24119]",open,
89.95,1786779413.2182,sample,"[1.54688, -1.28244, 1.74113, -2.16709, 4.68155, 0.0]","[-6.44158, 0.01805, 2.23475]",open,
90.05,1786779413.315,sample,"[1.54687, -1.28243, 1.76302, -2.16709, 4.68155, 0.0]","[-6.44174, 0.0107, 2.22081]",open,
90.15,1786779413.4114,sample,"[1.54685, -1.28244, 1.77508, -2.16709, 4.68155, 0.0]","[-6.44183, 0.00652, 2.21321]",open,
90.25,1786779413.5066,sample,"[1.54684, -1.28245, 1.77952, -2.16709, 4.68155, 0.0]","[-6.44186, 0.00497, 2.21043]",open,
90.35,1786779413.5994,sample,"[1.54684, -1.28245, 1.78115, -2.16709, 4.68155, 0.0]","[-6.44187, 0.00439, 2.20941]",open,
90.45,1786779413.6938,sample,"[1.54684, -1.28245, 1.78175, -2.16709, 4.68155, 0.0]","[-6.44188, 0.00418, 2.20903]",open,
90.55,1786779413.7876,sample,"[1.54684, -1.28245, 1.78198, -2.16709, 4.68155, 0.0]","[-6.44188, 0.00409, 2.20889]",open,
90.65,1786779413.8859,sample,"[1.54684, -1.28245, 1.78206, -2.16709, 4.68155, 0.0]","[-6.44188, 0.00407, 2.20884]",open,
90.75,1786779413.9848,sample,"[1.54684, -1.28245, 1.78207, -2.16709, 4.68155, 0.0]","[-6.44188, 0.00406, 2.20883]",open,
90.85,1786779414.0851,sample,"[1.54684, -1.28244, 1.78622, -2.16709, 4.68155, 0.0]","[-6.44192, 0.00259, 2.20623]",open,
90.95,1786779414.186,sample,"[1.54684, -1.28244, 1.80151, -2.16709, 4.68155, 0.0]","[-6.44205, -0.00295, 2.19671]",open,
91.05,1786779414.2799,sample,"[1.54684, -1.28245, 1.8082, -2.16709, 4.68155, 0.0]","[-6.44211, -0.00542, 2.19258]",open,
91.15,1786779414.3747,sample,"[1.54684, -1.28245, 1.81066, -2.16709, 4.68155, 0.0]","[-6.44213, -0.00633, 2.19107]",open,
91.25,1786779414.4684,sample,"[1.54684, -1.28245, 1.81157, -2.16709, 4.68155, 0.0]","[-6.44214, -0.00667, 2.19051]",open,
91.35,1786779414.5663,sample,"[1.54684, -1.28245, 1.81189, -2.16709, 4.68155, 0.0]","[-6.44214, -0.00679, 2.19031]",open,
91.45,1786779414.663,sample,"[1.54684, -1.28245, 1.81202, -2.16709, 4.68155, 0.0]","[-6.44214, -0.00684, 2.19023]",open,
91.55,1786779414.7574,sample,"[1.54684, -1.28245, 1.81207, -2.16709, 4.68155, 0.0]","[-6.44214, -0.00686, 2.1902]",open,
91.65,1786779414.8506,sample,"[1.54684, -1.28245, 1.81207, -2.16709, 4.68155, -0.0]","[-6.44214, -0.00686, 2.1902]",open,
91.75,1786779414.9504,sample,"[1.5427, -1.28245, 1.81207, -2.16709, 4.68156, -0.0]","[-6.43886, -0.00628, 2.1902]",open,
91.85,1786779415.0467,sample,"[1.52547, -1.28245, 1.81207, -2.16709, 4.68156, -0.0]","[-6.42516, -0.004, 2.1902]",open,
91.95,1786779415.1409,sample,"[1.51687, -1.28245, 1.81207, -2.16709, 4.68156, 0.0]","[-6.41831, -0.00295, 2.1902]",open,
92.05,1786779415.2434,sample,"[1.51371, -1.28245, 1.81207, -2.16709, 4.68156, 0.0]","[-6.41579, -0.00258, 2.1902]",open,
92.15,1786779415.3411,sample,"[1.51037, -1.28245, 1.81207, -2.16709, 4.68156, -0.0]","[-6.41312, -0.0022, 2.1902]",open,
92.25,1786779415.436,sample,"[1.49658, -1.28245, 1.81207, -2.16709, 4.68157, 0.0]","[-6.40211, -0.00072, 2.1902]",open,
92.35,1786779415.5293,sample,"[1.49044, -1.28245, 1.81207, -2.16709, 4.68157, 0.0]","[-6.39721, -0.00011, 2.1902]",open,
92.45,1786779415.6191,sample,"[1.48818, -1.28245, 1.81207, -2.16709, 4.68157, 0.0]","[-6.3954, 0.00011, 2.1902]",open,
92.55,1786779415.7129,sample,"[1.48735, -1.28245, 1.81207, -2.16709, 4.68157, 0.0]","[-6.39473, 0.00019, 2.1902]",open,
92.65,1786779415.8077,sample,"[1.48705, -1.28245, 1.81207, -2.16709, 4.68157, 0.0]","[-6.39449, 0.00022, 2.1902]",open,
92.75,1786779415.9,sample,"[1.48692, -1.28245, 1.81207, -2.16709, 4.68157, 0.0]","[-6.39439, 0.00023, 2.1902]",open,
92.85,1786779415.9985,sample,"[1.48472, -1.28245, 1.81207, -2.16709, 4.68157, -0.0]","[-6.39263, 0.00044, 2.1902]",open,
92.95,1786779416.0933,sample,"[1.46719, -1.28245, 1.81207, -2.16709, 4.68157, -0.0]","[-6.37859, 0.00194, 2.1902]",open,
93.05,1786779416.1911,sample,"[1.44396, -1.28245, 1.81207, -2.16709, 4.68158, 0.0]","[-6.35994, 0.00355, 2.1902]",open,
93.15,1786779416.291,sample,"[1.43316, -1.28245, 1.81207, -2.16709, 4.68158, 0.0]","[-6.35125, 0.00415, 2.1902]",open,
93.25,1786779416.3915,sample,"[1.42918, -1.28244, 1.82148, -2.16709, 4.68158, 0.0]","[-6.34855, 0.00084, 2.18442]",open,
93.35,1786779416.4864,sample,"[1.42772, -1.28243, 1.84391, -2.16709, 4.68158, 0.0]","[-6.34862, -0.00766, 2.17079]",open,
93.45,1786779416.5806,sample,"[1.42718, -1.28245, 1.8617, -2.16709, 4.68158, -0.0]","[-6.34921, -0.01464, 2.16013]",open,
93.55,1786779416.6746,sample,"[1.427, -1.28277, 1.86769, -2.16713, 4.68146, 0.0]","[-6.34941, -0.01709, 2.15681]",open,
93.65,1786779416.7699,sample,"[1.42695, -1.28295, 1.86978, -2.16713, 4.68148, 0.0]","[-6.34949, -0.01796, 2.15571]",open,
93.75,1786779416.8633,sample,"[1.42692, -1.28297, 1.87063, -2.16713, 4.68148, 0.0]","[-6.34953, -0.01831, 2.15522]",open,
93.85,1786779416.9581,sample,"[1.4269, -1.28298, 1.87099, -2.16713, 4.68148, 0.0]","[-6.34953, -0.01846, 2.15502]",open,
93.95,1786779417.0509,sample,"[1.42688, -1.28297, 1.87113, -2.16713, 4.68148, 0.0]","[-6.34953, -0.01851, 2.15493]",open,
94.05,1786779417.1441,sample,"[1.42687, -1.28298, 1.87119, -2.16713, 4.68148, 0.0]","[-6.34952, -0.01853, 2.1549]",open,
94.15,1786779417.2385,sample,"[1.42686, -1.28299, 1.87119, -2.16713, 4.68148, 0.0]","[-6.34951, -0.01854, 2.1549]",open,
94.25,1786779417.3364,sample,"[1.42686, -1.28299, 1.8712, -2.16713, 4.68148, 0.0]","[-6.34951, -0.01854, 2.1549]",open,
94.35,1786779417.4287,sample,"[1.42686, -1.283, 1.8712, -2.16713, 4.68148, 0.0]","[-6.34951, -0.01854, 2.1549]",open,
94.45,1786779417.5266,sample,"[1.42686, -1.283, 1.8712, -2.16713, 4.68148, 0.0]","[-6.34951, -0.01854, 2.1549]",open,
94.55,1786779417.616,sample,"[1.42686, -1.283, 1.87121, -2.16713, 4.68148, 0.0]","[-6.34951, -0.01854, 2.15491]",open,
94.65,1786779417.7112,sample,"[1.42686, -1.283, 1.87121, -2.16713, 4.68148, 0.0]","[-6.34951, -0.01854, 2.1549]",open,
94.75,1786779417.803,sample,"[1.42686, -1.28299, 1.87121, -2.16713, 4.68148, 0.0]","[-6.34951, -0.01854, 2.1549]",open,
94.85,1786779417.9004,sample,"[1.42686, -1.28299, 1.87121, -2.16713, 4.68148, 0.0]","[-6.34951, -0.01854, 2.1549]",open,
94.95,1786779417.9986,sample,"[1.42686, -1.283, 1.87121, -2.16713, 4.68148, 0.0]","[-6.34951, -0.01855, 2.1549]",open,
95.05,1786779418.111,sample,"[1.42686, -1.28299, 1.87121, -2.16713, 4.68148, 0.0]","[-6.34951, -0.01855, 2.15489]",closed,pkg_001
95.15,1786779418.2522,sample,"[1.42686, -1.28299, 1.87122, -2.16713, 4.68148, 0.0]","[-6.34951, -0.01855, 2.15489]",closed,pkg_001
95.25,1786779418.3581,sample,"[1.42685, -1.28299, 1.87122, -2.16713, 4.68148, 0.0]","[-6.34951, -0.01855, 2.15489]",closed,pkg_001
95.35,1786779418.4574,sample,"[1.42686, -1.283, 1.87121, -2.16713, 4.68149, 0.0]","[-6.34951, -0.01855, 2.1549]",closed,pkg_001
95.45,1786779418.5603,sample,"[1.42686, -1.283, 1.87121, -2.16713, 4.68149, 0.0]","[-6.34951, -0.01855, 2.1549]",closed,pkg_001
95.55,1786779418.6601,sample,"[1.42686, -1.28299, 1.87121, -2.16713, 4.6815, 0.0]","[-6.34951, -0.01854, 2.15489]",closed,pkg_001
95.65,1786779418.7685,sample,"[1.42686, -1.28299, 1.87121, -2.16713, 4.68149, 0.0]","[-6.34951, -0.01854, 2.15489]",closed,pkg_001
95.75,1786779418.8814,sample,"[1.42611, -1.28299, 1.87122, -2.16713, 4.6815, 0.0]","[-6.34893, -0.01851, 2.15489]",closed,pkg_001
95.85,1786779418.9808,sample,"[1.41108, -1.28291, 1.87127, -2.167, 4.681, 0.0]","[-6.33714, -0.01789, 2.15479]",closed,pkg_001
95.95,1786779419.0821,sample,"[1.38664, -1.28286, 1.87129, -2.16694, 4.68068, 0.0]","[-6.31798, -0.01723, 2.15472]",closed,pkg_001
96.05,1786779419.1815,sample,"[1.35869, -1.28286, 1.87129, -2.1669, 4.68049, 0.0]","[-6.29608, -0.01704, 2.15472]",closed,pkg_001
96.15,1786779419.2839,sample,"[1.32946, -1.28286, 1.87128, -2.16689, 4.68043, 0.0]","[-6.2732, -0.01748, 2.15473]",closed,pkg_001
96.25,1786779419.3902,sample,"[1.29974, -1.28285, 1.87128, -2.16688, 4.68037, 0.0]","[-6.24995, -0.01863, 2.15472]",closed,pkg_001
96.35,1786779419.4996,sample,"[1.27639, -1.28287, 1.87127, -2.16688, 4.68044, 0.0]","[-6.23173, -0.02, 2.15474]",closed,pkg_001
96.45,1786779419.6025,sample,"[1.26735, -1.28289, 1.87126, -2.167, 4.6808, 0.0]","[-6.2247, -0.02063, 2.15478]",closed,pkg_001
96.55,1786779419.703,sample,"[1.26394, -1.28291, 1.87125, -2.16707, 4.68106, 0.0]","[-6.22207, -0.02088, 2.15481]",closed,pkg_001
96.65,1786779419.808,sample,"[1.26674, -1.28297, 1.87121, -2.16718, 4.68137, 0.0]","[-6.22427, -0.02064, 2.15488]",closed,pkg_001
96.75,1786779419.9129,sample,"[1.28545, -1.28307, 1.87114, -2.16736, 4.68186, -0.0]","[-6.2389, -0.01932, 2.15503]",closed,pkg_001
96.85,1786779420.0169,sample,"[1.31124, -1.28311, 1.8711, -2.16747, 4.68224, -0.0]","[-6.25909, -0.01798, 2.15509]",closed,pkg_001
96.95,1786779420.1187,sample,"[1.33968, -1.28313, 1.87108, -2.16751, 4.68251, -0.0]","[-6.28136, -0.01712, 2.15512]",closed,pkg_001
97.05,1786779420.2195,sample,"[1.36909, -1.28314, 1.87106, -2.16753, 4.68267, -0.0]","[-6.3044, -0.0169, 2.15514]",closed,pkg_001
97.15,1786779420.3309,sample,"[1.39887, -1.28315, 1.87106, -2.16753, 4.68268, -0.0]","[-6.32772, -0.01738, 2.15515]",closed,pkg_001
97.25,1786779420.4439,sample,"[1.42879, -1.28316, 1.87106, -2.16753, 4.68269, -0.0]","[-6.35112, -0.01856, 2.15516]",closed,pkg_001
97.35,1786779420.5564,sample,"[1.45876, -1.28317, 1.87106, -2.16753, 4.6827, -0.0]","[-6.37452, -0.02044, 2.15516]",closed,pkg_001
97.45,1786779420.6624,sample,"[1.48898, -1.28944, 1.87152, -2.1674, 4.68225, -0.0]","[-6.3981, -0.02438, 2.15968]",closed,pkg_001
97.55,1786779420.7669,sample,"[1.51917, -1.30423, 1.87188, -2.16726, 4.68181, -0.0]","[-6.42158, -0.03064, 2.17074]",closed,pkg_001
97.65,1786779420.8649,sample,"[1.54924, -1.3283, 1.87202, -2.16726, 4.68169, -0.0]","[-6.44475, -0.03958, 2.18894]",closed,pkg_001
97.75,1786779420.966,sample,"[1.57926, -1.35612, 1.87206, -2.16725, 4.68166, -0.0]","[-6.46746, -0.05047, 2.2099]",closed,pkg_001
97.85,1786779421.0666,sample,"[1.60927, -1.38532, 1.87209, -2.16725, 4.68165, -0.0]","[-6.4896, -0.06297, 2.2317]",closed,pkg_001
97.95,1786779421.1593,sample,"[1.63928, -1.41503, 1.8721, -2.16725, 4.68164, -0.0]","[-6.51108, -0.07687, 2.25367]",closed,pkg_001
98.05,1786779421.2694,sample,"[1.66928, -1.44492, 1.8721, -2.16725, 4.68164, -0.0]","[-6.53184, -0.09209, 2.27554]",closed,pkg_001
98.15,1786779421.3761,sample,"[1.69928, -1.47488, 1.8721, -2.16724, 4.68163, -0.0]","[-6.55178, -0.10856, 2.29719]",closed,pkg_001
98.25,1786779421.488,sample,"[1.72929, -1.50486, 1.8721, -2.16724, 4.68162, -0.0]","[-6.57084, -0.12623, 2.31857]",closed,pkg_001
98.35,1786779421.5974,sample,"[1.75929, -1.53486, 1.8721, -2.16723, 4.68161, 0.0]","[-6.58895, -0.14503, 2.33966]",closed,pkg_001
98.45,1786779421.6979,sample,"[1.78929, -1.56486, 1.8721, -2.16722, 4.6816, 0.0]","[-6.60604, -0.16493, 2.36041]",closed,pkg_001
98.55,1786779421.8039,sample,"[1.81929, -1.59486, 1.8721, -2.16722, 4.6816, 0.0]","[-6.62204, -0.18584, 2.38083]",closed,pkg_001
98.65,1786779421.9112,sample,"[1.84929, -1.62486, 1.8721, -2.16721, 4.68159, 0.0]","[-6.6369, -0.20772, 2.40087]",closed,pkg_001
98.75,1786779422.0205,sample,"[1.87929, -1.65486, 1.8721, -2.16721, 4.68158, 0.0]","[-6.65057, -0.2305, 2.42054]",closed,pkg_001
98.85,1786779422.1215,sample,"[1.9093, -1.68486, 1.8721, -2.1672, 4.68157, 0.0]","[-6.66297, -0.2541, 2.43981]",closed,pkg_001
98.95,1786779422.2259,sample,"[1.9393, -1.71487, 1.8721, -2.16719, 4.68156, 0.0]","[-6.67408, -0.27846, 2.45867]",closed,pkg_001
99.05,1786779422.3286,sample,"[1.9693, -1.74487, 1.8721, -2.16719, 4.68155, 0.0]","[-6.68384, -0.30349, 2.47708]",closed,pkg_001
99.15,1786779422.4336,sample,"[1.9993, -1.77487, 1.8721, -2.16718, 4.68154, 0.0]","[-6.69221, -0.32913, 2.49505]",closed,pkg_001
99.25,1786779422.5385,sample,"[2.0293, -1.80487, 1.8721, -2.16717, 4.68153, 0.0]","[-6.69916, -0.35528, 2.51256]",closed,pkg_001
99.35,1786779422.6384,sample,"[2.05931, -1.83487, 1.8721, -2.16716, 4.68151, 0.0]","[-6.70466, -0.38188, 2.52958]",closed,pkg_001
99.45,1786779422.7386,sample,"[2.08931, -1.86487, 1.8721, -2.16716, 4.68149, 0.0]","[-6.70868, -0.40882, 2.5461]",closed,pkg_001
99.55,1786779422.8385,sample,"[2.11932, -1.89488, 1.8721, -2.16715, 4.68147, 0.0]","[-6.71119, -0.43604, 2.56211]",closed,pkg_001
99.65,1786779422.9399,sample,"[2.14932, -1.92488, 1.8721, -2.16715, 4.68146, 0.0]","[-6.7122, -0.46344, 2.57759]",closed,pkg_001
99.75,1786779423.0412,sample,"[2.17933, -1.95488, 1.8721, -2.16714, 4.68144, 0.0]","[-6.71167, -0.49093, 2.59254]",closed,pkg_001
99.85,1786779423.144,sample,"[2.20933, -1.98489, 1.8721, -2.16714, 4.68142, 0.0]","[-6.70962, -0.51842, 2.60693]",closed,pkg_001
99.95,1786779423.2375,sample,"[2.23935, -2.00233, 1.8721, -2.16713, 4.6814, 0.0]","[-6.71103, -0.53952, 2.61503]",closed,pkg_001
100.05,1786779423.3344,sample,"[2.26935, -2.00875, 1.87211, -2.16712, 4.68139, 0.0]","[-6.71601, -0.55511, 2.61796]",closed,pkg_001
100.15,1786779423.4297,sample,"[2.29935, -2.01111, 1.87212, -2.16712, 4.68139, 0.0]","[-6.72217, -0.56883, 2.61902]",closed,pkg_001
100.25,1786779423.5212,sample,"[2.32934, -2.01198, 1.87212, -2.16711, 4.68139, 0.0]","[-6.72853, -0.582, 2.61941]",closed,pkg_001
100.35,1786779423.6207,sample,"[2.35934, -2.0123, 1.87212, -2.16711, 4.68138, 0.0]","[-6.73472, -0.5951, 2.61956]",closed,pkg_001
100.45,1786779423.7161,sample,"[2.38934, -2.01239, 1.87212, -2.16711, 4.68138, 0.0]","[-6.74063, -0.60827, 2.6196]",closed,pkg_001
100.55,1786779423.8095,sample,"[2.41935, -2.01246, 1.87212, -2.16711, 4.68139, 0.0]","[-6.74615, -0.6216, 2.61963]",closed,pkg_001
100.65,1786779423.904,sample,"[2.44934, -2.01663, 1.87212, -2.1671, 4.68139, 0.0]","[-6.74924, -0.63677, 2.62151]",closed,pkg_001
100.75,1786779423.9973,sample,"[2.47934, -2.03605, 1.87211, -2.1671, 4.68139, 0.0]","[-6.74399, -0.65807, 2.63014]",closed,pkg_001
100.85,1786779424.0915,sample,"[2.49994, -2.06216, 1.8721, -2.1671, 4.68141, 0.0]","[-6.73304, -0.67755, 2.64134]",closed,pkg_001
100.95,1786779424.1854,sample,"[2.50753, -2.09073, 1.8721, -2.1671, 4.68142, 0.0]","[-6.71852, -0.69219, 2.65308]",closed,pkg_001
101.05,1786779424.2779,sample,"[2.51032, -2.12021, 1.8721, -2.1671, 4.68142, 0.0]","[-6.70259, -0.70523, 2.6646]",closed,pkg_001
101.15,1786779424.3711,sample,"[2.51135, -2.15003, 1.8721, -2.1671, 4.68142, 0.0]","[-6.68599, -0.71782, 2.67565]",closed,pkg_001
101.25,1786779424.473,sample,"[2.51172, -2.17996, 1.8721, -2.1671, 4.68142, 0.0]","[-6.66898, -0.73038, 2.68612]",closed,pkg_001
101.35,1786779424.5729,sample,"[2.51186, -2.20776, 1.87209, -2.1671, 4.68142, 0.0]","[-6.65295, -0.74212, 2.69528]",closed,pkg_001
101.45,1786779424.6747,sample,"[2.51193, -2.22025, 1.87209, -2.1671, 4.68142, 0.0]","[-6.64568, -0.74744, 2.69921]",closed,pkg_001
101.55,1786779424.7705,sample,"[2.51195, -2.21545, 1.87207, -2.1671, 4.6814, 0.0]","[-6.64848, -0.74541, 2.69773]",closed,pkg_001
101.65,1786779424.8659,sample,"[2.51194, -2.19471, 1.87208, -2.1671, 4.6814, 0.0]","[-6.66051, -0.73665, 2.69106]",closed,pkg_001
101.75,1786779424.9576,sample,"[2.51194, -2.16811, 1.87208, -2.16709, 4.6814, 0.0]","[-6.67577, -0.72553, 2.68206]",closed,pkg_001
101.85,1786779425.0521,sample,"[2.51194, -2.13936, 1.87209, -2.16709, 4.6814, 0.0]","[-6.69204, -0.71367, 2.67178]",closed,pkg_001
101.95,1786779425.1494,sample,"[2.51195, -2.112, 1.87209, -2.1671, 4.6814, 0.0]","[-6.7073, -0.70256, 2.66146]",closed,pkg_001
102.05,1786779425.2452,sample,"[2.51197, -2.09967, 1.8721, -2.1671, 4.6814, 0.0]","[-6.7141, -0.69761, 2.65663]",closed,pkg_001
102.15,1786779425.3391,sample,"[2.51197, -2.09513, 1.87211, -2.1671, 4.6814, 0.0]","[-6.71659, -0.6958, 2.65482]",closed,pkg_001
102.25,1786779425.4385,sample,"[2.51197, -2.09347, 1.87212, -2.1671, 4.68141, 0.0]","[-6.7175, -0.69514, 2.65416]",closed,pkg_001
102.35,1786779425.5359,sample,"[2.51198, -2.09285, 1.87212, -2.1671, 4.68141, 0.0]","[-6.71784, -0.69489, 2.65391]",closed,pkg_001
102.45,1786779425.6377,sample,"[2.51198, -2.10202, 1.87212, -2.1671, 4.68141, 0.0]","[-6.7128, -0.69856, 2.65755]",closed,pkg_001
102.55,1786779425.7462,sample,"[2.512, -2.12436, 1.87211, -2.1671, 4.68142, 0.0]","[-6.70044, -0.70758, 2.66617]",closed,pkg_001
102.65,1786779425.847,sample,"[2.51201, -2.15156, 1.8815, -2.1671, 4.68141, 0.0]","[-6.68657, -0.71769, 2.66967]",closed,pkg_001
102.75,1786779425.9454,sample,"[2.51201, -2.18053, 1.90392, -2.1671, 4.68139, 0.0]","[-6.67374, -0.72704, 2.66428]",closed,pkg_001
102.85,1786779426.0412,sample,"[2.51198, -2.20075, 1.93112, -2.16709, 4.68138, 0.0]","[-6.66663, -0.7322, 2.65223]",closed,pkg_001
102.95,1786779426.1366,sample,"[2.51198, -2.20819, 1.9601, -2.16709, 4.68138, 0.0]","[-6.66668, -0.73216, 2.63449]",closed,pkg_001
103.05,1786779426.231,sample,"[2.51197, -2.21092, 1.98973, -2.16709, 4.68138, 0.0]","[-6.66899, -0.73048, 2.61459]",closed,pkg_001
103.15,1786779426.3329,sample,"[2.51197, -2.21194, 2.0196, -2.16709, 4.68137, 0.0]","[-6.67178, -0.72844, 2.59383]",closed,pkg_001
103.25,1786779426.4268,sample,"[2.51198, -2.2123, 2.04015, -2.1671, 4.68139, 0.0]","[-6.67358, -0.72713, 2.57936]",closed,pkg_001
103.35,1786779426.5232,sample,"[2.51198, -2.21243, 2.04771, -2.1671, 4.6814, 0.0]","[-6.67419, -0.72669, 2.57403]",closed,pkg_001
103.45,1786779426.6225,sample,"[2.51198, -2.21251, 2.04832, -2.1671, 4.68141, 0.0]","[-6.6742, -0.72668, 2.57362]",closed,pkg_001
103.55,1786779426.7203,sample,"[2.51198, -2.21252, 2.03184, -2.1671, 4.68142, 0.0]","[-6.6727, -0.72778, 2.58535]",closed,pkg_001
103.65,1786779426.8141,sample,"[2.51198, -2.21253, 2.00681, -2.16711, 4.68143, 0.0]","[-6.67013, -0.72966, 2.60308]",closed,pkg_001
103.75,1786779426.9145,sample,"[2.51198, -2.21253, 1.97863, -2.1671, 4.68144, 0.0]","[-6.6668, -0.73208, 2.62295]",closed,pkg_001
103.85,1786779427.0088,sample,"[2.51198, -2.21253, 1.9493, -2.16711, 4.68144, 0.0]","[-6.66286, -0.73495, 2.64349]",closed,pkg_001
103.95,1786779427.1036,sample,"[2.51198, -2.21253, 1.91954, -2.16711, 4.68144, 0.0]","[-6.65837, -0.73822, 2.66418]",closed,pkg_001
104.05,1786779427.2049,sample,"[2.51198, -2.21253, 1.88963, -2.16711, 4.68144, 0.0]","[-6.65336, -0.74188, 2.6848]",closed,pkg_001
104.15,1786779427.3078,sample,"[2.51199, -2.22192, 1.85967, -2.16711, 4.68144, 0.0]","[-6.6423, -0.74993, 2.70816]",closed,pkg_001
104.25,1786779427.4051,sample,"[2.512, -2.24434, 1.82968, -2.16711, 4.68144, 0.0]","[-6.62245, -0.7644, 2.73486]",closed,pkg_001
104.35,1786779427.5036,sample,"[2.51202, -2.27156, 1.80907, -2.16711, 4.68144, 0.0]","[-6.60062, -0.78031, 2.75569]",closed,pkg_001
104.45,1786779427.6065,sample,"[2.51202, -2.30054, 1.80149, -2.1671, 4.68143, 0.0]","[-6.58026, -0.79514, 2.76758]",closed,pkg_001
104.55,1786779427.7008,sample,"[2.512, -2.32359, 1.79868, -2.1671, 4.68143, 0.0]","[-6.56468, -0.80648, 2.77442]",closed,pkg_001
104.65,1786779427.7985,sample,"[2.51199, -2.33241, 1.79766, -2.1671, 4.68142, 0.0]","[-6.5587, -0.81084, 2.77688]",closed,pkg_001
104.75,1786779427.905,sample,"[2.51199, -2.33564, 1.78789, -2.1671, 4.68142, 0.0]","[-6.55375, -0.81444, 2.78361]",closed,pkg_001
104.85,1786779428.0007,sample,"[2.51199, -2.33683, 1.76533, -2.16711, 4.68142, 0.0]","[-6.54617, -0.81996, 2.79773]",closed,pkg_001
104.95,1786779428.0959,sample,"[2.51199, -2.33727, 1.73807, -2.16711, 4.68143, 0.0]","[-6.53732, -0.82641, 2.81434]",closed,pkg_001
105.05,1786779428.1892,sample,"[2.51199, -2.33742, 1.70907, -2.16711, 4.68143, 0.0]","[-6.52771, -0.83341, 2.83161]",closed,pkg_001
105.15,1786779428.2845,sample,"[2.51199, -2.33751, 1.67944, -2.16711, 4.68143, 0.0]","[-6.51753, -0.84083, 2.8489]",closed,pkg_001
105.25,1786779428.3809,sample,"[2.51198, -2.33752, 1.65371, -2.16711, 4.68143, 0.0]","[-6.5084, -0.84748, 2.86358]",closed,pkg_001
105.35,1786779428.4751,sample,"[2.51198, -2.33751, 1.64318, -2.1671, 4.68142, 0.0]","[-6.50459, -0.85026, 2.86951]",closed,pkg_001
105.45,1786779428.5745,sample,"[2.51199, -2.33752, 1.63517, -2.1671, 4.68142, 0.0]","[-6.50164, -0.85241, 2.87398]",closed,pkg_001
105.55,1786779428.6699,sample,"[2.51199, -2.33753, 1.61432, -2.16711, 4.68142, 0.0]","[-6.49384, -0.85808, 2.88549]",closed,pkg_001
105.65,1786779428.7653,sample,"[2.51199, -2.33754, 1.58768, -2.16711, 4.68142, 0.0]","[-6.48361, -0.86554, 2.89989]",closed,pkg_001
105.75,1786779428.8695,sample,"[2.51199, -2.33754, 1.55892, -2.16711, 4.68143, 0.0]","[-6.47222, -0.87384, 2.91507]",closed,pkg_001
105.85,1786779428.9669,sample,"[2.51196, -2.325, 1.53592, -2.1671, 4.68142, 0.0]","[-6.47249, -0.87364, 2.92577]",closed,pkg_001
105.95,1786779429.0577,sample,"[2.51194, -2.3014, 1.52714, -2.1671, 4.68141, 0.0]","[-6.48706, -0.86301, 2.92784]",closed,pkg_001
106.05,1786779429.1572,sample,"[2.51194, -2.27375, 1.52392, -2.1671, 4.6814, 0.0]","[-6.50703, -0.84847, 2.92605]",closed,pkg_001
106.15,1786779429.2495,sample,"[2.51193, -2.24461, 1.52274, -2.1671, 4.6814, 0.0]","[-6.52889, -0.83254, 2.92225]",closed,pkg_001
106.25,1786779429.3368,sample,"[2.51193, -2.21492, 1.52231, -2.1671, 4.6814, 0.0]","[-6.55136, -0.81617, 2.91715]",closed,pkg_001
106.35,1786779429.4322,sample,"[2.51193, -2.18503, 1.52215, -2.16709, 4.6814, 0.0]","[-6.57395, -0.79971, 2.91103]",closed,pkg_001
106.45,1786779429.531,sample,"[2.51193, -2.15506, 1.52209, -2.16709, 4.6814, 0.0]","[-6.59646, -0.7833, 2.90401]",closed,pkg_001
106.55,1786779429.625,sample,"[2.51193, -2.12506, 1.51794, -2.1671, 4.6814, 0.0]","[-6.61751, -0.76797, 2.8986]",closed,pkg_001
106.65,1786779429.716,sample,"[2.51193, -2.09506, 1.49851, -2.1671, 4.68141, 0.0]","[-6.63365, -0.75621, 2.90168]",closed,pkg_001
106.75,1786779429.8089,sample,"[2.51193, -2.06505, 1.4724, -2.1671, 4.68142, 0.0]","[-6.64784, -0.74587, 2.90829]",closed,pkg_001
106.85,1786779429.9129,sample,"[2.51195, -2.03919, 1.44384, -2.1671, 4.68142, 0.0]","[-6.65833, -0.73824, 2.91724]",closed,pkg_001
106.95,1786779430.0114,sample,"[2.51194, -2.01922, 1.41435, -2.1671, 4.68142, 0.0]","[-6.66413, -0.73401, 2.92837]",closed,pkg_001
107.05,1786779430.1113,sample,"[2.51193, -1.9929, 1.38454, -2.1671, 4.68142, 0.0]","[-6.6748, -0.72623, 2.93725]",closed,pkg_001
107.15,1786779430.201,sample,"[2.51193, -1.96425, 1.35461, -2.1671, 4.68142, 0.0]","[-6.68739, -0.71706, 2.94496]",closed,pkg_001
107.25,1786779430.2909,sample,"[2.51193, -1.93474, 1.32464, -2.1671, 4.68142, 0.0]","[-6.7008, -0.70728, 2.95191]",closed,pkg_001
107.35,1786779430.3834,sample,"[2.51194, -1.90709, 1.29466, -2.1671, 4.68142, 0.0]","[-6.7129, -0.69848, 2.9591]",closed,pkg_001
107.45,1786779430.479,sample,"[2.51197, -1.89465, 1.26467, -2.16711, 4.68143, 0.0]","[-6.71291, -0.69848, 2.97196]",closed,pkg_001
107.55,1786779430.5655,sample,"[2.51198, -1.89008, 1.23466, -2.16711, 4.68143, 0.0]","[-6.70637, -0.70325, 2.98767]",closed,pkg_001
107.65,1786779430.6538,sample,"[2.51198, -1.8884, 1.20466, -2.16711, 4.68143, 0.0]","[-6.69713, -0.70998, 3.00418]",closed,pkg_001
107.75,1786779430.744,sample,"[2.51199, -1.88778, 1.17465, -2.16711, 4.68143, 0.0]","[-6.68663, -0.71763, 3.02071]",closed,pkg_001
107.85,1786779430.8345,sample,"[2.51416, -1.88757, 1.14682, -2.16711, 4.68142, 0.0]","[-6.6764, -0.72602, 3.03581]",closed,pkg_001
107.95,1786779430.9294,sample,"[2.53165, -1.88748, 1.13432, -2.16711, 4.6814, 0.0]","[-6.67279, -0.736, 3.04248]",closed,pkg_001
108.05,1786779431.0193,sample,"[2.55047, -1.88746, 1.12972, -2.16711, 4.6814, 0.0]","[-6.67209, -0.74426, 3.04492]",closed,pkg_001
108.15,1786779431.1121,sample,"[2.55773, -1.88745, 1.12803, -2.1671, 4.68141, 0.0]","[-6.67181, -0.74741, 3.04581]",closed,pkg_001
108.25,1786779431.2035,sample,"[2.5604, -1.88745, 1.12741, -2.1671, 4.68141, 0.0]","[-6.6717, -0.74857, 3.04614]",closed,pkg_001
108.35,1786779431.2942,sample,"[2.55481, -1.88745, 1.12718, -2.16711, 4.68141, 0.0]","[-6.67131, -0.74655, 3.04626]",closed,pkg_001
108.45,1786779431.3882,sample,"[2.53412, -1.88745, 1.1271, -2.16711, 4.68142, 0.0]","[-6.6701, -0.73891, 3.0463]",closed,pkg_001
108.55,1786779431.4802,sample,"[2.50755, -1.88745, 1.12706, -2.16711, 4.68142, 0.0]","[-6.66833, -0.7291, 3.04632]",closed,pkg_001
108.65,1786779431.5682,sample,"[2.47881, -1.88744, 1.12706, -2.16711, 4.68142, 0.0]","[-6.66614, -0.71855, 3.04632]",closed,pkg_001
108.75,1786779431.6611,sample,"[2.44927, -1.88744, 1.12706, -2.16711, 4.68142, 0.0]","[-6.66358, -0.70777, 3.04632]",closed,pkg_001
108.85,1786779431.7655,sample,"[2.41944, -1.88744, 1.12706, -2.16711, 4.68142, 0.0]","[-6.66066, -0.69697, 3.04632]",closed,pkg_001
108.95,1786779431.8654,sample,"[2.3895, -1.88744, 1.12706, -2.16711, 4.68142, 0.0]","[-6.65742, -0.68622, 3.04632]",closed,pkg_001
109.05,1786779431.9677,sample,"[2.36367, -1.88744, 1.12706, -2.16711, 4.68142, 0.0]","[-6.65436, -0.67702, 3.04632]",closed,pkg_001
109.15,1786779432.0647,sample,"[2.3531, -1.88744, 1.12705, -2.1671, 4.68141, 0.0]","[-6.65304, -0.67328, 3.04632]",closed,pkg_001
109.25,1786779432.1566,sample,"[2.35139, -1.88743, 1.12705, -2.1671, 4.6814, 0.0]","[-6.65283, -0.67267, 3.04632]",closed,pkg_001
109.35,1786779432.2483,sample,"[2.36746, -1.88742, 1.12705, -2.1671, 4.68139, 0.0]","[-6.65483, -0.67836, 3.04632]",closed,pkg_001
109.45,1786779432.3397,sample,"[2.39234, -1.88742, 1.12704, -2.1671, 4.68139, 0.0]","[-6.65775, -0.68722, 3.04632]",closed,pkg_001
109.55,1786779432.4314,sample,"[2.42046, -1.88741, 1.12704, -2.1671, 4.68139, 0.0]","[-6.66079, -0.69732, 3.04632]",closed,pkg_001
109.65,1786779432.5235,sample,"[2.44977, -1.88741, 1.12704, -2.1671, 4.68139, 0.0]","[-6.66365, -0.70793, 3.04632]",closed,pkg_001
109.75,1786779432.6107,sample,"[2.47951, -1.8874, 1.12704, -2.1671, 4.68139, 0.0]","[-6.66623, -0.71878, 3.04632]",closed,pkg_001
109.85,1786779432.708,sample,"[2.50942, -1.8874, 1.12704, -2.1671, 4.68139, 0.0]","[-6.66849, -0.72977, 3.04631]",closed,pkg_001
109.95,1786779432.8081,sample,"[2.53939, -1.8874, 1.12704, -2.16711, 4.68139, 0.0]","[-6.67044, -0.74084, 3.04631]",closed,pkg_001
110.05,1786779432.9068,sample,"[2.56938, -1.88739, 1.12704, -2.16711, 4.68139, 0.0]","[-6.67205, -0.75197, 3.04631]",closed,pkg_001
110.15,1786779433.011,sample,"[2.59937, -1.88739, 1.12704, -2.16711, 4.68139, 0.0]","[-6.67332, -0.76315, 3.04631]",closed,pkg_001
110.25,1786779433.1254,sample,"[2.62937, -1.88739, 1.12628, -2.16711, 4.68139, 0.0]","[-6.67393, -0.77454, 3.04671]",closed,pkg_001
110.35,1786779433.2104,sample,"[2.65937, -1.88741, 1.11105, -2.16711, 4.6814, 0.0]","[-6.66787, -0.78926, 3.05472]",closed,pkg_001
110.45,1786779433.2992,sample,"[2.68937, -1.88742, 1.08648, -2.16711, 4.68141, 0.0]","[-6.6569, -0.8057, 3.06739]",closed,pkg_001
110.55,1786779433.3855,sample,"[2.71937, -1.88743, 1.05847, -2.16711, 4.68141, 0.0]","[-6.64338, -0.82233, 3.08144]",closed,pkg_001
110.65,1786779433.4739,sample,"[2.74938, -1.88744, 1.0292, -2.16711, 4.68141, 0.0]","[-6.62821, -0.83856, 3.0957]",closed,pkg_001
110.75,1786779433.5698,sample,"[2.7772, -1.88744, 0.99947, -2.16711, 4.68142, 0.0]","[-6.61188, -0.85345, 3.10971]",closed,pkg_001
110.85,1786779433.6623,sample,"[2.80151, -1.88744, 0.98212, -2.16711, 4.68141, 0.0]","[-6.60141, -0.86422, 3.11766]",closed,pkg_001
110.95,1786779433.7534,sample,"[2.81445, -1.88744, 0.97574, -2.16711, 4.68141, 0.0]","[-6.59716, -0.86927, 3.12054]",closed,pkg_001
111.05,1786779433.8445,sample,"[2.81921, -1.88744, 0.97339, -2.16711, 4.68141, 0.0]","[-6.59558, -0.8711, 3.12159]",closed,pkg_001
111.15,1786779433.9304,sample,"[2.82096, -1.88744, 0.97253, -2.16711, 4.68141, 0.0]","[-6.59499, -0.87177, 3.12197]",closed,pkg_001
111.25,1786779434.0189,sample,"[2.82162, -1.88744, 0.97222, -2.16711, 4.68141, 0.0]","[-6.59478, -0.87202, 3.12211]",closed,pkg_001
111.35,1786779434.1246,sample,"[2.82184, -1.88745, 0.97286, -2.16711, 4.6814, 0.0]","[-6.5951, -0.87197, 3.12183]",closed,pkg_001
111.45,1786779434.2143,sample,"[2.82195, -1.88743, 0.98805, -2.16711, 4.68139, 0.0]","[-6.60319, -0.86932, 3.11495]",closed,pkg_001
111.55,1786779434.3038,sample,"[2.82196, -1.88741, 1.01261, -2.16711, 4.68138, 0.0]","[-6.61605, -0.86507, 3.10357]",closed,pkg_001
111.65,1786779434.3914,sample,"[2.82196, -1.8874, 1.04061, -2.16711, 4.68138, 0.0]","[-6.63038, -0.86033, 3.09019]",closed,pkg_001
111.75,1786779434.4822,sample,"[2.82196, -1.8874, 1.06988, -2.16711, 4.68138, 0.0]","[-6.64496, -0.8555, 3.07576]",closed,pkg_001
111.85,1786779434.5753,sample,"[2.82196, -1.8874, 1.09961, -2.16711, 4.68138, 0.0]","[-6.65934, -0.85074, 3.06065]",closed,pkg_001
111.95,1786779434.6664,sample,"[2.82196, -1.8874, 1.12952, -2.16711, 4.68138, 0.0]","[-6.67338, -0.8461, 3.045]",closed,pkg_001
112.05,1786779434.7673,sample,"[2.82197, -1.8874, 1.15949, -2.16711, 4.68138, 0.0]","[-6.68699, -0.84159, 3.02889]",closed,pkg_001
112.15,1786779434.8684,sample,"[2.82197, -1.8874, 1.18948, -2.1671, 4.68138, 0.0]","[-6.70015, -0.83724, 3.01234]",closed,pkg_001
112.25,1786779434.9667,sample,"[2.82197, -1.88741, 1.21947, -2.1671, 4.68138, 0.0]","[-6.71284, -0.83304, 2.99538]",closed,pkg_001
112.35,1786779435.0658,sample,"[2.82197, -1.88741, 1.24948, -2.1671, 4.68138, 0.0]","[-6.72503, -0.829, 2.97802]",closed,pkg_001
112.45,1786779435.1822,sample,"[2.82197, -1.88741, 1.27948, -2.1671, 4.68138, 0.0]","[-6.73673, -0.82513, 2.96029]",closed,pkg_001
112.55,1786779435.2797,sample,"[2.82197, -1.88741, 1.30948, -2.1671, 4.68138, 0.0]","[-6.74792, -0.82143, 2.94219]",closed,pkg_001
112.65,1786779435.3801,sample,"[2.82197, -1.88741, 1.33948, -2.1671, 4.68138, 0.0]","[-6.75859, -0.8179, 2.92375]",closed,pkg_001
112.75,1786779435.4739,sample,"[2.82195, -1.88085, 1.36871, -2.1671, 4.68137, 0.0]","[-6.77425, -0.8127, 2.90256]",closed,pkg_001
112.85,1786779435.563,sample,"[2.82194, -1.8598, 1.38348, -2.16709, 4.68139, 0.0]","[-6.79721, -0.8051, 2.88346]",closed,pkg_001
112.95,1786779435.6499,sample,"[2.82194, -1.83309, 1.38892, -2.16709, 4.68139, 0.0]","[-6.82159, -0.79703, 2.86702]",closed,pkg_001
113.05,1786779435.7405,sample,"[2.82194, -1.8043, 1.39092, -2.16709, 4.68139, 0.0]","[-6.84625, -0.78887, 2.85104]",closed,pkg_001
113.15,1786779435.828,sample,"[2.82194, -1.77474, 1.39166, -2.16709, 4.68139, 0.0]","[-6.87075, -0.78076, 2.83473]",closed,pkg_001
113.25,1786779435.9164,sample,"[2.82195, -1.7449, 1.39193, -2.16709, 4.68139, 0.0]","[-6.89488, -0.77277, 2.81782]",closed,pkg_001
113.35,1786779436.0109,sample,"[2.82195, -1.71495, 1.39127, -2.1671, 4.68139, 0.0]","[-6.9184, -0.76499, 2.80073]",closed,pkg_001
113.45,1786779436.097,sample,"[2.82195, -1.68496, 1.37608, -2.1671, 4.6814, 0.0]","[-6.93868, -0.75828, 2.79292]",closed,pkg_001
113.55,1786779436.1991,sample,"[2.82195, -1.6591, 1.35154, -2.1671, 4.68142, 0.0]","[-6.95388, -0.75325, 2.79362]",closed,pkg_001
113.65,1786779436.2908,sample,"[2.82195, -1.64852, 1.32354, -2.1671, 4.68142, 0.0]","[-6.95648, -0.75239, 2.80613]",closed,pkg_001
113.75,1786779436.3805,sample,"[2.82195, -1.64464, 1.29426, -2.16711, 4.68143, 0.0]","[-6.95324, -0.75347, 2.82365]",closed,pkg_001
113.85,1786779436.471,sample,"[2.82195, -1.64321, 1.26453, -2.16711, 4.68143, 0.0]","[-6.94746, -0.75538, 2.84286]",closed,pkg_001
113.95,1786779436.5684,sample,"[2.82196, -1.64268, 1.23462, -2.16711, 4.68143, 0.0]","[-6.94036, -0.75773, 2.86254]",closed,pkg_001
114.05,1786779436.6613,sample,"[2.82196, -1.62996, 1.21121, -2.1671, 4.68141, 0.0]","[-6.94491, -0.75623, 2.87015]",closed,pkg_001
114.15,1786779436.7491,sample,"[2.82196, -1.60629, 1.20227, -2.1671, 4.68139, 0.0]","[-6.96252, -0.75039, 2.86104]",closed,pkg_001
114.25,1786779436.8412,sample,"[2.82196, -1.5786, 1.19899, -2.1671, 4.68138, 0.0]","[-6.98473, -0.74304, 2.84507]",closed,pkg_001
114.35,1786779436.9336,sample,"[2.82196, -1.54945, 1.19779, -2.1671, 4.68138, 0.0]","[-7.00822, -0.73527, 2.82605]",closed,pkg_001
114.45,1786779437.0214,sample,"[2.82196, -1.51975, 1.19735, -2.1671, 4.68138, 0.0]","[-7.03177, -0.72747, 2.80541]",closed,pkg_001
114.55,1786779437.1104,sample,"[2.82196, -1.48986, 1.19719, -2.1671, 4.68138, 0.0]","[-7.05495, -0.7198, 2.78371]",closed,pkg_001
114.65,1786779437.2093,sample,"[2.82196, -1.4599, 1.19714, -2.1671, 4.68138, 0.0]","[-7.07757, -0.71232, 2.76116]",closed,pkg_001
114.75,1786779437.3247,sample,"[2.82195, -1.43649, 1.20969, -2.1671, 4.68137, 0.0]","[-7.09665, -0.70599, 2.73419]",closed,pkg_001
114.85,1786779437.4236,sample,"[2.82195, -1.42754, 1.23326, -2.16709, 4.68137, 0.0]","[-7.10611, -0.70286, 2.71046]",closed,pkg_001
114.95,1786779437.5154,sample,"[2.82194, -1.42425, 1.2609, -2.16709, 4.68137, 0.0]","[-7.11143, -0.70109, 2.68821]",closed,pkg_001
115.05,1786779437.6051,sample,"[2.82193, -1.42304, 1.29003, -2.16709, 4.68137, 0.0]","[-7.11486, -0.69995, 2.66645]",closed,pkg_001
115.15,1786779437.6915,sample,"[2.82193, -1.42259, 1.31031, -2.16709, 4.68139, 0.0]","[-7.11663, -0.69936, 2.65157]",closed,pkg_001
115.25,1786779437.7854,sample,"[2.82192, -1.42244, 1.31777, -2.1671, 4.68139, 0.0]","[-7.1172, -0.69916, 2.6461]",closed,pkg_001
115.35,1786779437.8774,sample,"[2.82191, -1.42238, 1.32051, -2.1671, 4.6814, 0.0]","[-7.1174, -0.69909, 2.64409]",closed,pkg_001
115.45,1786779437.9653,sample,"[2.82191, -1.42237, 1.32152, -2.1671, 4.68139, 0.0]","[-7.11747, -0.69907, 2.64335]",closed,pkg_001
115.55,1786779438.0538,sample,"[2.8219, -1.42237, 1.32189, -2.1671, 4.68139, 0.0]","[-7.11749, -0.69905, 2.64309]",closed,pkg_001
115.65,1786779438.145,sample,"[2.8219, -1.42237, 1.32203, -2.1671, 4.68139, 0.0]","[-7.1175, -0.69905, 2.64299]",closed,pkg_001
115.75,1786779438.2323,sample,"[2.82189, -1.42237, 1.32207, -2.1671, 4.6814, 0.0]","[-7.1175, -0.69904, 2.64297]",closed,pkg_001
115.85,1786779438.3322,sample,"[2.82189, -1.42237, 1.32208, -2.1671, 4.68139, 0.0]","[-7.1175, -0.69904, 2.64295]",closed,pkg_001
115.95,1786779438.4238,sample,"[2.82189, -1.42237, 1.32209, -2.1671, 4.6814, 0.0]","[-7.1175, -0.69904, 2.64295]",closed,pkg_001
116.05,1786779438.5142,sample,"[2.82113, -1.42237, 1.3221, -2.1671, 4.6814, 0.0]","[-7.11742, -0.69842, 2.64294]",closed,pkg_001
116.15,1786779438.6025,sample,"[2.80589, -1.42237, 1.32211, -2.16711, 4.68142, 0.0]","[-7.11578, -0.68598, 2.64293]",closed,pkg_001
116.25,1786779438.6929,sample,"[2.78132, -1.42237, 1.32212, -2.16711, 4.68142, 0.0]","[-7.11273, -0.66597, 2.64293]",closed,pkg_001
116.35,1786779438.7813,sample,"[2.76588, -1.42237, 1.32213, -2.1671, 4.68141, 0.0]","[-7.11057, -0.65343, 2.64292]",closed,pkg_001
116.45,1786779438.8652,sample,"[2.7602, -1.42237, 1.32213, -2.1671, 4.6814, 0.0]","[-7.10972, -0.64883, 2.64292]",closed,pkg_001
116.55,1786779438.9564,sample,"[2.75811, -1.42237, 1.32213, -2.1671, 4.68139, 0.0]","[-7.1094, -0.64714, 2.64292]",closed,pkg_001
116.65,1786779439.0448,sample,"[2.75733, -1.42237, 1.32213, -2.1671, 4.68139, 0.0]","[-7.10928, -0.64651, 2.64292]",closed,pkg_001
116.75,1786779439.1421,sample,"[2.75706, -1.42237, 1.32213, -2.1671, 4.6814, 0.0]","[-7.10924, -0.64629, 2.64292]",closed,pkg_001
116.85,1786779439.2259,sample,"[2.76951, -1.42237, 1.32213, -2.1671, 4.68138, 0.0]","[-7.11109, -0.65638, 2.64292]",closed,pkg_001
116.95,1786779439.3151,sample,"[2.79306, -1.42237, 1.32213, -2.1671, 4.68138, 0.0]","[-7.11425, -0.67552, 2.64292]",closed,pkg_001
117.05,1786779439.4168,sample,"[2.82069, -1.42237, 1.32213, -2.1671, 4.68138, 0.0]","[-7.11738, -0.69805, 2.64292]",closed,pkg_001
117.15,1786779439.5045,sample,"[2.84981, -1.42237, 1.32212, -2.1671, 4.68138, 0.0]","[-7.12, -0.7219, 2.64292]",closed,pkg_001
117.25,1786779439.5945,sample,"[2.87949, -1.42237, 1.32212, -2.1671, 4.68138, 0.0]","[-7.12195, -0.74627, 2.64293]",closed,pkg_001
117.35,1786779439.6865,sample,"[2.90938, -1.42237, 1.32212, -2.1671, 4.68138, 0.0]","[-7.12319, -0.77085, 2.64293]",closed,pkg_001
117.45,1786779439.7794,sample,"[2.93933, -1.42237, 1.32212, -2.1671, 4.68138, 0.0]","[-7.1237, -0.79552, 2.64293]",closed,pkg_001
117.55,1786779439.8754,sample,"[2.96932, -1.42237, 1.32212, -2.1671, 4.68138, 0.0]","[-7.12346, -0.82022, 2.64293]",closed,pkg_001
117.65,1786779439.9755,sample,"[2.99931, -1.42237, 1.32212, -2.1671, 4.68138, 0.0]","[-7.12248, -0.84491, 2.64293]",closed,pkg_001
117.75,1786779440.0689,sample,"[3.02931, -1.42237, 1.32212, -2.1671, 4.68138, 0.0]","[-7.12077, -0.86956, 2.64293]",closed,pkg_001
117.85,1786779440.1698,sample,"[3.05931, -1.42237, 1.32212, -2.1671, 4.68138, 0.0]","[-7.11831, -0.89414, 2.64293]",closed,pkg_001
117.95,1786779440.2825,sample,"[3.08931, -1.42237, 1.32212, -2.1671, 4.68138, 0.0]","[-7.11512, -0.91865, 2.64293]",closed,pkg_001
118.05,1786779440.3795,sample,"[3.11274, -1.42237, 1.32212, -2.1671, 4.68139, 0.0]","[-7.11212, -0.93771, 2.64292]",closed,pkg_001
118.15,1786779440.4821,sample,"[3.12169, -1.42237, 1.32213, -2.1671, 4.68139, 0.0]","[-7.11085, -0.94498, 2.64292]",open,
118.25,1786779440.5754,sample,"[3.12499, -1.42237, 1.3221, -2.16709, 4.6814, 0.0]","[-7.11037, -0.94765, 2.64294]",open,
118.35,1786779440.6663,sample,"[3.1262, -1.42237, 1.32208, -2.16709, 4.6814, 0.0]","[-7.11019, -0.94863, 2.64295]",open,
118.45,1786779440.7546,sample,"[3.12665, -1.42237, 1.32207, -2.16709, 4.6814, 0.0]","[-7.11012, -0.949, 2.64296]",open,
118.55,1786779440.8407,sample,"[3.12683, -1.42237, 1.32207, -2.16709, 4.68139, 0.0]","[-7.11009, -0.94914, 2.64296]",open,
118.65,1786779440.929,sample,"[3.12683, -1.42237, 1.32207, -2.16709, 4.68139, 0.0]","[-7.11009, -0.94914, 2.64296]",open,
118.75,1786779441.0154,sample,"[3.12683, -1.42237, 1.32207, -2.16709, 4.68139, 0.0]","[-7.11009, -0.94914, 2.64296]",open,
118.85,1786779441.1037,sample,"[3.12683, -1.42237, 1.32207, -2.16709, 4.68139, 0.0]","[-7.11009, -0.94914, 2.64296]",open,
118.95,1786779441.1937,sample,"[3.12683, -1.42237, 1.32207, -2.16709, 4.68139, 0.0]","[-7.11009, -0.94914, 2.64296]",open,
119.05,1786779441.2792,sample,"[3.11432, -1.42237, 1.32207, -2.16709, 4.6814, 0.0]","[-7.1119, -0.93899, 2.64296]",open,
119.15,1786779441.3704,sample,"[3.09075, -1.42236, 1.32207, -2.16709, 4.68141, 0.0]","[-7.11495, -0.91982, 2.64296]",open,
119.25,1786779441.4614,sample,"[3.06311, -1.42236, 1.32207, -2.16709, 4.68141, 0.0]","[-7.11795, -0.89726, 2.64296]",open,
119.35,1786779441.5649,sample,"[3.03398, -1.42236, 1.32207, -2.16709, 4.68142, 0.0]","[-7.12043, -0.87339, 2.64296]",open,
119.45,1786779441.6506,sample,"[3.0043, -1.42236, 1.32207, -2.16709, 4.68142, 0.0]","[-7.12225, -0.84901, 2.64296]",open,
119.55,1786779441.7425,sample,"[2.97442, -1.42236, 1.32207, -2.16709, 4.68143, 0.0]","[-7.12335, -0.82442, 2.64296]",open,
119.65,1786779441.8359,sample,"[2.94446, -1.42236, 1.32207, -2.16709, 4.68143, 0.0]","[-7.12371, -0.79975, 2.64296]",open,
119.75,1786779441.9397,sample,"[2.91448, -1.42236, 1.32207, -2.16709, 4.68144, 0.0]","[-7.12333, -0.77506, 2.64296]",open,
119.85,1786779442.0464,sample,"[2.88448, -1.42236, 1.32207, -2.16709, 4.68144, 0.0]","[-7.12221, -0.75038, 2.64296]",open,
119.95,1786779442.1381,sample,"[2.85448, -1.42236, 1.32207, -2.16709, 4.68144, 0.0]","[-7.12036, -0.72574, 2.64296]",open,
120.05,1786779442.2349,sample,"[2.82448, -1.42236, 1.32207, -2.16709, 4.68144, 0.0]","[-7.11776, -0.70116, 2.64296]",open,
120.15,1786779442.3302,sample,"[2.79448, -1.42236, 1.32207, -2.16709, 4.68144, 0.0]","[-7.11443, -0.67668, 2.64296]",open,
120.25,1786779442.423,sample,"[2.76448, -1.42236, 1.32207, -2.16709, 4.68144, 0.0]","[-7.11036, -0.6523, 2.64296]",open,
120.35,1786779442.5214,sample,"[2.73448, -1.42236, 1.32207, -2.16709, 4.68144, 0.0]","[-7.10557, -0.62806, 2.64296]",open,
120.45,1786779442.6263,sample,"[2.70448, -1.42236, 1.32207, -2.16709, 4.68144, 0.0]","[-7.10005, -0.60398, 2.64296]",open,
120.55,1786779442.7185,sample,"[2.67448, -1.42236, 1.32207, -2.16709, 4.68144, 0.0]","[-7.09381, -0.58007, 2.64296]",open,
120.65,1786779442.8134,sample,"[2.64448, -1.42236, 1.32207, -2.16709, 4.68144, 0.0]","[-7.08685, -0.55635, 2.64296]",open,
120.75,1786779442.9108,sample,"[2.61448, -1.42236, 1.32207, -2.16709, 4.68144, 0.0]","[-7.07919, -0.53286, 2.64296]",open,
120.85,1786779443.0065,sample,"[2.58447, -1.42236, 1.32207, -2.16709, 4.68144, 0.0]","[-7.07083, -0.50961, 2.64296]",open,
120.95,1786779443.1075,sample,"[2.55447, -1.42236, 1.32207, -2.16709, 4.68144, 0.0]","[-7.06177, -0.48662, 2.64296]",open,
121.05,1786779443.2008,sample,"[2.52447, -1.42236, 1.32207, -2.16709, 4.68144, 0.0]","[-7.05202, -0.46391, 2.64296]",open,
121.15,1786779443.2969,sample,"[2.49447, -1.42236, 1.32207, -2.16709, 4.68144, 0.0]","[-7.0416, -0.4415, 2.64296]",open,
121.25,1786779443.3937,sample,"[2.46447, -1.42236, 1.32207, -2.16709, 4.68144, 0.0]","[-7.03052, -0.41942, 2.64296]",open,
121.35,1786779443.4869,sample,"[2.43447, -1.42236, 1.32207, -2.16709, 4.68144, 0.0]","[-7.01877, -0.39768, 2.64296]",open,
121.45,1786779443.5867,sample,"[2.40447, -1.42236, 1.32207, -2.16709, 4.68144, 0.0]","[-7.00638, -0.3763, 2.64296]",open,
121.55,1786779443.6871,sample,"[2.37447, -1.42236, 1.32207, -2.16709, 4.68144, 0.0]","[-6.99335, -0.3553, 2.64296]",open,
121.65,1786779443.784,sample,"[2.34447, -1.42236, 1.32207, -2.16709, 4.68144, 0.0]","[-6.9797, -0.3347, 2.64296]",open,
121.75,1786779443.8788,sample,"[2.31447, -1.42236, 1.32207, -2.16709, 4.68144, 0.0]","[-6.96544, -0.31452, 2.64296]",open,
121.85,1786779443.9768,sample,"[2.28447, -1.42236, 1.32207, -2.16709, 4.68144, 0.0]","[-6.95058, -0.29478, 2.64296]",open,
121.95,1786779444.072,sample,"[2.25447, -1.42236, 1.32207, -2.16709, 4.68144, 0.0]","[-6.93513, -0.27549, 2.64296]",open,
122.05,1786779444.1694,sample,"[2.22447, -1.42236, 1.32207, -2.16709, 4.68144, 0.0]","[-6.91911, -0.25668, 2.64296]",open,
122.15,1786779444.2655,sample,"[2.19447, -1.42236, 1.32207, -2.16709, 4.68144, 0.0]","[-6.90253, -0.23835, 2.64296]",open,
122.25,1786779444.366,sample,"[2.16446, -1.42236, 1.32207, -2.16709, 4.68144, 0.0]","[-6.88542, -0.22053, 2.64296]",open,
122.35,1786779444.4599,sample,"[2.13446, -1.42236, 1.32207, -2.16709, 4.68144, 0.0]","[-6.86777, -0.20323, 2.64296]",open,
122.45,1786779444.5596,sample,"[2.10446, -1.42236, 1.32207, -2.16709, 4.68144, 0.0]","[-6.84961, -0.18647, 2.64296]",open,
122.55,1786779444.6664,sample,"[2.07446, -1.42236, 1.32207, -2.16709, 4.68144, 0.0]","[-6.83096, -0.17026, 2.64296]",open,
122.65,1786779444.7855,sample,"[2.04446, -1.42236, 1.32207, -2.16709, 4.68144, 0.0]","[-6.81183, -0.15461, 2.64296]",open,
122.75,1786779444.8803,sample,"[2.01446, -1.42236, 1.32207, -2.16709, 4.68144, 0.0]","[-6.79225, -0.13955, 2.64296]",open,
122.85,1786779444.9741,sample,"[1.98447, -1.4158, 1.32208, -2.16709, 4.68145, 0.0]","[-6.77397, -0.1211, 2.63764]",open,
122.95,1786779445.0625,sample,"[1.95447, -1.39475, 1.32209, -2.16709, 4.68145, 0.0]","[-6.75853, -0.09446, 2.62039]",open,
123.05,1786779445.1539,sample,"[1.92447, -1.36804, 1.32211, -2.16709, 4.68146, 0.0]","[-6.74301, -0.06517, 2.59809]",open,
123.15,1786779445.2421,sample,"[1.89446, -1.33924, 1.32212, -2.16709, 4.68146, 0.0]","[-6.72635, -0.03558, 2.57355]",open,
123.25,1786779445.3359,sample,"[1.86446, -1.30968, 1.32212, -2.16709, 4.68146, 0.0]","[-6.70822, -0.00662, 2.54787]",open,
123.35,1786779445.4237,sample,"[1.83446, -1.27984, 1.32212, -2.16709, 4.68146, 0.0]","[-6.68857, 0.02134, 2.52143]",open,
123.45,1786779445.5186,sample,"[1.80446, -1.25647, 1.32211, -2.16709, 4.68146, 0.0]","[-6.66665, 0.04478, 2.50038]",open,
123.55,1786779445.607,sample,"[1.77446, -1.24754, 1.3221, -2.16709, 4.68146, 0.0]","[-6.64209, 0.05994, 2.49227]",open,
123.65,1786779445.6959,sample,"[1.74446, -1.24425, 1.32209, -2.16709, 4.68147, 0.0]","[-6.61643, 0.07147, 2.48929]",open,
123.75,1786779445.7954,sample,"[1.71446, -1.24305, 1.32208, -2.16709, 4.68147, 0.0]","[-6.59024, 0.08118, 2.4882]",open,
123.85,1786779445.8858,sample,"[1.68446, -1.23605, 1.32209, -2.16709, 4.68147, 0.0]","[-6.56408, 0.09303, 2.48178]",open,
123.95,1786779445.9736,sample,"[1.65446, -1.21483, 1.32211, -2.16709, 4.68147, 0.0]","[-6.53805, 0.11101, 2.4622]",open,
124.05,1786779446.0609,sample,"[1.62446, -1.18806, 1.32212, -2.16709, 4.68148, 0.0]","[-6.5113, 0.13038, 2.43718]",open,
124.15,1786779446.1496,sample,"[1.59446, -1.15924, 1.32212, -2.16709, 4.68148, 0.0]","[-6.4836, 0.14917, 2.40989]",open,
124.25,1786779446.237,sample,"[1.56446, -1.12968, 1.32212, -2.16709, 4.68148, 0.0]","[-6.45497, 0.16664, 2.38152]",open,
124.35,1786779446.3254,sample,"[1.53445, -1.10397, 1.32212, -2.16709, 4.68149, 0.0]","[-6.42553, 0.18093, 2.35657]",open,
124.45,1786779446.4147,sample,"[1.51103, -1.09345, 1.32211, -2.16709, 4.68149, 0.0]","[-6.40229, 0.18753, 2.34629]",open,
124.55,1786779446.5039,sample,"[1.50208, -1.08959, 1.3221, -2.16709, 4.68149, 0.0]","[-6.39335, 0.18983, 2.34251]",open,
124.65,1786779446.5933,sample,"[1.49879, -1.08817, 1.32209, -2.16709, 4.68149, 0.0]","[-6.39005, 0.19065, 2.34112]",open,
124.75,1786779446.6851,sample,"[1.49757, -1.08764, 1.31552, -2.16709, 4.68149, 0.0]","[-6.38875, 0.1921, 2.34519]",open,
124.85,1786779446.7754,sample,"[1.49713, -1.08745, 1.29448, -2.16709, 4.68149, 0.0]","[-6.38805, 0.1957, 2.35974]",open,
124.95,1786779446.8769,sample,"[1.49697, -1.08738, 1.26777, -2.16709, 4.68149, 0.0]","[-6.38759, 0.19973, 2.37848]",open,
125.05,1786779446.9637,sample,"[1.49691, -1.08734, 1.23898, -2.16709, 4.68149, 0.0]","[-6.38726, 0.20348, 2.39882]",open,
125.15,1786779447.0531,sample,"[1.4969, -1.08733, 1.20943, -2.16709, 4.68149, 0.0]","[-6.387, 0.20671, 2.41984]",open,
125.25,1786779447.1434,sample,"[1.49689, -1.08732, 1.17959, -2.16709, 4.68149, 0.0]","[-6.3868, 0.20934, 2.44115]",open,
125.35,1786779447.2382,sample,"[1.49687, -1.08732, 1.14965, -2.16709, 4.68149, 0.0]","[-6.38664, 0.21134, 2.4626]",open,
125.45,1786779447.3365,sample,"[1.49687, -1.08077, 1.12623, -2.16709, 4.68149, 0.0]","[-6.38631, 0.21572, 2.47284]",open,
125.55,1786779447.4249,sample,"[1.49687, -1.05971, 1.11729, -2.16709, 4.68149, 0.0]","[-6.38552, 0.22641, 2.45795]",open,
125.65,1786779447.5131,sample,"[1.49687, -1.03298, 1.11401, -2.16709, 4.68149, 0.0]","[-6.38457, 0.2391, 2.43295]",open,
125.75,1786779447.6015,sample,"[1.49686, -1.00418, 1.1128, -2.16709, 4.68149, 0.0]","[-6.38363, 0.25188, 2.40396]",open,
125.85,1786779447.6915,sample,"[1.49686, -0.97462, 1.11237, -2.16709, 4.68149, 0.0]","[-6.38272, 0.26406, 2.37326]",open,
125.95,1786779447.788,sample,"[1.49686, -0.94477, 1.11144, -2.1671, 4.68149, 0.0]","[-6.38187, 0.27551, 2.34226]",open,
126.05,1786779447.8884,sample,"[1.49685, -0.9242, 1.09616, -2.16709, 4.68149, 0.0]","[-6.38116, 0.28491, 2.33103]",open,
126.15,1786779447.9777,sample,"[1.49684, -0.91665, 1.07156, -2.16709, 4.68149, 0.0]","[-6.38072, 0.29076, 2.34031]",open,
126.25,1786779448.0643,sample,"[1.49684, -0.9139, 1.05294, -2.16709, 4.68149, 0.0]","[-6.38048, 0.29394, 2.35055]",open,
126.35,1786779448.1505,sample,"[1.49684, -0.91287, 1.04609, -2.16709, 4.68149, 0.0]","[-6.3804, 0.29507, 2.35431]",open,
126.45,1786779448.2374,sample,"[1.49684, -0.91249, 1.04357, -2.16709, 4.68149, 0.0]","[-6.38036, 0.29548, 2.35569]",open,
126.55,1786779448.3287,sample,"[1.49684, -0.91235, 1.04264, -2.16709, 4.68149, 0.0]","[-6.38035, 0.29563, 2.3562]",open,
126.65,1786779448.42,sample,"[1.49684, -0.91231, 1.05486, -2.16709, 4.68149, 0.0]","[-6.38045, 0.29431, 2.34747]",open,
126.75,1786779448.5114,sample,"[1.49684, -0.91446, 1.07833, -2.16709, 4.68149, 0.0]","[-6.38072, 0.2907, 2.33313]",open,
126.85,1786779448.6013,sample,"[1.49684, -0.93195, 1.10593, -2.16709, 4.68149, 0.0]","[-6.38146, 0.28086, 2.33244]",open,
126.95,1786779448.691,sample,"[1.49685, -0.95737, 1.13504, -2.16709, 4.68149, 0.0]","[-6.38243, 0.26778, 2.33894]",open,
127.05,1786779448.781,sample,"[1.49685, -0.98569, 1.16471, -2.16709, 4.68149, 0.0]","[-6.3835, 0.25332, 2.34777]",open,
127.15,1786779448.8713,sample,"[1.49685, -1.01508, 1.19458, -2.16709, 4.68149, 0.0]","[-6.38462, 0.23816, 2.35714]",open,
127.25,1786779448.9698,sample,"[1.49685, -1.04486, 1.22454, -2.16709, 4.68149, 0.0]","[-6.38578, 0.22255, 2.3664]",open,
127.35,1786779449.0721,sample,"[1.49685, -1.07478, 1.25452, -2.16709, 4.68149, 0.0]","[-6.38696, 0.20662, 2.37531]",open,
127.45,1786779449.1649,sample,"[1.49685, -1.10476, 1.28451, -2.16709, 4.68149, 0.0]","[-6.38816, 0.19039, 2.38379]",open,
127.55,1786779449.2622,sample,"[1.49685, -1.13476, 1.31451, -2.16709, 4.6815, 0.0]","[-6.38939, 0.17392, 2.39179]",open,
127.65,1786779449.3592,sample,"[1.49685, -1.16476, 1.34451, -2.16709, 4.6815, 0.0]","[-6.39062, 0.15721, 2.3993]",open,
127.75,1786779449.4506,sample,"[1.49685, -1.18819, 1.36792, -2.16709, 4.6815, 0.0]","[-6.3916, 0.14401, 2.40482]",open,
127.85,1786779449.5375,sample,"[1.49684, -1.19715, 1.37688, -2.16709, 4.6815, 0.0]","[-6.39197, 0.13893, 2.40685]",open,
127.95,1786779449.6264,sample,"[1.49684, -1.20044, 1.38018, -2.16709, 4.6815, 0.0]","[-6.39211, 0.13705, 2.40758]",open,
128.05,1786779449.7139,sample,"[1.49684, -1.20165, 1.38139, -2.16709, 4.6815, 0.0]","[-6.39216, 0.13636, 2.40784]",open,
128.15,1786779449.8069,sample,"[1.50343, -1.2021, 1.38183, -2.16709, 4.6815, 0.0]","[-6.39834, 0.13548, 2.40794]",open,
128.25,1786779449.8942,sample,"[1.52449, -1.20227, 1.382, -2.16709, 4.68149, 0.0]","[-6.41802, 0.13311, 2.40798]",open,
128.35,1786779449.9941,sample,"[1.5512, -1.20232, 1.38207, -2.16709, 4.68149, 0.0]","[-6.4429, 0.12959, 2.40798]",open,
128.45,1786779450.0799,sample,"[1.57999, -1.20235, 1.38207, -2.16709, 4.68148, 0.0]","[-6.4696, 0.12508, 2.40801]",open,
128.55,1786779450.1687,sample,"[1.60014, -1.20237, 1.38207, -2.16709, 4.68148, 0.0]","[-6.48821, 0.12147, 2.40802]",open,
128.65,1786779450.2581,sample,"[1.60756, -1.20237, 1.38207, -2.16709, 4.68148, 0.0]","[-6.49504, 0.12005, 2.40802]",open,
128.75,1786779450.3479,sample,"[1.61029, -1.20237, 1.38207, -2.16709, 4.68148, 0.0]","[-6.49755, 0.11951, 2.40802]",open,
128.85,1786779450.4422,sample,"[1.61129, -1.20237, 1.38207, -2.16709, 4.68148, 0.0]","[-6.49847, 0.11931, 2.40802]",open,
128.95,1786779450.5341,sample,"[1.61166, -1.20237, 1.38207, -2.16709, 4.68148, 0.0]","[-6.49881, 0.11924, 2.40802]",open,
129.05,1786779450.6225,sample,"[1.61179, -1.20237, 1.38207, -2.16709, 4.68148, 0.0]","[-6.49893, 0.11921, 2.40802]",open,
129.15,1786779450.7109,sample,"[1.61184, -1.20237, 1.38207, -2.16709, 4.68148, 0.0]","[-6.49897, 0.1192, 2.40802]",open,
129.25,1786779450.8043,sample,"[1.60528, -1.20237, 1.38207, -2.16709, 4.68148, 0.0]","[-6.49294, 0.12049, 2.40802]",open,
129.35,1786779450.891,sample,"[1.58424, -1.20237, 1.38207, -2.16709, 4.68148, 0.0]","[-6.47354, 0.12434, 2.40802]",open,
129.45,1786779450.9794,sample,"[1.55754, -1.20237, 1.38207, -2.16709, 4.68149, 0.0]","[-6.4488, 0.12865, 2.40802]",open,
129.55,1786779451.0733,sample,"[1.52875, -1.20237, 1.38207, -2.16709, 4.68149, 0.0]","[-6.422, 0.13254, 2.40802]",open,
129.65,1786779451.1623,sample,"[1.4992, -1.20237, 1.38207, -2.16709, 4.68149, 0.0]","[-6.3944, 0.13574, 2.40802]",open,
129.75,1786779451.2567,sample,"[1.48193, -1.20019, 1.38208, -2.16709, 4.68149, 0.0]","[-6.37814, 0.13816, 2.406]",open,
129.85,1786779451.3465,sample,"[1.47557, -1.18269, 1.3821, -2.16709, 4.68149, 0.0]","[-6.37147, 0.14597, 2.38968]",open,
129.95,1786779451.4362,sample,"[1.47323, -1.15728, 1.38211, -2.16709, 4.68149, 0.0]","[-6.36827, 0.15628, 2.36579]",open,
130.05,1786779451.5325,sample,"[1.47237, -1.12896, 1.38211, -2.16709, 4.68149, 0.0]","[-6.3664, 0.16691, 2.33888]",open,
130.15,1786779451.6234,sample,"[1.47206, -1.09958, 1.38211, -2.16709, 4.68149, 0.0]","[-6.36509, 0.17711, 2.31064]",open,
130.25,1786779451.7112,sample,"[1.47194, -1.06981, 1.38211, -2.16709, 4.68149, 0.0]","[-6.36403, 0.18658, 2.28174]",open,
130.35,1786779451.8038,sample,"[1.47191, -1.04403, 1.38211, -2.16709, 4.68149, 0.0]","[-6.36326, 0.19408, 2.2565]",open,
130.45,1786779451.8935,sample,"[1.47189, -1.03348, 1.3821, -2.16709, 4.6815, 0.0]","[-6.36296, 0.19696, 2.24612]",open,
130.55,1786779451.9864,sample,"[1.47188, -1.02961, 1.3821, -2.16709, 4.6815, 0.0]","[-6.36284, 0.198, 2.2423]",open,
130.65,1786779452.1001,sample,"[1.47186, -1.02818, 1.38209, -2.16709, 4.6815, 0.0]","[-6.36279, 0.19838, 2.2409]",open,
130.75,1786779452.1939,sample,"[1.45931, -1.02766, 1.38208, -2.16709, 4.6815, -0.0]","[-6.35024, 0.19922, 2.24039]",open,
130.85,1786779452.2826,sample,"[1.43572, -1.02746, 1.38207, -2.16709, 4.68151, -0.0]","[-6.32665, 0.20018, 2.2402]",open,
130.95,1786779452.3753,sample,"[1.41026, -1.0274, 1.38207, -2.16709, 4.68151, 0.0]","[-6.30118, 0.20056, 2.24014]",open,
131.05,1786779452.4634,sample,"[1.39863, -1.02737, 1.38207, -2.16709, 4.68151, 0.0]","[-6.28954, 0.20051, 2.24011]",open,
131.15,1786779452.5506,sample,"[1.39436, -1.02737, 1.38207, -2.16709, 4.68151, 0.0]","[-6.28526, 0.20046, 2.24011]",open,
131.25,1786779452.6412,sample,"[1.39279, -1.02737, 1.38207, -2.16709, 4.68151, 0.0]","[-6.28369, 0.20043, 2.24011]",open,
131.35,1786779452.733,sample,"[1.3922, -1.02737, 1.38207, -2.16709, 4.68151, 0.0]","[-6.28311, 0.20042, 2.24011]",open,
131.45,1786779452.82,sample,"[1.39199, -1.02737, 1.38207, -2.16709, 4.68151, 0.0]","[-6.2829, 0.20042, 2.24011]",open,
131.55,1786779452.9108,sample,"[1.39192, -1.02737, 1.38207, -2.16709, 4.68151, 0.0]","[-6.28282, 0.20042, 2.24011]",open,
131.65,1786779452.9975,sample,"[1.3919, -1.02737, 1.38207, -2.16709, 4.68151, 0.0]","[-6.2828, 0.20042, 2.24011]",open,
131.75,1786779453.0874,sample,"[1.39189, -1.02736, 1.38425, -2.16709, 4.68151, 0.0]","[-6.28289, 0.19986, 2.23864]",open,
131.85,1786779453.1893,sample,"[1.39187, -1.02735, 1.39763, -2.16709, 4.68151, 0.0]","[-6.28351, 0.19635, 2.22969]",open,
131.95,1786779453.2782,sample,"[1.39186, -1.02736, 1.40362, -2.16709, 4.68151, 0.0]","[-6.28379, 0.19474, 2.22571]",open,
132.05,1786779453.372,sample,"[1.39185, -1.0266, 1.40581, -2.16709, 4.68151, 0.0]","[-6.28385, 0.19433, 2.2235]",open,
132.15,1786779453.4635,sample,"[1.39185, -1.01137, 1.40661, -2.16709, 4.68151, 0.0]","[-6.28324, 0.19769, 2.208]",open,
132.25,1786779453.5524,sample,"[1.39184, -0.9868, 1.40692, -2.16709, 4.68151, 0.0]","[-6.2823, 0.20289, 2.18353]",open,
132.35,1786779453.6411,sample,"[1.39183, -0.96535, 1.40704, -2.16709, 4.68151, 0.0]","[-6.28155, 0.20699, 2.16218]",open,
132.45,1786779453.7361,sample,"[1.39184, -0.95714, 1.40708, -2.16709, 4.68151, 0.0]","[-6.28129, 0.20845, 2.15398]",open,
132.55,1786779453.8259,sample,"[1.39184, -0.95412, 1.40707, -2.16709, 4.68151, 0.0]","[-6.28119, 0.20897, 2.15097]",open,
132.65,1786779453.9184,sample,"[1.39184, -0.95301, 1.40707, -2.16709, 4.68151, 0.0]","[-6.28116, 0.20916, 2.14987]",open,
132.75,1786779454.0155,sample,"[1.39184, -0.95336, 1.40708, -2.16709, 4.68151, 0.0]","[-6.28117, 0.2091, 2.15022]",open,
132.85,1786779454.1049,sample,"[1.39184, -0.96844, 1.40711, -2.16709, 4.68151, 0.0]","[-6.28166, 0.2064, 2.1652]",open,
132.95,1786779454.2111,sample,"[1.39185, -0.99296, 1.4071, -2.16709, 4.68151, 0.0]","[-6.28254, 0.20157, 2.18951]",open,
133.05,1786779454.2995,sample,"[1.39185, -1.02095, 1.4071, -2.16709, 4.68151, 0.0]","[-6.28367, 0.19533, 2.21709]",open,
133.15,1786779454.3877,sample,"[1.39185, -1.05021, 1.4071, -2.16709, 4.68151, 0.0]","[-6.285, 0.188, 2.24573]",open,
133.25,1786779454.4746,sample,"[1.39185, -1.07994, 1.4071, -2.16709, 4.68151, 0.0]","[-6.2865, 0.17971, 2.27459]",open,
133.35,1786779454.5704,sample,"[1.39185, -1.10984, 1.4071, -2.16709, 4.68151, 0.0]","[-6.28816, 0.17053, 2.30335]",open,
133.45,1786779454.6682,sample,"[1.39185, -1.1398, 1.4071, -2.16709, 4.68151, 0.0]","[-6.28998, 0.16048, 2.33188]",open,
133.55,1786779454.7615,sample,"[1.39185, -1.16979, 1.4071, -2.16709, 4.68151, 0.0]","[-6.29195, 0.14958, 2.36011]",open,
133.65,1786779454.8611,sample,"[1.39185, -1.19978, 1.4071, -2.16709, 4.68151, 0.0]","[-6.29407, 0.13786, 2.38801]",open,
133.75,1786779454.9608,sample,"[1.39185, -1.22978, 1.4071, -2.16709, 4.68151, 0.0]","[-6.29634, 0.12531, 2.41553]",open,
133.85,1786779455.0544,sample,"[1.39185, -1.25761, 1.40709, -2.16709, 4.68151, 0.0]","[-6.29857, 0.11296, 2.44072]",open,
133.95,1786779455.1425,sample,"[1.39184, -1.27011, 1.40708, -2.16709, 4.68151, 0.0]","[-6.29961, 0.10718, 2.45193]",open,
134.05,1786779455.2379,sample,"[1.39184, -1.2747, 1.40707, -2.16709, 4.68151, 0.0]","[-6.3, 0.10503, 2.45603]",open,
134.15,1786779455.3323,sample,"[1.39184, -1.2764, 1.41122, -2.16709, 4.68151, 0.0]","[-6.30022, 0.10379, 2.45458]",open,
134.25,1786779455.422,sample,"[1.39184, -1.27702, 1.43065, -2.16709, 4.68151, 0.0]","[-6.30067, 0.10131, 2.44132]",open,
134.35,1786779455.5149,sample,"[1.39185, -1.28664, 1.45678, -2.16709, 4.68151, 0.0]","[-6.30205, 0.09369, 2.4313]",open,
134.45,1786779455.6037,sample,"[1.39185, -1.30915, 1.48535, -2.16709, 4.68152, 0.0]","[-6.30457, 0.07983, 2.43073]",open,
134.55,1786779455.6964,sample,"[1.39185, -1.3364, 1.51482, -2.16709, 4.68152, 0.0]","[-6.3075, 0.06362, 2.43326]",open,
134.65,1786779455.7853,sample,"[1.39186, -1.36539, 1.54462, -2.16709, 4.68152, 0.0]","[-6.3106, 0.04647, 2.43656]",open,
134.75,1786779455.8768,sample,"[1.39186, -1.39502, 1.57455, -2.16709, 4.68152, 0.0]","[-6.31378, 0.02891, 2.43979]",open,
134.85,1786779455.9712,sample,"[1.39185, -1.42075, 1.59512, -2.16709, 4.68152, 0.0]","[-6.31642, 0.01433, 2.44598]",open,
134.95,1786779456.0639,sample,"[1.39185, -1.43128, 1.60268, -2.16709, 4.68152, 0.0]","[-6.31748, 0.00844, 2.44901]",open,
135.05,1786779456.1554,sample,"[1.39184, -1.43515, 1.60547, -2.16709, 4.68152, 0.0]","[-6.31787, 0.00627, 2.4501]",open,
135.15,1786779456.2443,sample,"[1.39184, -1.43658, 1.6065, -2.16709, 4.68152, 0.0]","[-6.31801, 0.00548, 2.4505]",open,
135.25,1786779456.3523,sample,"[1.39184, -1.4371, 1.60688, -2.16709, 4.68152, 0.0]","[-6.31806, 0.00518, 2.45065]",open,
135.35,1786779456.4412,sample,"[1.39184, -1.43729, 1.60701, -2.16709, 4.68152, 0.0]","[-6.31808, 0.00508, 2.45071]",open,
135.45,1786779456.5265,sample,"[1.39184, -1.43737, 1.60707, -2.16709, 4.68152, 0.0]","[-6.31808, 0.00503, 2.45072]",open,
135.55,1786779456.6124,sample,"[1.39184, -1.43738, 1.60707, -2.16709, 4.68152, 0.0]","[-6.31808, 0.00503, 2.45073]",open,
135.65,1786779456.7025,sample,"[1.39184, -1.43738, 1.60707, -2.16709, 4.68152, 0.0]","[-6.31808, 0.00503, 2.45073]",open,
135.75,1786779456.79,sample,"[1.39184, -1.43738, 1.60707, -2.16709, 4.68152, 0.0]","[-6.31809, 0.00503, 2.45073]",open,
135.85,1786779456.8789,sample,"[1.39184, -1.43738, 1.60707, -2.16709, 4.68152, 0.0]","[-6.31809, 0.00503, 2.45073]",open,
135.95,1786779456.9691,sample,"[1.39184, -1.43738, 1.60707, -2.16709, 4.68152, 0.0]","[-6.31809, 0.00503, 2.45073]",open,
136.05,1786779457.0568,sample,"[1.39184, -1.43738, 1.60707, -2.16709, 4.68152, 0.0]","[-6.31809, 0.00503, 2.45073]",open,
136.15,1786779457.1478,sample,"[1.39184, -1.43738, 1.60707, -2.16709, 4.68152, 0.0]","[-6.31809, 0.00503, 2.45073]",open,
136.25,1786779457.2434,sample,"[1.39184, -1.43521, 1.60708, -2.16709, 4.68152, 0.0]","[-6.31791, 0.00604, 2.44902]",open,
136.35,1786779457.3343,sample,"[1.39185, -1.41772, 1.6071, -2.16709, 4.68152, 0.0]","[-6.31647, 0.01404, 2.43511]",open,
136.45,1786779457.4341,sample,"[1.39186, -1.39232, 1.6071, -2.16709, 4.68151, 0.0]","[-6.31445, 0.02524, 2.41469]",open,
136.55,1786779457.5225,sample,"[1.39187, -1.36401, 1.60711, -2.16709, 4.68151, 0.0]","[-6.3123, 0.03712, 2.3916]",open,
136.65,1786779457.6074,sample,"[1.39187, -1.33463, 1.60711, -2.16709, 4.68151, 0.0]","[-6.3102, 0.04876, 2.36728]",open,
136.75,1786779457.6958,sample,"[1.39187, -1.30486, 1.60711, -2.16709, 4.68151, 0.0]","[-6.3082, 0.05983, 2.3423]",open,
136.85,1786779457.7887,sample,"[1.39187, -1.27494, 1.60711, -2.16709, 4.68151, 0.0]","[-6.30632, 0.07022, 2.31687]",open,
136.95,1786779457.8789,sample,"[1.39187, -1.24573, 1.60711, -2.16709, 4.68151, 0.0]","[-6.30462, 0.07963, 2.29175]",open,
137.05,1786779457.9649,sample,"[1.39186, -1.23098, 1.6071, -2.16709, 4.68151, 0.0]","[-6.3038, 0.08411, 2.27896]",open,
137.15,1786779458.0534,sample,"[1.39185, -1.22555, 1.60709, -2.16709, 4.68151, 0.0]","[-6.3035, 0.08571, 2.27425]",open,
137.25,1786779458.1481,sample,"[1.39184, -1.21942, 1.60708, -2.16709, 4.68151, 0.0]","[-6.30317, 0.08749, 2.26891]",open,
137.35,1786779458.2372,sample,"[1.39184, -1.20144, 1.60709, -2.16709, 4.68151, 0.0]","[-6.30226, 0.09252, 2.25316]",open,
137.45,1786779458.3236,sample,"[1.39183, -1.19256, 1.60709, -2.16709, 4.68151, 0.0]","[-6.30182, 0.0949, 2.24536]",open,
137.55,1786779458.4221,sample,"[1.39184, -1.1893, 1.60708, -2.16709, 4.68151, 0.0]","[-6.30167, 0.09576, 2.24249]",open,
137.65,1786779458.5085,sample,"[1.39184, -1.1881, 1.60707, -2.16709, 4.68151, 0.0]","[-6.30161, 0.09608, 2.24144]",open,
137.75,1786779458.6009,sample,"[1.39184, -1.18766, 1.60707, -2.16709, 4.68151, 0.0]","[-6.30159, 0.09619, 2.24105]",open,
137.85,1786779458.6904,sample,"[1.39184, -1.1875, 1.60707, -2.16709, 4.68151, 0.0]","[-6.30159, 0.09623, 2.24092]",open,
137.95,1786779458.7823,sample,"[1.39184, -1.17804, 1.60709, -2.16709, 4.68151, 0.0]","[-6.30115, 0.09864, 2.23255]",open,
138.05,1786779458.8722,sample,"[1.39184, -1.15636, 1.6071, -2.16709, 4.68151, 0.0]","[-6.3002, 0.10389, 2.21332]",open,
138.15,1786779458.967,sample,"[1.39183, -1.14437, 1.60709, -2.16709, 4.68151, 0.0]","[-6.2997, 0.10662, 2.20264]",open,
138.25,1786779459.0572,sample,"[1.39184, -1.13996, 1.60708, -2.16709, 4.68151, 0.0]","[-6.29953, 0.1076, 2.19871]",open,
138.35,1786779459.1467,sample,"[1.39184, -1.13834, 1.60707, -2.16709, 4.68151, 0.0]","[-6.29947, 0.10795, 2.19727]",open,
138.45,1786779459.2329,sample,"[1.39184, -1.13774, 1.60707, -2.16709, 4.68151, 0.0]","[-6.29944, 0.10808, 2.19674]",open,
138.55,1786779459.3232,sample,"[1.39184, -1.13753, 1.60707, -2.16709, 4.68151, 0.0]","[-6.29943, 0.10813, 2.19655]",open,
138.65,1786779459.4165,sample,"[1.39184, -1.13745, 1.60707, -2.16709, 4.68151, 0.0]","[-6.29943, 0.10815, 2.19648]",open,
138.75,1786779459.5232,sample,"[1.39184, -1.13743, 1.60707, -2.16709, 4.68151, 0.0]","[-6.29943, 0.10815, 2.19646]",open,
138.85,1786779459.6115,sample,"[1.39184, -1.13742, 1.60707, -2.16709, 4.68151, 0.0]","[-6.29943, 0.10815, 2.19645]",open,
138.95,1786779459.6989,sample,"[1.39184, -1.13741, 1.60707, -2.16709, 4.68151, 0.0]","[-6.29943, 0.10816, 2.19644]",open,
139.05,1786779459.7878,sample,"[1.39184, -1.1374, 1.60707, -2.16709, 4.68151, 0.0]","[-6.29943, 0.10816, 2.19643]",open,
139.15,1786779459.8775,sample,"[1.39184, -1.13815, 1.60707, -2.16709, 4.68151, 0.0]","[-6.29946, 0.10799, 2.1971]",open,
139.25,1786779459.966,sample,"[1.39185, -1.15339, 1.6071, -2.16709, 4.68151, 0.0]","[-6.30009, 0.10458, 2.21068]",open,
139.35,1786779460.058,sample,"[1.39185, -1.17797, 1.60711, -2.16709, 4.68151, 0.0]","[-6.30116, 0.09866, 2.23247]",open,
139.45,1786779460.1463,sample,"[1.39185, -1.20597, 1.6071, -2.16709, 4.68151, 0.0]","[-6.3025, 0.09127, 2.25713]",open,
139.55,1786779460.2359,sample,"[1.39185, -1.23307, 1.6071, -2.16709, 4.68151, 0.0]","[-6.3039, 0.08349, 2.28078]",open,
139.65,1786779460.3234,sample,"[1.39184, -1.2453, 1.60709, -2.16709, 4.68151, 0.0]","[-6.30457, 0.07977, 2.29139]",open,
139.75,1786779460.4137,sample,"[1.39184, -1.24979, 1.60708, -2.16709, 4.68151, 0.0]","[-6.30482, 0.07837, 2.29528]",open,
139.85,1786779460.5136,sample,"[1.39184, -1.25144, 1.60707, -2.16709, 4.68151, 0.0]","[-6.30491, 0.07785, 2.29671]",open,
139.95,1786779460.6159,sample,"[1.39184, -1.25205, 1.60707, -2.16709, 4.68151, 0.0]","[-6.30495, 0.07766, 2.29723]",open,
140.05,1786779460.7109,sample,"[1.39184, -1.25227, 1.60707, -2.16709, 4.68151, 0.0]","[-6.30496, 0.07759, 2.29743]",open,
140.15,1786779460.8009,sample,"[1.39184, -1.25236, 1.60707, -2.16709, 4.68151, 0.0]","[-6.30496, 0.07757, 2.2975]",open,
140.25,1786779460.888,sample,"[1.39184, -1.25238, 1.60707, -2.16709, 4.68151, 0.0]","[-6.30497, 0.07756, 2.29752]",open,
140.35,1786779460.9765,sample,"[1.39184, -1.25238, 1.60707, -2.16709, 4.68151, 0.0]","[-6.30497, 0.07756, 2.29752]",open,
140.45,1786779461.068,sample,"[1.39184, -1.25238, 1.60707, -2.16709, 4.68151, 0.0]","[-6.30497, 0.07756, 2.29752]",open,
140.55,1786779461.155,sample,"[1.39184, -1.25238, 1.60707, -2.16709, 4.68151, 0.0]","[-6.30497, 0.07756, 2.29752]",open,
140.65,1786779461.2429,sample,"[1.39184, -1.25238, 1.60707, -2.16709, 4.68151, 0.0]","[-6.30497, 0.07756, 2.29752]",open,
140.75,1786779461.3314,sample,"[1.39184, -1.25238, 1.60707, -2.16709, 4.68151, 0.0]","[-6.30497, 0.07756, 2.29752]",open,
140.85,1786779461.4211,sample,"[1.39184, -1.25238, 1.60707, -2.16709, 4.68151, 0.0]","[-6.30497, 0.07756, 2.29752]",open,
140.95,1786779461.5114,sample,"[1.39184, -1.25238, 1.60707, -2.16709, 4.68151, 0.0]","[-6.30497, 0.07756, 2.29752]",open,
141.05,1786779461.6163,sample,"[1.39184, -1.25238, 1.60707, -2.16709, 4.68151, 0.0]","[-6.30497, 0.07756, 2.29752]",open,
141.15,1786779461.706,sample,"[1.39184, -1.25238, 1.60707, -2.16709, 4.68151, 0.0]","[-6.30497, 0.07756, 2.29752]",open,
141.25,1786779461.7985,sample,"[1.39184, -1.2524, 1.61964, -2.16709, 4.68151, 0.0]","[-6.30556, 0.07428, 2.28912]",open,
141.35,1786779461.8904,sample,"[1.39184, -1.25241, 1.64106, -2.16709, 4.68151, 0.0]","[-6.30661, 0.06846, 2.27489]",open,
141.45,1786779461.9793,sample,"[1.39184, -1.25241, 1.6512, -2.16709, 4.68151, 0.0]","[-6.30713, 0.0656, 2.26819]",open,
141.55,1786779462.069,sample,"[1.39184, -1.2524, 1.65493, -2.16709, 4.68151, 0.0]","[-6.30732, 0.06453, 2.26573]",open,
141.65,1786779462.1557,sample,"[1.39184, -1.2524, 1.6563, -2.16709, 4.68151, 0.0]","[-6.30739, 0.06414, 2.26483]",open,
141.75,1786779462.2474,sample,"[1.39184, -1.2524, 1.65681, -2.16709, 4.68151, 0.0]","[-6.30742, 0.06399, 2.2645]",open,
141.85,1786779462.3469,sample,"[1.39184, -1.2524, 1.657, -2.16709, 4.68151, 0.0]","[-6.30743, 0.06393, 2.26437]",open,
141.95,1786779462.4387,sample,"[1.39184, -1.2524, 1.65707, -2.16709, 4.68151, 0.0]","[-6.30743, 0.06391, 2.26433]",open,
142.05,1786779462.5262,sample,"[1.39184, -1.2524, 1.65707, -2.16709, 4.68151, 0.0]","[-6.30743, 0.06391, 2.26432]",open,
142.15,1786779462.6265,sample,"[1.39184, -1.2524, 1.65707, -2.16709, 4.68151, 0.0]","[-6.30743, 0.06391, 2.26432]",open,
142.25,1786779462.7215,sample,"[1.39184, -1.2524, 1.65707, -2.16709, 4.68151, 0.0]","[-6.30743, 0.06391, 2.26432]",open,
142.35,1786779462.8206,sample,"[1.39184, -1.2524, 1.65707, -2.16709, 4.68151, 0.0]","[-6.30743, 0.06391, 2.26432]",open,
142.45,1786779462.9252,sample,"[1.39184, -1.2524, 1.65707, -2.16709, 4.68151, 0.0]","[-6.30743, 0.06391, 2.26432]",open,
142.55,1786779463.0271,sample,"[1.39184, -1.2524, 1.65707, -2.16709, 4.68151, 0.0]","[-6.30743, 0.06391, 2.26432]",open,
142.65,1786779463.128,sample,"[1.39184, -1.2524, 1.65707, -2.16709, 4.68151, 0.0]","[-6.30743, 0.06391, 2.26432]",open,
142.75,1786779463.2354,sample,"[1.39184, -1.2524, 1.65707, -2.16709, 4.68151, 0.0]","[-6.30743, 0.06391, 2.26432]",open,
142.85,1786779463.3391,sample,"[1.39184, -1.2524, 1.65707, -2.16709, 4.68151, 0.0]","[-6.30743, 0.06391, 2.26432]",open,
142.95,1786779463.441,sample,"[1.39184, -1.2524, 1.65707, -2.16709, 4.68151, 0.0]","[-6.30743, 0.06391, 2.26432]",open,
143.05,1786779463.5358,sample,"[1.39184, -1.2524, 1.65707, -2.16709, 4.68151, 0.0]","[-6.30743, 0.06391, 2.26432]",open,
143.15,1786779463.6412,sample,"[1.39184, -1.2524, 1.65707, -2.16709, 4.68151, 0.0]","[-6.30743, 0.06391, 2.26432]",open,
143.25,1786779463.7484,sample,"[1.39184, -1.2524, 1.65707, -2.16709, 4.68151, 0.0]","[-6.30743, 0.06391, 2.26432]",open,
143.35,1786779463.8552,sample,"[1.39184, -1.2524, 1.65707, -2.16709, 4.68151, 0.0]","[-6.30743, 0.06391, 2.26432]",open,
143.45,1786779463.9565,sample,"[1.39184, -1.2524, 1.65707, -2.16709, 4.68151, 0.0]","[-6.30743, 0.06391, 2.26432]",open,
143.55,1786779464.0564,sample,"[1.39184, -1.2524, 1.65707, -2.16709, 4.68151, 0.0]","[-6.30743, 0.06391, 2.26432]",open,
143.65,1786779464.1638,sample,"[1.39184, -1.2524, 1.65707, -2.16709, 4.68151, 0.0]","[-6.30743, 0.06391, 2.26432]",open,
143.75,1786779464.2688,sample,"[1.39184, -1.2524, 1.65707, -2.16709, 4.68151, 0.0]","[-6.30743, 0.06391, 2.26432]",open,
143.85,1786779464.3706,sample,"[1.39184, -1.2524, 1.65707, -2.16709, 4.68151, 0.0]","[-6.30743, 0.06391, 2.26432]",open,
143.95,1786779464.478,sample,"[1.39184, -1.2524, 1.65707, -2.16709, 4.68151, 0.0]","[-6.30743, 0.06391, 2.26432]",open,
144.05,1786779464.5814,sample,"[1.39184, -1.2524, 1.65707, -2.16709, 4.68151, 0.0]","[-6.30743, 0.06391, 2.26432]",open,
144.15,1786779464.6849,sample,"[1.39184, -1.2524, 1.65707, -2.16709, 4.68151, 0.0]","[-6.30743, 0.06391, 2.26432]",open,
144.25,1786779464.8151,sample,"[1.39184, -1.2524, 1.65707, -2.16709, 4.68151, 0.0]","[-6.30743, 0.06391, 2.26432]",open,
144.35,1786779464.9261,sample,"[1.39184, -1.2524, 1.65707, -2.16709, 4.68151, 0.0]","[-6.30743, 0.06391, 2.26432]",open,
144.45,1786779465.0206,sample,"[1.39184, -1.2524, 1.65707, -2.16709, 4.68151, 0.0]","[-6.30743, 0.06391, 2.26432]",open,
144.55,1786779465.1175,sample,"[1.39184, -1.2524, 1.65707, -2.16709, 4.68151, 0.0]","[-6.30743, 0.06391, 2.26432]",open,
144.65,1786779465.2154,sample,"[1.39184, -1.2524, 1.65707, -2.16709, 4.68151, 0.0]","[-6.30743, 0.06391, 2.26432]",open,
144.75,1786779465.3132,sample,"[1.39184, -1.2524, 1.65707, -2.16709, 4.68151, 0.0]","[-6.30743, 0.06391, 2.26432]",open,
144.85,1786779465.4131,sample,"[1.39184, -1.2524, 1.65707, -2.16709, 4.68151, 0.0]","[-6.30743, 0.06391, 2.26432]",open,
144.95,1786779465.517,sample,"[1.39184, -1.2524, 1.65707, -2.16709, 4.68151, 0.0]","[-6.30743, 0.06391, 2.26432]",open,
145.05,1786779465.6156,sample,"[1.39184, -1.2524, 1.65707, -2.16709, 4.68151, 0.0]","[-6.30743, 0.06391, 2.26432]",open,
145.15,1786779465.713,sample,"[1.39184, -1.2524, 1.65707, -2.16709, 4.68151, 0.0]","[-6.30743, 0.06391, 2.26432]",open,
145.25,1786779465.8098,sample,"[1.39184, -1.2524, 1.65707, -2.16709, 4.68151, 0.0]","[-6.30743, 0.06391, 2.26432]",open,
145.35,1786779465.908,sample,"[1.39184, -1.2524, 1.65707, -2.16709, 4.68151, 0.0]","[-6.30743, 0.06391, 2.26432]",open,
145.45,1786779466.0075,sample,"[1.39184, -1.2524, 1.65707, -2.16709, 4.68151, 0.0]","[-6.30743, 0.06391, 2.26432]",open,
145.55,1786779466.1124,sample,"[1.39184, -1.2524, 1.65707, -2.16709, 4.68151, 0.0]","[-6.30743, 0.06391, 2.26432]",open,
145.65,1786779466.2174,sample,"[1.39184, -1.2524, 1.65707, -2.16709, 4.68151, 0.0]","[-6.30743, 0.06391, 2.26432]",open,
145.75,1786779466.3229,sample,"[1.39184, -1.2524, 1.65707, -2.16709, 4.68151, 0.0]","[-6.30743, 0.06391, 2.26432]",open,
145.85,1786779466.4279,sample,"[1.39184, -1.2524, 1.65707, -2.16709, 4.68151, 0.0]","[-6.30743, 0.06391, 2.26432]",open,
145.95,1786779466.5359,sample,"[1.39184, -1.2524, 1.65707, -2.16709, 4.68151, 0.0]","[-6.30743, 0.06391, 2.26432]",open,
146.05,1786779466.6339,sample,"[1.39184, -1.2524, 1.65707, -2.16709, 4.68151, 0.0]","[-6.30743, 0.06391, 2.26432]",open,
146.15,1786779466.7373,sample,"[1.39184, -1.2524, 1.65707, -2.16709, 4.68151, 0.0]","[-6.30743, 0.06391, 2.26432]",open,
146.25,1786779466.8472,sample,"[1.39184, -1.2524, 1.65707, -2.16709, 4.68151, 0.0]","[-6.30743, 0.06391, 2.26432]",open,
146.35,1786779466.9636,sample,"[1.39184, -1.2524, 1.65707, -2.16709, 4.68151, 0.0]","[-6.30743, 0.06391, 2.26432]",open,
146.45,1786779467.0624,sample,"[1.39184, -1.2524, 1.65707, -2.16709, 4.68151, 0.0]","[-6.30743, 0.06391, 2.26432]",open,
146.55,1786779467.1612,sample,"[1.39184, -1.2524, 1.65707, -2.16709, 4.68151, 0.0]","[-6.30743, 0.06391, 2.26432]",open,
146.65,1786779467.2621,sample,"[1.39184, -1.2524, 1.65707, -2.16709, 4.68151, 0.0]","[-6.30743, 0.06391, 2.26432]",open,
146.75,1786779467.3585,sample,"[1.39184, -1.2524, 1.65707, -2.16709, 4.68151, 0.0]","[-6.30743, 0.06391, 2.26432]",open,
146.85,1786779467.4569,sample,"[1.39184, -1.2524, 1.65707, -2.16709, 4.68151, 0.0]","[-6.30743, 0.06391, 2.26432]",open,
146.95,1786779467.5633,sample,"[1.39184, -1.2524, 1.65707, -2.16709, 4.68151, 0.0]","[-6.30743, 0.06391, 2.26432]",open,
147.05,1786779467.6715,sample,"[1.39184, -1.2524, 1.65707, -2.16709, 4.68151, 0.0]","[-6.30743, 0.06391, 2.26432]",open,
147.15,1786779467.7784,sample,"[1.39184, -1.2524, 1.65707, -2.16709, 4.68151, 0.0]","[-6.30743, 0.06391, 2.26432]",open,
147.25,1786779467.8757,sample,"[1.39184, -1.2524, 1.65707, -2.16709, 4.68151, 0.0]","[-6.30743, 0.06391, 2.26432]",open,
147.35,1786779467.972,sample,"[1.39184, -1.2524, 1.65707, -2.16709, 4.68151, 0.0]","[-6.30743, 0.06391, 2.26432]",open,
147.45,1786779468.0665,sample,"[1.39184, -1.2524, 1.65707, -2.16709, 4.68151, 0.0]","[-6.30743, 0.06391, 2.26432]",open,
147.55,1786779468.1639,sample,"[1.39184, -1.2524, 1.65707, -2.16709, 4.68151, 0.0]","[-6.30743, 0.06391, 2.26432]",open,
147.65,1786779468.2677,sample,"[1.39184, -1.2524, 1.65707, -2.16709, 4.68151, 0.0]","[-6.30743, 0.06391, 2.26432]",open,
147.75,1786779468.372,sample,"[1.39184, -1.2524, 1.65707, -2.16709, 4.68151, 0.0]","[-6.30743, 0.06391, 2.26432]",open,
147.85,1786779468.4769,sample,"[1.39184, -1.2524, 1.65707, -2.16709, 4.68151, 0.0]","[-6.30743, 0.06391, 2.26432]",open,
147.95,1786779468.5773,sample,"[1.39184, -1.2524, 1.65707, -2.16709, 4.68151, 0.0]","[-6.30743, 0.06391, 2.26432]",open,
148.05,1786779468.675,sample,"[1.39184, -1.2524, 1.65707, -2.16709, 4.68151, 0.0]","[-6.30743, 0.06391, 2.26432]",open,
148.15,1786779468.7724,sample,"[1.39184, -1.2524, 1.65707, -2.16709, 4.68151, 0.0]","[-6.30743, 0.06391, 2.26432]",open,
148.25,1786779468.8754,sample,"[1.39184, -1.2524, 1.65707, -2.16709, 4.68151, 0.0]","[-6.30743, 0.06391, 2.26432]",open,
148.35,1786779468.9854,sample,"[1.39184, -1.2524, 1.65707, -2.16709, 4.68151, 0.0]","[-6.30743, 0.06391, 2.26432]",open,
148.45,1786779469.0869,sample,"[1.39184, -1.2524, 1.65707, -2.16709, 4.68151, 0.0]","[-6.30743, 0.06391, 2.26432]",open,
148.55,1786779469.1856,sample,"[1.39184, -1.2524, 1.65707, -2.16709, 4.68151, 0.0]","[-6.30743, 0.06391, 2.26432]",open,
148.65,1786779469.283,sample,"[1.39184, -1.2524, 1.65707, -2.16709, 4.68151, 0.0]","[-6.30743, 0.06391, 2.26432]",open,
148.75,1786779469.3814,sample,"[1.39184, -1.2524, 1.65707, -2.16709, 4.68151, 0.0]","[-6.30743, 0.06391, 2.26432]",open,
148.85,1786779469.4774,sample,"[1.39184, -1.2524, 1.65707, -2.16709, 4.68151, 0.0]","[-6.30743, 0.06391, 2.26432]",open,
148.95,1786779469.5779,sample,"[1.39184, -1.2524, 1.65707, -2.16709, 4.68151, 0.0]","[-6.30743, 0.06391, 2.26432]",open,
149.05,1786779469.6737,sample,"[1.39184, -1.2524, 1.65707, -2.16709, 4.68151, 0.0]","[-6.30743, 0.06391, 2.26432]",open,
149.15,1786779469.7738,sample,"[1.39184, -1.2524, 1.65707, -2.16709, 4.68151, 0.0]","[-6.30743, 0.06391, 2.26432]",open,
149.25,1786779469.8696,sample,"[1.39184, -1.2524, 1.65707, -2.16709, 4.68151, 0.0]","[-6.30743, 0.06391, 2.26432]",open,
149.35,1786779469.9665,sample,"[1.39184, -1.2524, 1.65707, -2.16709, 4.68151, 0.0]","[-6.30743, 0.06391, 2.26432]",open,
149.45,1786779470.0683,sample,"[1.39184, -1.2524, 1.65707, -2.16709, 4.68151, 0.0]","[-6.30743, 0.06391, 2.26432]",open,
149.55,1786779470.1656,sample,"[1.39184, -1.2524, 1.65707, -2.16709, 4.68151, 0.0]","[-6.30743, 0.06391, 2.26432]",open,
149.65,1786779470.2705,sample,"[1.39184, -1.2524, 1.65707, -2.16709, 4.68151, 0.0]","[-6.30743, 0.06391, 2.26432]",open,
149.75,1786779470.3799,sample,"[1.39184, -1.2524, 1.65707, -2.16709, 4.68151, 0.0]","[-6.30743, 0.06391, 2.26432]",open,
149.85,1786779470.4844,sample,"[1.39184, -1.2524, 1.65707, -2.16709, 4.68151, 0.0]","[-6.30743, 0.06391, 2.26432]",open,
149.95,1786779470.58,sample,"[1.39184, -1.2524, 1.65707, -2.16709, 4.68151, 0.0]","[-6.30743, 0.06391, 2.26432]",open,
150.05,1786779470.6794,sample,"[1.39184, -1.2524, 1.65707, -2.16709, 4.68151, 0.0]","[-6.30743, 0.06391, 2.26432]",open,
150.15,1786779470.7807,sample,"[1.39184, -1.2524, 1.65707, -2.16709, 4.68151, 0.0]","[-6.30743, 0.06391, 2.26432]",open,
150.25,1786779470.8893,sample,"[1.39184, -1.25242, 1.66365, -2.16709, 4.68151, 0.0]","[-6.30778, 0.06199, 2.26002]",open,
150.35,1786779470.987,sample,"[1.39184, -1.25243, 1.68471, -2.16709, 4.68151, 0.0]","[-6.30892, 0.05567, 2.2463]",open,
150.45,1786779471.0859,sample,"[1.39184, -1.25243, 1.70202, -2.16709, 4.68151, 0.0]","[-6.3099, 0.05026, 2.23511]",open,
150.55,1786779471.1799,sample,"[1.39184, -1.25243, 1.70839, -2.16709, 4.68151, 0.0]","[-6.31027, 0.04822, 2.23102]",open,
150.65,1786779471.2763,sample,"[1.39184, -1.25244, 1.71073, -2.16709, 4.68151, 0.0]","[-6.31041, 0.04747, 2.22953]",open,
150.75,1786779471.3746,sample,"[1.39184, -1.25244, 1.71159, -2.16709, 4.68151, 0.0]","[-6.31046, 0.04719, 2.22898]",open,
150.85,1786779471.47,sample,"[1.39184, -1.25245, 1.71191, -2.16709, 4.68151, 0.0]","[-6.31048, 0.04709, 2.22878]",open,
150.95,1786779471.5653,sample,"[1.39184, -1.25245, 1.71202, -2.16709, 4.68151, 0.0]","[-6.31048, 0.04705, 2.22871]",open,
151.05,1786779471.658,sample,"[1.39184, -1.25245, 1.71207, -2.16709, 4.68151, 0.0]","[-6.31049, 0.04703, 2.22868]",open,
151.15,1786779471.7514,sample,"[1.39184, -1.25245, 1.71207, -2.16709, 4.68151, 0.0]","[-6.31049, 0.04703, 2.22868]",open,
151.25,1786779471.8461,sample,"[1.39184, -1.25245, 1.71207, -2.16709, 4.68151, 0.0]","[-6.31049, 0.04703, 2.22868]",open,
151.35,1786779471.9425,sample,"[1.39184, -1.25245, 1.71207, -2.16709, 4.68151, 0.0]","[-6.31049, 0.04703, 2.22868]",open,
151.45,1786779472.0339,sample,"[1.39184, -1.25245, 1.71207, -2.16709, 4.68151, 0.0]","[-6.31049, 0.04703, 2.22868]",open,
151.55,1786779472.1311,sample,"[1.39184, -1.25245, 1.71207, -2.16709, 4.68151, 0.0]","[-6.31049, 0.04703, 2.22868]",open,
151.65,1786779472.227,sample,"[1.39184, -1.25245, 1.71207, -2.16709, 4.68151, 0.0]","[-6.31049, 0.04703, 2.22868]",open,
151.75,1786779472.3234,sample,"[1.39184, -1.25245, 1.71207, -2.16709, 4.68151, 0.0]","[-6.31049, 0.04703, 2.22868]",open,
151.85,1786779472.4221,sample,"[1.39185, -1.26183, 1.71209, -2.16709, 4.68151, 0.0]","[-6.31092, 0.04467, 2.23645]",open,
151.95,1786779472.5205,sample,"[1.39185, -1.28424, 1.71211, -2.16709, 4.68151, 0.0]","[-6.312, 0.03873, 2.25496]",open,
152.05,1786779472.6206,sample,"[1.39185, -1.31145, 1.71211, -2.16709, 4.68151, 0.0]","[-6.3134, 0.03098, 2.27726]",open,
152.15,1786779472.7139,sample,"[1.39185, -1.33825, 1.7121, -2.16709, 4.68151, 0.0]","[-6.31488, 0.02278, 2.299]",open,
152.25,1786779472.8104,sample,"[1.39184, -1.35037, 1.71209, -2.16709, 4.68151, 0.0]","[-6.31558, 0.01888, 2.30877]",open,
152.35,1786779472.9047,sample,"[1.39184, -1.35483, 1.71208, -2.16709, 4.68152, 0.0]","[-6.31585, 0.01742, 2.31235]",open,
152.45,1786779472.9985,sample,"[1.39184, -1.35647, 1.71208, -2.16709, 4.68152, 0.0]","[-6.31594, 0.01688, 2.31366]",open,
152.55,1786779473.096,sample,"[1.39184, -1.35707, 1.71207, -2.16709, 4.68152, 0.0]","[-6.31598, 0.01668, 2.31415]",open,
152.65,1786779473.1944,sample,"[1.39184, -1.35729, 1.71207, -2.16709, 4.68152, 0.0]","[-6.31599, 0.01661, 2.31433]",open,
152.75,1786779473.2922,sample,"[1.396, -1.35737, 1.71207, -2.16709, 4.68151, 0.0]","[-6.31939, 0.0165, 2.31439]",open,
152.85,1786779473.3925,sample,"[1.41543, -1.35739, 1.71207, -2.16709, 4.68151, 0.0]","[-6.33526, 0.01597, 2.3144]",open,
152.95,1786779473.4864,sample,"[1.44155, -1.3574, 1.71207, -2.16709, 4.6815, 0.0]","[-6.35655, 0.01477, 2.31441]",open,
153.05,1786779473.5869,sample,"[1.47012, -1.35741, 1.71207, -2.16709, 4.6815, 0.0]","[-6.3798, 0.01282, 2.31442]",open,
153.15,1786779473.6812,sample,"[1.49959, -1.35742, 1.71207, -2.16709, 4.6815, 0.0]","[-6.40372, 0.01011, 2.31443]",open,
153.25,1786779473.7755,sample,"[1.51999, -1.35743, 1.71207, -2.16709, 4.6815, 0.0]","[-6.42023, 0.00782, 2.31444]",open,
153.35,1786779473.8724,sample,"[1.5275, -1.35743, 1.71207, -2.16709, 4.6815, 0.0]","[-6.42629, 0.00689, 2.31444]",open,
153.45,1786779473.9686,sample,"[1.53026, -1.35744, 1.71207, -2.16709, 4.68151, 0.0]","[-6.42852, 0.00654, 2.31445]",open,
153.55,1786779474.0635,sample,"[1.53128, -1.35745, 1.71207, -2.16709, 4.68151, 0.0]","[-6.42934, 0.0064, 2.31445]",open,
153.65,1786779474.1694,sample,"[1.52508, -1.35745, 1.71207, -2.16709, 4.68151, -0.0]","[-6.42433, 0.00719, 2.31445]",open,
153.75,1786779474.2769,sample,"[1.50417, -1.35745, 1.71207, -2.16709, 4.68152, -0.0]","[-6.40743, 0.00961, 2.31445]",open,
153.85,1786779474.3807,sample,"[1.47751, -1.35745, 1.71207, -2.16709, 4.68153, 0.0]","[-6.38581, 0.01219, 2.31445]",open,
153.95,1786779474.4866,sample,"[1.44874, -1.35745, 1.71207, -2.16709, 4.68153, 0.0]","[-6.36242, 0.01432, 2.31445]",open,
154.05,1786779474.5921,sample,"[1.4192, -1.35745, 1.71207, -2.16709, 4.68154, 0.0]","[-6.33833, 0.01581, 2.31445]",open,
154.15,1786779474.7064,sample,"[1.38936, -1.35745, 1.71207, -2.16709, 4.68154, 0.0]","[-6.31398, 0.01659, 2.31445]",open,
154.25,1786779474.8213,sample,"[1.35942, -1.35745, 1.71207, -2.16709, 4.68154, 0.0]","[-6.28953, 0.01664, 2.31445]",open,
154.35,1786779474.9379,sample,"[1.32945, -1.35745, 1.71207, -2.16709, 4.68155, 0.0]","[-6.26506, 0.01596, 2.31445]",open,
154.45,1786779475.0443,sample,"[1.29945, -1.35745, 1.71207, -2.16709, 4.68155, 0.0]","[-6.24061, 0.01455, 2.31445]",open,
154.55,1786779475.1532,sample,"[1.26946, -1.35745, 1.71207, -2.16709, 4.68155, 0.0]","[-6.2162, 0.0124, 2.31445]",open,
154.65,1786779475.2621,sample,"[1.23946, -1.35745, 1.71207, -2.16709, 4.68155, 0.0]","[-6.19187, 0.00952, 2.31445]",open,
154.75,1786779475.36,sample,"[1.2136, -1.35745, 1.71207, -2.16709, 4.68155, 0.0]","[-6.17098, 0.00645, 2.31445]",open,
154.85,1786779475.4549,sample,"[1.20303, -1.35745, 1.71207, -2.16709, 4.68155, 0.0]","[-6.16246, 0.00505, 2.31445]",open,
154.95,1786779475.5582,sample,"[1.19914, -1.3533, 1.71208, -2.16709, 4.68155, 0.0]","[-6.15883, 0.0058, 2.31112]",open,
155.05,1786779475.66,sample,"[1.19771, -1.33386, 1.7121, -2.16709, 4.68155, 0.0]","[-6.15536, 0.0115, 2.29546]",open,
155.15,1786779475.7614,sample,"[1.19718, -1.30775, 1.7121, -2.16709, 4.68155, 0.0]","[-6.152, 0.01891, 2.27424]",open,
155.25,1786779475.8595,sample,"[1.19698, -1.27918, 1.7121, -2.16709, 4.68154, 0.0]","[-6.14886, 0.02648, 2.25079]",open,
155.35,1786779475.9558,sample,"[1.19691, -1.2497, 1.7121, -2.16709, 4.68154, 0.0]","[-6.14598, 0.03365, 2.22637]",open,
155.45,1786779476.053,sample,"[1.1969, -1.21989, 1.7121, -2.16709, 4.68154, 0.0]","[-6.14339, 0.04023, 2.20145]",open,
155.55,1786779476.1556,sample,"[1.19689, -1.19653, 1.7121, -2.16709, 4.68154, 0.0]","[-6.14154, 0.0449, 2.18179]",open,
155.65,1786779476.2514,sample,"[1.19687, -1.18761, 1.71209, -2.16709, 4.68154, -0.0]","[-6.14087, 0.04658, 2.17425]",open,
155.75,1786779476.3534,sample,"[1.19686, -1.18433, 1.71207, -2.16709, 4.68154, -0.0]","[-6.14062, 0.04718, 2.17148]",open,
155.85,1786779476.4507,sample,"[1.19684, -1.18312, 1.71207, -2.16709, 4.68154, 0.0]","[-6.14052, 0.04739, 2.17046]",open,
155.95,1786779476.5497,sample,"[1.19684, -1.18268, 1.71207, -2.16709, 4.68154, -0.0]","[-6.14049, 0.04747, 2.17009]",open,
156.05,1786779476.6485,sample,"[1.19684, -1.18252, 1.71207, -2.16709, 4.68154, 0.0]","[-6.14048, 0.0475, 2.16995]",open,
156.15,1786779476.7499,sample,"[1.19028, -1.18245, 1.71207, -2.16709, 4.68154, -0.0]","[-6.13492, 0.04645, 2.1699]",open,
156.25,1786779476.8492,sample,"[1.16924, -1.18245, 1.71207, -2.16709, 4.68155, -0.0]","[-6.11715, 0.04279, 2.1699]",open,
156.35,1786779476.948,sample,"[1.14472, -1.18245, 1.71207, -2.16709, 4.68155, -0.0]","[-6.09654, 0.03805, 2.1699]",open,
156.45,1786779477.0513,sample,"[1.13343, -1.18245, 1.71207, -2.16709, 4.68155, 0.0]","[-6.08709, 0.0357, 2.1699]",open,
156.55,1786779477.1522,sample,"[1.12928, -1.18245, 1.71207, -2.16709, 4.68155, 0.0]","[-6.08363, 0.03481, 2.1699]",open,
156.65,1786779477.2466,sample,"[1.12776, -1.18245, 1.71207, -2.16709, 4.68155, 0.0]","[-6.08235, 0.03448, 2.1699]",open,
156.75,1786779477.345,sample,"[1.12719, -1.18245, 1.71207, -2.16709, 4.68155, 0.0]","[-6.08188, 0.03436, 2.1699]",open,
156.85,1786779477.4414,sample,"[1.12699, -1.18245, 1.71207, -2.16709, 4.68155, 0.0]","[-6.08172, 0.03431, 2.1699]",open,
156.95,1786779477.5356,sample,"[1.12692, -1.18245, 1.71207, -2.16709, 4.68155, 0.0]","[-6.08165, 0.0343, 2.1699]",open,
157.05,1786779477.634,sample,"[1.1269, -1.18244, 1.71622, -2.16709, 4.68155, -0.0]","[-6.0823, 0.03289, 2.16734]",open,
157.15,1786779477.7364,sample,"[1.12688, -1.18254, 1.73546, -2.16711, 4.68159, -0.0]","[-6.08545, 0.02624, 2.15568]",open,
157.25,1786779477.8338,sample,"[1.12687, -1.18299, 1.75574, -2.16723, 4.68192, -0.0]","[-6.08893, 0.01898, 2.14385]",open,
157.35,1786779477.9385,sample,"[1.12687, -1.18314, 1.77459, -2.16726, 4.68202, -0.0]","[-6.09223, 0.01207, 2.13276]",open,
157.45,1786779478.0356,sample,"[1.12687, -1.18311, 1.78654, -2.16726, 4.68171, -0.0]","[-6.09432, 0.00759, 2.12569]",open,
157.55,1786779478.136,sample,"[1.12686, -1.19523, 1.79637, -2.16725, 4.6817, -0.0]","[-6.09686, 0.00223, 2.1298]",open,
157.65,1786779478.2375,sample,"[1.12686, -1.21866, 1.79998, -2.16724, 4.68169, -0.0]","[-6.09912, -0.00252, 2.14663]",open,
157.75,1786779478.3338,sample,"[1.12685, -1.24625, 1.80132, -2.16723, 4.68168, -0.0]","[-6.10148, -0.0075, 2.16799]",open,
157.85,1786779478.4311,sample,"[1.12685, -1.27536, 1.8018, -2.16723, 4.68168, -0.0]","[-6.1041, -0.01299, 2.19093]",open,
157.95,1786779478.5264,sample,"[1.12685, -1.30504, 1.80198, -2.16722, 4.68167, -0.0]","[-6.107, -0.0191, 2.2143]",open,
158.05,1786779478.6306,sample,"[1.12685, -1.33492, 1.80204, -2.16722, 4.68167, -0.0]","[-6.11021, -0.02585, 2.2377]",open,
158.15,1786779478.73,sample,"[1.12685, -1.36487, 1.80207, -2.16721, 4.68166, 0.0]","[-6.11372, -0.03323, 2.26095]",open,
158.25,1786779478.8294,sample,"[1.12685, -1.39486, 1.80209, -2.16721, 4.68166, 0.0]","[-6.11753, -0.04124, 2.28396]",open,
158.35,1786779478.9313,sample,"[1.12686, -1.42485, 1.80211, -2.1672, 4.68166, 0.0]","[-6.12164, -0.04987, 2.30672]",open,
158.45,1786779479.0347,sample,"[1.12686, -1.45485, 1.80211, -2.1672, 4.68166, 0.0]","[-6.12603, -0.05911, 2.32918]",open,
158.55,1786779479.137,sample,"[1.12685, -1.47545, 1.8021, -2.16719, 4.68166, 0.0]","[-6.12921, -0.06581, 2.34444]",open,
158.65,1786779479.2424,sample,"[1.12684, -1.48303, 1.80209, -2.16719, 4.68166, 0.0]","[-6.13041, -0.06834, 2.35001]",open,
158.75,1786779479.3354,sample,"[1.12684, -1.48582, 1.80208, -2.16718, 4.68166, 0.0]","[-6.13086, -0.06928, 2.35206]",open,
158.85,1786779479.4333,sample,"[1.12684, -1.48685, 1.80866, -2.16718, 4.68165, 0.0]","[-6.13169, -0.07104, 2.34834]",open,
158.95,1786779479.5282,sample,"[1.12684, -1.48723, 1.82972, -2.16718, 4.68165, 0.0]","[-6.13397, -0.07583, 2.33437]",open,
159.05,1786779479.6261,sample,"[1.12684, -1.48736, 1.85425, -2.16718, 4.68165, 0.0]","[-6.13673, -0.08164, 2.318]",open,
159.15,1786779479.7231,sample,"[1.12684, -1.4874, 1.86554, -2.16717, 4.68164, 0.0]","[-6.13806, -0.08443, 2.3105]",open,
159.25,1786779479.821,sample,"[1.12684, -1.48743, 1.86969, -2.16717, 4.68164, 0.0]","[-6.13856, -0.08548, 2.30777]",open,
159.35,1786779479.9224,sample,"[1.12684, -1.48745, 1.87121, -2.16717, 4.68164, 0.0]","[-6.13874, -0.08587, 2.30677]",open,
159.45,1786779480.0223,sample,"[1.12684, -1.48744, 1.88433, -2.16716, 4.68164, 0.0]","[-6.14035, -0.08924, 2.29809]",open,
159.55,1786779480.1196,sample,"[1.12684, -1.48743, 1.90812, -2.16716, 4.68164, 0.0]","[-6.14338, -0.0956, 2.28248]",open,
159.65,1786779480.2176,sample,"[1.12684, -1.48743, 1.93584, -2.16716, 4.68164, 0.0]","[-6.14711, -0.10344, 2.26451]",open,
159.75,1786779480.3195,sample,"[1.12684, -1.48744, 1.96086, -2.16716, 4.68164, 0.0]","[-6.15065, -0.11091, 2.24851]",open,
159.85,1786779480.4159,sample,"[1.12684, -1.48745, 1.97113, -2.16716, 4.68164, 0.0]","[-6.15216, -0.11408, 2.24201]",open,
159.95,1786779480.5188,sample,"[1.12684, -1.48745, 1.9749, -2.16715, 4.68164, 0.0]","[-6.15272, -0.11526, 2.23963]",open,
160.05,1786779480.6151,sample,"[1.12684, -1.48745, 1.97629, -2.16715, 4.68164, 0.0]","[-6.15293, -0.11569, 2.23875]",open,
160.15,1786779480.719,sample,"[1.12684, -1.48745, 1.97681, -2.16715, 4.68164, 0.0]","[-6.15301, -0.11585, 2.23843]",open,
160.25,1786779480.8138,sample,"[1.12684, -1.48744, 1.98955, -2.16715, 4.68164, 0.0]","[-6.15493, -0.1199, 2.23042]",open,
160.35,1786779480.9121,sample,"[1.12684, -1.48744, 2.0132, -2.16715, 4.68164, 0.0]","[-6.15863, -0.12767, 2.21573]",open,
160.45,1786779481.016,sample,"[1.12684, -1.48745, 2.02831, -2.16714, 4.68164, 0.0]","[-6.16107, -0.1328, 2.20645]",open,
160.55,1786779481.1138,sample,"[1.12684, -1.48745, 2.03387, -2.16714, 4.68164, 0.0]","[-6.16198, -0.13472, 2.20307]",open,
160.65,1786779481.2081,sample,"[1.12684, -1.48745, 2.03591, -2.16714, 4.68164, 0.0]","[-6.16231, -0.13543, 2.20182]",open,
160.75,1786779481.3045,sample,"[1.12684, -1.48745, 2.03667, -2.16714, 4.68164, -0.0]","[-6.16244, -0.13569, 2.20136]",open,
160.85,1786779481.4073,sample,"[1.12685, -1.49686, 2.03695, -2.16714, 4.68164, -0.0]","[-6.16341, -0.13772, 2.20738]",open,
160.95,1786779481.5015,sample,"[1.12686, -1.51929, 2.03702, -2.16713, 4.68164, -0.0]","[-6.16572, -0.14256, 2.222]",open,
161.05,1786779481.615,sample,"[1.12685, -1.54236, 2.03703, -2.16713, 4.68164, 0.0]","[-6.16822, -0.14783, 2.23696]",open,
161.15,1786779481.7184,sample,"[1.12685, -1.55191, 2.03703, -2.16713, 4.68164, 0.0]","[-6.1693, -0.1501, 2.24311]",open,
161.25,1786779481.8148,sample,"[1.12684, -1.55543, 2.03703, -2.16713, 4.68164, 0.0]","[-6.1697, -0.15095, 2.24537]",open,
161.35,1786779481.91,sample,"[1.12684, -1.55672, 2.03703, -2.16713, 4.68164, 0.0]","[-6.16985, -0.15126, 2.2462]",open,
161.45,1786779482.005,sample,"[1.12684, -1.55719, 2.03703, -2.16712, 4.68164, 0.0]","[-6.1699, -0.15138, 2.2465]",open,
161.55,1786779482.0968,sample,"[1.12684, -1.55737, 2.03703, -2.16712, 4.68164, 0.0]","[-6.16992, -0.15142, 2.24661]",open,
161.65,1786779482.1968,sample,"[1.12684, -1.55743, 2.03703, -2.16712, 4.68164, 0.0]","[-6.16993, -0.15144, 2.24665]",open,
161.75,1786779482.2965,sample,"[1.12684, -1.55745, 2.03703, -2.16712, 4.68164, 0.0]","[-6.16993, -0.15145, 2.24667]",open,
161.85,1786779482.3959,sample,"[1.12685, -1.55089, 2.03703, -2.16712, 4.68164, 0.0]","[-6.16918, -0.14985, 2.24245]",open,
161.95,1786779482.4912,sample,"[1.12686, -1.52984, 2.03704, -2.16712, 4.68164, 0.0]","[-6.16685, -0.14494, 2.22885]",open,
162.05,1786779482.5875,sample,"[1.12685, -1.50971, 2.03704, -2.16712, 4.68163, -0.0]","[-6.16473, -0.14048, 2.21574]",open,
162.15,1786779482.6838,sample,"[1.12684, -1.50197, 2.03704, -2.16712, 4.68163, -0.0]","[-6.16393, -0.13883, 2.21067]",open,
162.25,1786779482.7862,sample,"[1.12684, -1.49255, 2.03703, -2.16712, 4.68163, 0.0]","[-6.163, -0.13686, 2.20449]",open,
162.35,1786779482.8811,sample,"[1.12685, -1.47045, 2.03704, -2.16712, 4.68163, -0.0]","[-6.16091, -0.13247, 2.1899]",open,
162.45,1786779482.983,sample,"[1.12684, -1.44994, 2.03704, -2.16712, 4.68163, -0.0]","[-6.15909, -0.12864, 2.17626]",open,
162.55,1786779483.0749,sample,"[1.12684, -1.44205, 2.03703, -2.16712, 4.68163, -0.0]","[-6.15842, -0.12724, 2.171]",open,
162.65,1786779483.1721,sample,"[1.12684, -1.43915, 2.03703, -2.16712, 4.68163, -0.0]","[-6.15818, -0.12673, 2.16907]",open,
162.75,1786779483.2659,sample,"[1.12684, -1.43809, 2.03702, -2.16712, 4.68163, -0.0]","[-6.15809, -0.12655, 2.16836]",open,
162.85,1786779483.3595,sample,"[1.12684, -1.4377, 2.03702, -2.16712, 4.68163, -0.0]","[-6.15806, -0.12648, 2.1681]",open,
162.95,1786779483.4603,sample,"[1.12684, -1.43754, 2.03702, -2.16712, 4.68163, -0.0]","[-6.15804, -0.12645, 2.168]",open,
163.05,1786779483.5554,sample,"[1.12684, -1.43751, 2.03702, -2.16712, 4.68163, -0.0]","[-6.15804, -0.12644, 2.16797]",open,
163.15,1786779483.6524,sample,"[1.12684, -1.43747, 2.03702, -2.16712, 4.68163, -0.0]","[-6.15804, -0.12644, 2.16795]",open,
163.25,1786779483.7492,sample,"[1.12684, -1.43745, 2.03702, -2.16712, 4.68163, -0.0]","[-6.15804, -0.12643, 2.16794]",open,
163.35,1786779483.8486,sample,"[1.12684, -1.43745, 2.03702, -2.16712, 4.68163, -0.0]","[-6.15804, -0.12643, 2.16794]",open,
163.45,1786779483.9444,sample,"[1.12684, -1.43745, 2.03702, -2.16712, 4.68163, -0.0]","[-6.15804, -0.12643, 2.16794]",open,
163.55,1786779484.0468,sample,"[1.12684, -1.43745, 2.03702, -2.16712, 4.68163, -0.0]","[-6.15804, -0.12643, 2.16794]",open,
163.65,1786779484.1447,sample,"[1.12684, -1.43745, 2.03702, -2.16712, 4.68163, -0.0]","[-6.15804, -0.12643, 2.16794]",open,
163.75,1786779484.242,sample,"[1.12684, -1.43745, 2.03702, -2.16712, 4.68163, -0.0]","[-6.15804, -0.12643, 2.16794]",open,
163.85,1786779484.3384,sample,"[1.12684, -1.43745, 2.03702, -2.16712, 4.68163, -0.0]","[-6.15804, -0.12643, 2.16794]",open,
163.95,1786779484.4348,sample,"[1.12684, -1.43745, 2.03702, -2.16712, 4.68163, -0.0]","[-6.15804, -0.12643, 2.16794]",open,
164.05,1786779484.5424,sample,"[1.12684, -1.43745, 2.03702, -2.16712, 4.68163, -0.0]","[-6.15804, -0.12643, 2.16794]",open,
164.15,1786779484.648,sample,"[1.12685, -1.43822, 2.03702, -2.16712, 4.68163, -0.0]","[-6.1581, -0.12657, 2.16845]",open,
164.25,1786779484.7494,sample,"[1.12685, -1.45346, 2.03704, -2.16712, 4.68163, -0.0]","[-6.1594, -0.12928, 2.17861]",open,
164.35,1786779484.8477,sample,"[1.12684, -1.46548, 2.03704, -2.16712, 4.68163, -0.0]","[-6.16045, -0.13151, 2.1866]",open,
164.45,1786779484.9437,sample,"[1.12684, -1.4699, 2.03703, -2.16712, 4.68163, -0.0]","[-6.16085, -0.13236, 2.18954]",open,
164.55,1786779485.0392,sample,"[1.12684, -1.47152, 2.03703, -2.16712, 4.68163, -0.0]","[-6.161, -0.13267, 2.19062]",open,
164.65,1786779485.1386,sample,"[1.12684, -1.47212, 2.03702, -2.16789, 4.68163, -0.0]","[-6.16103, -0.13272, 2.1911]",open,
164.75,1786779485.2355,sample,"[1.12684, -1.47234, 2.03703, -2.18317, 4.68163, -0.0]","[-6.16047, -0.13156, 2.19307]",open,
164.85,1786779485.3376,sample,"[1.12684, -1.47242, 2.03702, -2.19518, 4.68163, -0.0]","[-6.16004, -0.13064, 2.19457]",open,
164.95,1786779485.436,sample,"[1.12684, -1.47245, 2.03702, -2.1996, 4.68163, -0.0]","[-6.15988, -0.13031, 2.19514]",open,
165.05,1786779485.5355,sample,"[1.12684, -1.47246, 2.03702, -2.20123, 4.68163, -0.0]","[-6.15982, -0.13018, 2.19533]",open,
165.15,1786779485.6294,sample,"[1.12684, -1.47246, 2.03702, -2.20183, 4.68163, 0.0]","[-6.1598, -0.13014, 2.19541]",open,
165.25,1786779485.7237,sample,"[1.12684, -1.47245, 2.03702, -2.20205, 4.68163, 0.0]","[-6.15979, -0.13012, 2.19543]",open,
165.35,1786779485.819,sample,"[1.12684, -1.47245, 2.03702, -2.2021, 4.68163, 0.0]","[-6.15979, -0.13012, 2.19544]",open,
165.45,1786779485.9194,sample,"[1.12684, -1.47246, 2.03702, -2.2074, 4.68163, 0.0]","[-6.1596, -0.12971, 2.19609]",open,
165.55,1786779486.0181,sample,"[1.12684, -1.47246, 2.03702, -2.21042, 4.68163, 0.0]","[-6.15949, -0.12949, 2.19646]",open,
165.65,1786779486.1185,sample,"[1.12684, -1.47245, 2.03702, -2.21153, 4.68163, 0.0]","[-6.15945, -0.1294, 2.19659]",open,
165.75,1786779486.215,sample,"[1.12684, -1.47245, 2.03702, -2.21193, 4.68163, 0.0]","[-6.15943, -0.12937, 2.19664]",open,
165.85,1786779486.3124,sample,"[1.12684, -1.47245, 2.03702, -2.2121, 4.68163, 0.0]","[-6.15943, -0.12936, 2.19666]",open,
165.95,1786779486.4122,sample,"[1.12684, -1.47245, 2.03702, -2.2121, 4.68163, 0.0]","[-6.15943, -0.12936, 2.19666]",open,
166.05,1786779486.513,sample,"[1.12684, -1.46306, 2.03704, -2.2121, 4.68163, 0.0]","[-6.15856, -0.12753, 2.19038]",open,
166.15,1786779486.6099,sample,"[1.12684, -1.44064, 2.03705, -2.2121, 4.68163, 0.0]","[-6.15658, -0.12336, 2.17535]",open,
166.25,1786779486.7088,sample,"[1.12684, -1.41759, 2.03702, -2.2121, 4.68163, -0.0]","[-6.15469, -0.11938, 2.1598]",open,
166.35,1786779486.809,sample,"[1.12689, -1.40848, 2.03474, -2.21214, 4.68154, 0.0]","[-6.15358, -0.11701, 2.15496]",open,
166.45,1786779486.9044,sample,"[1.12689, -1.40515, 2.03401, -2.21214, 4.68154, 0.0]","[-6.1532, -0.1162, 2.15312]",open,
166.55,1786779487.0045,sample,"[1.1269, -1.40392, 2.03498, -2.21214, 4.68154, 0.0]","[-6.15329, -0.11638, 2.15172]",open,
166.65,1786779487.0979,sample,"[1.1269, -1.40343, 2.03548, -2.21214, 4.68154, 0.0]","[-6.15335, -0.1165, 2.1511]",open,
166.75,1786779487.2002,sample,"[1.12689, -1.40323, 2.0357, -2.21214, 4.68154, 0.0]","[-6.15337, -0.11655, 2.15084]",open,
166.85,1786779487.296,sample,"[1.12689, -1.40316, 2.03576, -2.21214, 4.68154, 0.0]","[-6.15337, -0.11656, 2.15075]",open,
166.95,1786779487.3963,sample,"[1.12689, -1.40311, 2.03579, -2.21214, 4.68154, 0.0]","[-6.15337, -0.11657, 2.1507]",open,
167.05,1786779487.4945,sample,"[1.12689, -1.40311, 2.03582, -2.21214, 4.68154, 0.0]","[-6.15338, -0.11658, 2.15068]",open,
167.15,1786779487.5889,sample,"[1.12689, -1.40311, 2.03585, -2.21214, 4.68154, 0.0]","[-6.15338, -0.11659, 2.15066]",open,
167.25,1786779487.7004,sample,"[1.12689, -1.40311, 2.03587, -2.21214, 4.68154, 0.0]","[-6.15339, -0.1166, 2.15065]",closed,pkg_002
167.35,1786779487.8378,sample,"[1.12688, -1.40311, 2.03589, -2.21213, 4.68155, 0.0]","[-6.15339, -0.11661, 2.15064]",closed,pkg_002
167.45,1786779487.9397,sample,"[1.12688, -1.40312, 2.03591, -2.21213, 4.68155, 0.0]","[-6.15339, -0.11662, 2.15064]",closed,pkg_002
167.55,1786779488.0406,sample,"[1.12689, -1.40312, 2.03591, -2.21213, 4.68155, 0.0]","[-6.1534, -0.11662, 2.15063]",closed,pkg_002
167.65,1786779488.139,sample,"[1.12689, -1.40312, 2.03592, -2.21213, 4.68156, 0.0]","[-6.1534, -0.11662, 2.15063]",closed,pkg_002
167.75,1786779488.2367,sample,"[1.12689, -1.40312, 2.03592, -2.21213, 4.68156, 0.0]","[-6.1534, -0.11662, 2.15063]",closed,pkg_002
167.85,1786779488.3387,sample,"[1.12689, -1.40312, 2.03591, -2.21213, 4.68156, 0.0]","[-6.1534, -0.11662, 2.15063]",closed,pkg_002
167.95,1786779488.437,sample,"[1.12689, -1.40312, 2.03592, -2.21213, 4.68157, 0.0]","[-6.1534, -0.11662, 2.15063]",closed,pkg_002
168.05,1786779488.54,sample,"[1.1269, -1.40384, 2.036, -2.21212, 4.68157, 0.0]","[-6.15347, -0.11676, 2.15108]",closed,pkg_002
168.15,1786779488.6373,sample,"[1.1269, -1.41869, 2.03672, -2.21213, 4.68157, -0.0]","[-6.15475, -0.11944, 2.16073]",closed,pkg_002
168.25,1786779488.7352,sample,"[1.1269, -1.44309, 2.037, -2.21214, 4.68156, 0.0]","[-6.15681, -0.12378, 2.17702]",closed,pkg_002
168.35,1786779488.836,sample,"[1.12689, -1.47103, 2.03713, -2.21214, 4.68155, 0.0]","[-6.15934, -0.12911, 2.19565]",closed,pkg_002
168.45,1786779488.9365,sample,"[1.1269, -1.50027, 2.03717, -2.21214, 4.68155, 0.0]","[-6.16222, -0.13516, 2.21501]",closed,pkg_002
168.55,1786779489.0385,sample,"[1.1269, -1.52999, 2.0372, -2.21215, 4.68154, 0.0]","[-6.16539, -0.14182, 2.23449]",closed,pkg_002
168.65,1786779489.1438,sample,"[1.1269, -1.55989, 2.03721, -2.21215, 4.68154, 0.0]","[-6.16883, -0.14904, 2.25386]",closed,pkg_002
168.75,1786779489.2477,sample,"[1.1269, -1.58985, 2.03722, -2.21215, 4.68153, 0.0]","[-6.17252, -0.1568, 2.27303]",closed,pkg_002
168.85,1786779489.3553,sample,"[1.12691, -1.61984, 2.03722, -2.21215, 4.68153, 0.0]","[-6.17645, -0.16508, 2.29195]",closed,pkg_002
168.95,1786779489.4598,sample,"[1.12691, -1.64983, 2.03722, -2.21215, 4.68153, 0.0]","[-6.18063, -0.17387, 2.3106]",closed,pkg_002
169.05,1786779489.5622,sample,"[1.12691, -1.67983, 2.03723, -2.21215, 4.68152, 0.0]","[-6.18506, -0.18316, 2.32894]",closed,pkg_002
169.15,1786779489.6655,sample,"[1.12692, -1.70983, 2.03723, -2.21216, 4.68152, 0.0]","[-6.18971, -0.19294, 2.34698]",closed,pkg_002
169.25,1786779489.774,sample,"[1.12692, -1.73983, 2.03723, -2.21216, 4.68151, 0.0]","[-6.19459, -0.20321, 2.36467]",closed,pkg_002
169.35,1786779489.8784,sample,"[1.12692, -1.76983, 2.03723, -2.21215, 4.68151, 0.0]","[-6.1997, -0.21396, 2.38202]",closed,pkg_002
169.45,1786779489.9869,sample,"[1.12693, -1.79983, 2.03723, -2.21215, 4.6815, 0.0]","[-6.20504, -0.22517, 2.39901]",closed,pkg_002
169.55,1786779490.0925,sample,"[1.12693, -1.82983, 2.03723, -2.21215, 4.68149, 0.0]","[-6.21059, -0.23683, 2.41561]",closed,pkg_002
169.65,1786779490.1955,sample,"[1.12693, -1.85984, 2.03723, -2.21215, 4.68149, 0.0]","[-6.21634, -0.24894, 2.43182]",closed,pkg_002
169.75,1786779490.3005,sample,"[1.12694, -1.88984, 2.03723, -2.21215, 4.68148, 0.0]","[-6.22231, -0.26148, 2.44762]",closed,pkg_002
169.85,1786779490.4061,sample,"[1.12695, -1.91984, 2.03723, -2.21215, 4.68148, 0.0]","[-6.22848, -0.27445, 2.463]",closed,pkg_002
169.95,1786779490.5094,sample,"[1.12695, -1.94984, 2.03723, -2.21215, 4.68147, 0.0]","[-6.23484, -0.28782, 2.47794]",closed,pkg_002
170.05,1786779490.6186,sample,"[1.12697, -1.97908, 2.03723, -2.21215, 4.68147, 0.0]","[-6.24123, -0.30124, 2.49207]",closed,pkg_002
170.15,1786779490.7131,sample,"[1.13954, -1.99385, 2.03722, -2.21215, 4.68147, 0.0]","[-6.25071, -0.3075, 2.49904]",closed,pkg_002
170.25,1786779490.811,sample,"[1.16313, -1.99928, 2.03723, -2.21215, 4.68146, 0.0]","[-6.26346, -0.30908, 2.50157]",closed,pkg_002
170.35,1786779490.9064,sample,"[1.19076, -2.00127, 2.03723, -2.21215, 4.68146, 0.0]","[-6.27743, -0.30924, 2.5025]",closed,pkg_002
170.45,1786779491.0044,sample,"[1.21989, -2.00201, 2.03723, -2.21215, 4.68146, 0.0]","[-6.29187, -0.30915, 2.50284]",closed,pkg_002
170.55,1786779491.0983,sample,"[1.24957, -2.00228, 2.03723, -2.21215, 4.68146, 0.0]","[-6.30648, -0.30926, 2.50296]",closed,pkg_002
170.65,1786779491.205,sample,"[1.27945, -2.00237, 2.03723, -2.21215, 4.68146, 0.0]","[-6.32115, -0.30972, 2.503]",closed,pkg_002
170.75,1786779491.3146,sample,"[1.30941, -2.00244, 2.03723, -2.21215, 4.68146, 0.0]","[-6.33584, -0.31061, 2.50303]",closed,pkg_002
170.85,1786779491.4122,sample,"[1.3394, -2.00244, 2.03723, -2.21215, 4.68146, 0.0]","[-6.3505, -0.3119, 2.50304]",closed,pkg_002
170.95,1786779491.5066,sample,"[1.36939, -2.00244, 2.03723, -2.21215, 4.68146, 0.0]","[-6.36511, -0.31364, 2.50304]",closed,pkg_002
171.05,1786779491.6008,sample,"[1.39939, -2.00244, 2.03723, -2.21215, 4.68146, 0.0]","[-6.37967, -0.31581, 2.50304]",closed,pkg_002
171.15,1786779491.6952,sample,"[1.42939, -2.00244, 2.03723, -2.21214, 4.68146, 0.0]","[-6.39416, -0.31842, 2.50304]",closed,pkg_002
171.25,1786779491.801,sample,"[1.45939, -2.00244, 2.03724, -2.21214, 4.68146, 0.0]","[-6.40856, -0.32146, 2.50303]",closed,pkg_002
171.35,1786779491.896,sample,"[1.4894, -1.99304, 2.03722, -2.21214, 4.68146, 0.0]","[-6.42247, -0.32002, 2.49867]",closed,pkg_002
171.45,1786779491.9834,sample,"[1.51939, -1.97062, 2.0372, -2.21215, 4.68146, 0.0]","[-6.43621, -0.31234, 2.48804]",closed,pkg_002
171.55,1786779492.0893,sample,"[1.54938, -1.9434, 2.0372, -2.21215, 4.68146, 0.0]","[-6.45048, -0.30291, 2.4748]",closed,pkg_002
171.65,1786779492.176,sample,"[1.57938, -1.91443, 2.03719, -2.21215, 4.68146, 0.0]","[-6.46544, -0.29343, 2.46028]",closed,pkg_002
171.75,1786779492.2674,sample,"[1.60938, -1.8848, 2.03719, -2.21215, 4.68147, 0.0]","[-6.48111, -0.28453, 2.44502]",closed,pkg_002
171.85,1786779492.3623,sample,"[1.63936, -1.85908, 2.03721, -2.21215, 4.68147, 0.0]","[-6.49729, -0.27836, 2.43144]",closed,pkg_002
171.95,1786779492.4546,sample,"[1.66936, -1.84855, 2.03722, -2.21215, 4.68147, 0.0]","[-6.51332, -0.27978, 2.42578]",closed,pkg_002
172.05,1786779492.5442,sample,"[1.69936, -1.84468, 2.03723, -2.21215, 4.68147, 0.0]","[-6.52905, -0.28469, 2.42369]",closed,pkg_002
172.15,1786779492.6345,sample,"[1.72936, -1.84325, 2.03723, -2.21215, 4.68147, 0.0]","[-6.5445, -0.29117, 2.42291]",closed,pkg_002
172.25,1786779492.7278,sample,"[1.75936, -1.84273, 2.03723, -2.21215, 4.68147, 0.0]","[-6.5597, -0.2985, 2.42263]",closed,pkg_002
172.35,1786779492.8202,sample,"[1.78936, -1.8551, 2.03724, -2.21215, 4.68147, 0.0]","[-6.57342, -0.31194, 2.42928]",closed,pkg_002
172.45,1786779492.9207,sample,"[1.81936, -1.87861, 2.03724, -2.21215, 4.68147, 0.0]","[-6.58528, -0.33081, 2.44175]",closed,pkg_002
172.55,1786779493.0169,sample,"[1.84937, -1.90623, 2.03724, -2.21215, 4.68147, 0.0]","[-6.59565, -0.35212, 2.45607]",closed,pkg_002
172.65,1786779493.1229,sample,"[1.87937, -1.93535, 2.03723, -2.21215, 4.68147, 0.0]","[-6.60465, -0.37469, 2.47078]",closed,pkg_002
172.75,1786779493.2084,sample,"[1.90938, -1.96503, 2.03723, -2.21215, 4.68147, 0.0]","[-6.61233, -0.39806, 2.48533]",closed,pkg_002
172.85,1786779493.3022,sample,"[1.93938, -1.99492, 2.03723, -2.21215, 4.68147, 0.0]","[-6.61869, -0.42198, 2.49953]",closed,pkg_002
172.95,1786779493.3994,sample,"[1.96938, -2.02488, 2.03723, -2.21215, 4.68147, 0.0]","[-6.62373, -0.44634, 2.5133]",closed,pkg_002
173.05,1786779493.4971,sample,"[1.99939, -2.05486, 2.03723, -2.21214, 4.68147, 0.0]","[-6.62743, -0.47102, 2.5266]",closed,pkg_002
173.15,1786779493.5955,sample,"[2.02939, -2.08486, 2.03723, -2.21214, 4.68147, 0.0]","[-6.62976, -0.49595, 2.53941]",closed,pkg_002
173.25,1786779493.6885,sample,"[2.0594, -2.11486, 2.03723, -2.21214, 4.68146, 0.0]","[-6.63073, -0.52105, 2.55171]",closed,pkg_002
173.35,1786779493.7902,sample,"[2.0894, -2.14487, 2.03723, -2.21214, 4.68146, 0.0]","[-6.63031, -0.54623, 2.5635]",closed,pkg_002
173.45,1786779493.8906,sample,"[2.1194, -2.17487, 2.03723, -2.21214, 4.68146, 0.0]","[-6.6285, -0.57142, 2.57476]",closed,pkg_002
173.55,1786779493.9849,sample,"[2.1494, -2.20488, 2.03723, -2.21214, 4.68146, 0.0]","[-6.62531, -0.59653, 2.58548]",closed,pkg_002
173.65,1786779494.0849,sample,"[2.1794, -2.23488, 2.03723, -2.21214, 4.68145, 0.0]","[-6.62074, -0.62149, 2.59566]",closed,pkg_002
173.75,1786779494.2063,sample,"[2.20864, -2.26489, 2.03723, -2.21214, 4.68145, 0.0]","[-6.61468, -0.64598, 2.60527]",closed,pkg_002
173.85,1786779494.301,sample,"[2.2234, -2.2949, 2.03723, -2.21214, 4.68145, 0.0]","[-6.60538, -0.66573, 2.61433]",closed,pkg_002
173.95,1786779494.4004,sample,"[2.22883, -2.3249, 2.03723, -2.21214, 4.68145, 0.0]","[-6.59433, -0.68263, 2.6228]",closed,pkg_002
174.05,1786779494.5006,sample,"[2.23082, -2.35491, 2.03723, -2.21214, 4.68145, 0.0]","[-6.5826, -0.69862, 2.6307]",closed,pkg_002
174.15,1786779494.6241,sample,"[2.23155, -2.38491, 2.03722, -2.21214, 4.68145, 0.0]","[-6.57057, -0.7144, 2.63801]",closed,pkg_002
174.25,1786779494.737,sample,"[2.23183, -2.41492, 2.03722, -2.21214, 4.68144, 0.0]","[-6.55835, -0.73022, 2.64472]",closed,pkg_002
174.35,1786779494.8379,sample,"[2.2319, -2.44416, 2.03722, -2.21214, 4.68144, 0.0]","[-6.54631, -0.74573, 2.65069]",closed,pkg_002
174.45,1786779494.9288,sample,"[2.24452, -2.45893, 2.0372, -2.21214, 4.68144, 0.0]","[-6.54075, -0.75663, 2.65349]",closed,pkg_002
174.55,1786779495.0168,sample,"[2.26811, -2.46436, 2.03719, -2.21214, 4.68144, 0.0]","[-6.53934, -0.76515, 2.65448]",closed,pkg_002
174.65,1786779495.1077,sample,"[2.29575, -2.46636, 2.03719, -2.21214, 4.68143, 0.0]","[-6.53931, -0.77279, 2.65485]",closed,pkg_002
174.75,1786779495.2021,sample,"[2.32489, -2.4671, 2.03719, -2.21214, 4.68143, 0.0]","[-6.53966, -0.78014, 2.65498]",closed,pkg_002
174.85,1786779495.3103,sample,"[2.35457, -2.46735, 2.03719, -2.21214, 4.68143, 0.0]","[-6.54002, -0.78738, 2.65503]",closed,pkg_002
174.95,1786779495.4121,sample,"[2.38445, -2.46747, 2.03719, -2.21214, 4.68143, 0.0]","[-6.54023, -0.79461, 2.65505]",closed,pkg_002
175.05,1786779495.5105,sample,"[2.41441, -2.46748, 2.03718, -2.21214, 4.68143, 0.0]","[-6.54028, -0.80182, 2.65505]",closed,pkg_002
175.15,1786779495.6235,sample,"[2.44439, -2.46748, 2.03718, -2.21214, 4.68143, 0.0]","[-6.54012, -0.80902, 2.65505]",closed,pkg_002
175.25,1786779495.715,sample,"[2.47438, -2.46748, 2.03718, -2.21214, 4.68143, 0.0]","[-6.53974, -0.81622, 2.65505]",closed,pkg_002
175.35,1786779495.8124,sample,"[2.50439, -2.46748, 2.04376, -2.21214, 4.68144, 0.0]","[-6.5407, -0.82225, 2.65073]",closed,pkg_002
175.45,1786779495.9009,sample,"[2.53439, -2.46748, 2.06481, -2.21214, 4.68144, 0.0]","[-6.54485, -0.82604, 2.63681]",closed,pkg_002
175.55,1786779495.9881,sample,"[2.56439, -2.46748, 2.09152, -2.21214, 4.68145, 0.0]","[-6.54998, -0.82945, 2.61896]",closed,pkg_002
175.65,1786779496.0775,sample,"[2.59439, -2.46748, 2.12032, -2.21214, 4.68145, 0.0]","[-6.55514, -0.83318, 2.59952]",closed,pkg_002
175.75,1786779496.1687,sample,"[2.62439, -2.46747, 2.14574, -2.21215, 4.68145, 0.0]","[-6.55916, -0.8379, 2.58219]",closed,pkg_002
175.85,1786779496.2637,sample,"[2.64183, -2.46747, 2.15616, -2.21214, 4.68145, 0.0]","[-6.56047, -0.84132, 2.57504]",closed,pkg_002
175.95,1786779496.3638,sample,"[2.64824, -2.46748, 2.15999, -2.21214, 4.68145, 0.0]","[-6.56093, -0.8426, 2.57241]",closed,pkg_002
176.05,1786779496.4493,sample,"[2.65061, -2.46748, 2.1614, -2.21214, 4.68145, 0.0]","[-6.56109, -0.84307, 2.57144]",closed,pkg_002
176.15,1786779496.5336,sample,"[2.65148, -2.46747, 2.16193, -2.21214, 4.68145, 0.0]","[-6.56115, -0.84325, 2.57107]",closed,pkg_002
176.25,1786779496.6223,sample,"[2.6518, -2.46747, 2.16212, -2.21214, 4.68145, 0.0]","[-6.56117, -0.84331, 2.57095]",closed,pkg_002
176.35,1786779496.7147,sample,"[2.6519, -2.46747, 2.16217, -2.21214, 4.68145, 0.0]","[-6.56118, -0.84334, 2.57091]",closed,pkg_002
176.45,1786779496.8015,sample,"[2.65196, -2.46747, 2.16218, -2.21214, 4.68145, 0.0]","[-6.56118, -0.84335, 2.5709]",closed,pkg_002
176.55,1786779496.8922,sample,"[2.65201, -2.46748, 2.16219, -2.21214, 4.68145, 0.0]","[-6.56118, -0.84336, 2.57089]",closed,pkg_002
176.65,1786779496.979,sample,"[2.652, -2.46747, 2.1622, -2.21214, 4.68145, 0.0]","[-6.56118, -0.84336, 2.57088]",closed,pkg_002
176.75,1786779497.0659,sample,"[2.65201, -2.46747, 2.16221, -2.21214, 4.68145, 0.0]","[-6.56118, -0.84336, 2.57088]",closed,pkg_002
176.85,1786779497.1522,sample,"[2.652, -2.46747, 2.16222, -2.21214, 4.68145, 0.0]","[-6.56118, -0.84336, 2.57088]",closed,pkg_002
176.95,1786779497.2371,sample,"[2.652, -2.46747, 2.16222, -2.21214, 4.68145, 0.0]","[-6.56118, -0.84336, 2.57088]",closed,pkg_002
177.05,1786779497.3361,sample,"[2.652, -2.46747, 2.16222, -2.21214, 4.68145, 0.0]","[-6.56118, -0.84336, 2.57087]",closed,pkg_002
177.15,1786779497.4267,sample,"[2.652, -2.46747, 2.16222, -2.21214, 4.68145, 0.0]","[-6.56118, -0.84336, 2.57087]",closed,pkg_002
177.25,1786779497.509,sample,"[2.652, -2.46747, 2.16222, -2.21214, 4.68145, 0.0]","[-6.56118, -0.84336, 2.57087]",closed,pkg_002
177.35,1786779497.5994,sample,"[2.652, -2.46747, 2.16222, -2.21214, 4.68145, 0.0]","[-6.56118, -0.84336, 2.57087]",closed,pkg_002
177.45,1786779497.6882,sample,"[2.65201, -2.46748, 2.15283, -2.21214, 4.68144, 0.0]","[-6.5594, -0.84431, 2.57733]",closed,pkg_002
177.55,1786779497.7761,sample,"[2.65201, -2.46749, 2.1304, -2.21214, 4.68144, 0.0]","[-6.55492, -0.8467, 2.59266]",closed,pkg_002
177.65,1786779497.8684,sample,"[2.652, -2.46093, 2.10317, -2.21213, 4.68144, 0.0]","[-6.55274, -0.84785, 2.60982]",closed,pkg_002
177.75,1786779497.9552,sample,"[2.65199, -2.43989, 2.0742, -2.21213, 4.68143, 0.0]","[-6.55823, -0.84493, 2.6251]",closed,pkg_002
177.85,1786779498.0423,sample,"[2.65198, -2.41319, 2.04457, -2.21213, 4.68143, 0.0]","[-6.56703, -0.84023, 2.63941]",closed,pkg_002
177.95,1786779498.1335,sample,"[2.65198, -2.3844, 2.01471, -2.21213, 4.68143, 0.0]","[-6.57731, -0.83476, 2.65311]",closed,pkg_002
178.05,1786779498.223,sample,"[2.65198, -2.35484, 1.98476, -2.21214, 4.68143, 0.0]","[-6.58835, -0.82887, 2.66633]",closed,pkg_002
178.15,1786779498.3089,sample,"[2.65198, -2.325, 1.95477, -2.21214, 4.68143, 0.0]","[-6.5999, -0.82272, 2.67913]",closed,pkg_002
178.25,1786779498.4179,sample,"[2.65856, -2.29505, 1.92478, -2.21214, 4.68143, 0.0]","[-6.61173, -0.8184, 2.69151]",closed,pkg_002
178.35,1786779498.5067,sample,"[2.67961, -2.26506, 1.89478, -2.21214, 4.68143, 0.0]","[-6.62373, -0.81876, 2.70347]",closed,pkg_002
178.45,1786779498.5945,sample,"[2.70632, -2.23507, 1.86478, -2.21214, 4.68143, 0.0]","[-6.63607, -0.82138, 2.71501]",closed,pkg_002
178.55,1786779498.6808,sample,"[2.73511, -2.20506, 1.83478, -2.21214, 4.68143, 0.0]","[-6.64875, -0.82526, 2.72611]",closed,pkg_002
178.65,1786779498.7682,sample,"[2.76467, -2.17506, 1.80478, -2.21214, 4.68143, 0.0]","[-6.66175, -0.83005, 2.73676]",closed,pkg_002
178.75,1786779498.8586,sample,"[2.79451, -2.14505, 1.77478, -2.21214, 4.68143, 0.0]","[-6.67505, -0.83563, 2.74696]",closed,pkg_002
178.85,1786779498.9545,sample,"[2.82445, -2.11505, 1.74477, -2.21214, 4.68142, 0.0]","[-6.68861, -0.84199, 2.7567]",closed,pkg_002
178.95,1786779499.0524,sample,"[2.85443, -2.08504, 1.71477, -2.21214, 4.68143, 0.0]","[-6.70238, -0.84913, 2.76597]",closed,pkg_002
179.05,1786779499.1488,sample,"[2.88442, -2.05503, 1.68477, -2.21214, 4.68143, 0.0]","[-6.71632, -0.85707, 2.77476]",closed,pkg_002
179.15,1786779499.2438,sample,"[2.91442, -2.02502, 1.65477, -2.21214, 4.68143, 0.0]","[-6.73038, -0.86585, 2.78306]",closed,pkg_002
179.25,1786779499.3411,sample,"[2.94442, -1.99503, 1.63416, -2.21214, 4.68143, 0.0]","[-6.74683, -0.87501, 2.78453]",closed,pkg_002
179.35,1786779499.4414,sample,"[2.97442, -1.96502, 1.62658, -2.21214, 4.68144, 0.0]","[-6.76636, -0.88467, 2.77663]",closed,pkg_002
179.45,1786779499.543,sample,"[3.00441, -1.93501, 1.6238, -2.21214, 4.68144, 0.0]","[-6.78659, -0.89544, 2.76481]",closed,pkg_002
179.55,1786779499.6355,sample,"[3.03441, -1.905, 1.62277, -2.21214, 4.68145, 0.0]","[-6.80661, -0.90751, 2.75109]",closed,pkg_002
179.65,1786779499.7299,sample,"[3.0644, -1.87499, 1.6224, -2.21215, 4.68145, 0.0]","[-6.82603, -0.92089, 2.73624]",closed,pkg_002
179.75,1786779499.8254,sample,"[3.0944, -1.84498, 1.62226, -2.21215, 4.68145, 0.0]","[-6.84467, -0.93554, 2.72054]",closed,pkg_002
179.85,1786779499.9223,sample,"[3.12439, -1.81498, 1.62221, -2.21215, 4.68145, 0.0]","[-6.86242, -0.95144, 2.70411]",closed,pkg_002
179.95,1786779500.0182,sample,"[3.15439, -1.78498, 1.6222, -2.21215, 4.68145, 0.0]","[-6.87919, -0.96851, 2.687]",closed,pkg_002
180.05,1786779500.1191,sample,"[3.18438, -1.75497, 1.62219, -2.21215, 4.68145, 0.0]","[-6.89489, -0.98671, 2.66925]",closed,pkg_002
180.15,1786779500.2194,sample,"[3.21438, -1.72497, 1.62219, -2.21215, 4.68145, 0.0]","[-6.90947, -1.00596, 2.65087]",closed,pkg_002
180.25,1786779500.3137,sample,"[3.24438, -1.69497, 1.62219, -2.21215, 4.68145, 0.0]","[-6.92286, -1.02619, 2.63188]",closed,pkg_002
180.35,1786779500.4186,sample,"[3.27437, -1.66497, 1.62219, -2.21215, 4.68145, 0.0]","[-6.93498, -1.04733, 2.6123]",closed,pkg_002
180.45,1786779500.5309,sample,"[3.30023, -1.63572, 1.6222, -2.21215, 4.68146, 0.0]","[-6.94644, -1.06655, 2.59267]",closed,pkg_002
180.55,1786779500.6148,sample,"[3.3108, -1.62096, 1.62221, -2.21214, 4.68146, 0.0]","[-6.95248, -1.07489, 2.58254]",closed,pkg_002
180.65,1786779500.7006,sample,"[3.31469, -1.61553, 1.6222, -2.21214, 4.68147, 0.0]","[-6.95463, -1.078, 2.57879]",closed,pkg_002
180.75,1786779500.7888,sample,"[3.31613, -1.61353, 1.6222, -2.21214, 4.68147, 0.0]","[-6.95541, -1.07915, 2.57741]",closed,pkg_002
180.85,1786779500.8755,sample,"[3.31665, -1.6128, 1.6222, -2.21214, 4.68146, 0.0]","[-6.9557, -1.07956, 2.5769]",closed,pkg_002
180.95,1786779500.9625,sample,"[3.31686, -1.61252, 1.6222, -2.21214, 4.68146, 0.0]","[-6.95581, -1.07973, 2.57672]",closed,pkg_002
181.05,1786779501.0503,sample,"[3.31689, -1.61242, 1.62219, -2.21214, 4.68146, 0.0]","[-6.95586, -1.07976, 2.57665]",closed,pkg_002
181.15,1786779501.1377,sample,"[3.31691, -1.6124, 1.62219, -2.21214, 4.68147, 0.0]","[-6.95587, -1.07978, 2.57663]",closed,pkg_002
181.25,1786779501.2361,sample,"[3.31692, -1.61241, 1.62214, -2.21214, 4.68147, 0.0]","[-6.95586, -1.07978, 2.57667]",open,
181.35,1786779501.3306,sample,"[3.31692, -1.61242, 1.62212, -2.21214, 4.68146, 0.0]","[-6.95585, -1.07978, 2.5767]",open,
181.45,1786779501.4271,sample,"[3.31692, -1.61243, 1.6221, -2.21214, 4.68146, 0.0]","[-6.95585, -1.07978, 2.57672]",open,
181.55,1786779501.5246,sample,"[3.31693, -1.61244, 1.62208, -2.21213, 4.68146, 0.0]","[-6.95584, -1.07978, 2.57674]",open,
181.65,1786779501.6169,sample,"[3.31693, -1.61245, 1.62207, -2.21213, 4.68145, 0.0]","[-6.95584, -1.07978, 2.57676]",open,
181.75,1786779501.7058,sample,"[3.31693, -1.61245, 1.62207, -2.21213, 4.68145, 0.0]","[-6.95583, -1.07978, 2.57676]",open,
181.85,1786779501.7911,sample,"[3.31693, -1.61245, 1.62207, -2.21213, 4.68145, 0.0]","[-6.95583, -1.07978, 2.57676]",open,
181.95,1786779501.8815,sample,"[3.31693, -1.61245, 1.62207, -2.21213, 4.68145, 0.0]","[-6.95583, -1.07978, 2.57676]",open,
182.05,1786779501.9684,sample,"[3.31693, -1.61245, 1.62207, -2.21213, 4.68144, 0.0]","[-6.95583, -1.07978, 2.57676]",open,
182.15,1786779502.0613,sample,"[3.31693, -1.61245, 1.62207, -2.21213, 4.68144, 0.0]","[-6.95583, -1.07978, 2.57676]",open,
182.25,1786779502.1512,sample,"[3.31693, -1.61245, 1.62207, -2.21212, 4.68144, 0.0]","[-6.95583, -1.07978, 2.57676]",open,
182.35,1786779502.2425,sample,"[3.31693, -1.61245, 1.62207, -2.21212, 4.68143, 0.0]","[-6.95583, -1.07978, 2.57676]",open,
182.45,1786779502.3308,sample,"[3.31693, -1.61245, 1.62207, -2.21212, 4.68143, 0.0]","[-6.95583, -1.07978, 2.57676]",open,
182.55,1786779502.4221,sample,"[3.31693, -1.61245, 1.62207, -2.21212, 4.68143, 0.0]","[-6.95583, -1.07978, 2.57676]",open,
182.65,1786779502.5134,sample,"[3.31693, -1.61245, 1.62207, -2.21212, 4.68143, 0.0]","[-6.95583, -1.07978, 2.57676]",open,
182.75,1786779502.611,sample,"[3.31693, -1.61245, 1.62207, -2.21212, 4.68142, 0.0]","[-6.95583, -1.07978, 2.57676]",open,
182.85,1786779502.7074,sample,"[3.31693, -1.61245, 1.62207, -2.21212, 4.68142, 0.0]","[-6.95583, -1.07978, 2.57676]",open,
182.95,1786779502.7948,sample,"[3.31693, -1.61245, 1.62207, -2.21211, 4.68142, 0.0]","[-6.95583, -1.07978, 2.57676]",open,
183.05,1786779502.8954,sample,"[3.31693, -1.61245, 1.62207, -2.21211, 4.68141, 0.0]","[-6.95583, -1.07978, 2.57676]",open,
183.15,1786779502.9959,sample,"[3.31693, -1.61245, 1.62207, -2.21211, 4.68141, 0.0]","[-6.95583, -1.07978, 2.57676]",open,
183.25,1786779503.0978,sample,"[3.31693, -1.61245, 1.62207, -2.21211, 4.68141, 0.0]","[-6.95583, -1.07978, 2.57675]",open,
183.35,1786779503.1977,sample,"[3.31693, -1.61245, 1.62207, -2.21211, 4.68141, 0.0]","[-6.95583, -1.07978, 2.57675]",open,
183.45,1786779503.2905,sample,"[3.31693, -1.61245, 1.62207, -2.21211, 4.6814, 0.0]","[-6.95583, -1.07978, 2.57675]",open,
183.55,1786779503.393,sample,"[3.31693, -1.61245, 1.62207, -2.21211, 4.6814, 0.0]","[-6.95583, -1.07978, 2.57675]",open,
183.65,1786779503.487,sample,"[3.31693, -1.61245, 1.62207, -2.2121, 4.6814, 0.0]","[-6.95583, -1.07978, 2.57675]",open,
183.75,1786779503.577,sample,"[3.31693, -1.61245, 1.62207, -2.2121, 4.6814, 0.0]","[-6.95583, -1.07978, 2.57675]",open,
183.85,1786779503.6981,sample,"[3.31693, -1.61245, 1.62207, -2.2121, 4.6814, 0.0]","[-6.95583, -1.07978, 2.57675]",open,
183.95,1786779503.7976,sample,"[3.31693, -1.61245, 1.62207, -2.2121, 4.6814, 0.0]","[-6.95583, -1.07978, 2.57675]",open,
184.05,1786779503.8946,sample,"[3.31693, -1.61245, 1.62207, -2.2121, 4.6814, 0.0]","[-6.95583, -1.07978, 2.57675]",open,
184.15,1786779503.9875,sample,"[3.31693, -1.61245, 1.62207, -2.2121, 4.6814, 0.0]","[-6.95583, -1.07978, 2.57675]",open,
184.25,1786779504.0789,sample,"[3.31693, -1.61245, 1.62207, -2.2121, 4.6814, 0.0]","[-6.95583, -1.07978, 2.57675]",open,
184.35,1786779504.1682,sample,"[3.31693, -1.61245, 1.62207, -2.21209, 4.6814, 0.0]","[-6.95583, -1.07978, 2.57675]",open,
184.45,1786779504.2567,sample,"[3.31693, -1.61245, 1.62207, -2.21209, 4.6814, 0.0]","[-6.95583, -1.07978, 2.57675]",open,
184.55,1786779504.3456,sample,"[3.31693, -1.61245, 1.62207, -2.21209, 4.6814, 0.0]","[-6.95583, -1.07978, 2.57675]",open,
184.65,1786779504.4365,sample,"[3.31693, -1.61245, 1.62207, -2.21209, 4.6814, 0.0]","[-6.95583, -1.07978, 2.57675]",open,
184.75,1786779504.5345,sample,"[3.31693, -1.61245, 1.62207, -2.21209, 4.6814, 0.0]","[-6.95583, -1.07978, 2.57675]",open,
184.85,1786779504.6344,sample,"[3.31693, -1.61245, 1.62207, -2.21209, 4.6814, 0.0]","[-6.95583, -1.07978, 2.57675]",open,
184.95,1786779504.7502,sample,"[3.31693, -1.61245, 1.62207, -2.21209, 4.6814, 0.0]","[-6.95583, -1.07978, 2.57675]",open,
185.05,1786779504.851,sample,"[3.31693, -1.61245, 1.62207, -2.21209, 4.6814, 0.0]","[-6.95583, -1.07978, 2.57675]",open,
185.15,1786779504.9459,sample,"[3.31693, -1.61245, 1.62207, -2.21209, 4.6814, 0.0]","[-6.95583, -1.07978, 2.57675]",open,
185.25,1786779505.0358,sample,"[3.31693, -1.61245, 1.62207, -2.21209, 4.6814, 0.0]","[-6.95583, -1.07978, 2.57675]",open,
185.35,1786779505.1309,sample,"[3.31693, -1.61245, 1.62207, -2.21209, 4.6814, 0.0]","[-6.95583, -1.07978, 2.57675]",open,
185.45,1786779505.234,sample,"[3.31693, -1.61245, 1.62207, -2.21209, 4.6814, 0.0]","[-6.95583, -1.07978, 2.57675]",open,
185.55,1786779505.3291,sample,"[3.31693, -1.61245, 1.62207, -2.21209, 4.6814, 0.0]","[-6.95583, -1.07978, 2.57675]",open,
185.65,1786779505.4187,sample,"[3.31693, -1.61245, 1.62207, -2.21209, 4.6814, 0.0]","[-6.95583, -1.07978, 2.57675]",open,
185.75,1786779505.5079,sample,"[3.31693, -1.61245, 1.62207, -2.21209, 4.6814, 0.0]","[-6.95583, -1.07978, 2.57675]",open,
185.85,1786779505.5989,sample,"[3.31693, -1.61245, 1.62207, -2.21209, 4.6814, 0.0]","[-6.95583, -1.07978, 2.57675]",open,
185.95,1786779505.6979,sample,"[3.31693, -1.61245, 1.62207, -2.21209, 4.6814, 0.0]","[-6.95583, -1.07978, 2.57675]",open,
186.05,1786779505.8105,sample,"[3.31693, -1.61245, 1.62207, -2.21209, 4.6814, 0.0]","[-6.95583, -1.07978, 2.57675]",open,
186.15,1786779505.9034,sample,"[3.31693, -1.61245, 1.62207, -2.21209, 4.6814, 0.0]","[-6.95583, -1.07978, 2.57675]",open,
186.25,1786779505.9984,sample,"[3.31693, -1.61245, 1.62207, -2.21209, 4.6814, 0.0]","[-6.95583, -1.07978, 2.57675]",open,
186.35,1786779506.1023,sample,"[3.31693, -1.61245, 1.62207, -2.21209, 4.6814, 0.0]","[-6.95583, -1.07978, 2.57675]",open,
186.45,1786779506.2061,sample,"[3.31693, -1.61245, 1.62207, -2.21209, 4.6814, 0.0]","[-6.95583, -1.07978, 2.57675]",open,
186.55,1786779506.3064,sample,"[3.31693, -1.61245, 1.62207, -2.21209, 4.6814, 0.0]","[-6.95583, -1.07978, 2.57675]",open,
186.65,1786779506.4033,sample,"[3.31693, -1.61245, 1.62207, -2.21209, 4.6814, 0.0]","[-6.95583, -1.07978, 2.57675]",open,
186.75,1786779506.5087,sample,"[3.31693, -1.61245, 1.62207, -2.21209, 4.6814, 0.0]","[-6.95583, -1.07978, 2.57675]",open,
186.85,1786779506.6175,sample,"[3.31693, -1.61245, 1.62207, -2.21209, 4.6814, 0.0]","[-6.95583, -1.07978, 2.57675]",open,
186.95,1786779506.7138,sample,"[3.31693, -1.61245, 1.62207, -2.21209, 4.6814, 0.0]","[-6.95583, -1.07978, 2.57675]",open,
187.05,1786779506.8093,sample,"[3.31693, -1.61245, 1.62207, -2.21209, 4.6814, 0.0]","[-6.95583, -1.07978, 2.57675]",open,
187.15,1786779506.9072,sample,"[3.31693, -1.61245, 1.62207, -2.21209, 4.6814, 0.0]","[-6.95583, -1.07978, 2.57675]",open,
187.25,1786779507.0221,sample,"[3.31693, -1.61245, 1.62207, -2.21209, 4.6814, 0.0]","[-6.95583, -1.07978, 2.57675]",open,
187.35,1786779507.1236,sample,"[3.31693, -1.61245, 1.62207, -2.21209, 4.6814, 0.0]","[-6.95583, -1.07978, 2.57675]",open,
187.45,1786779507.2265,sample,"[3.31693, -1.61245, 1.62207, -2.21209, 4.6814, 0.0]","[-6.95583, -1.07978, 2.57675]",open,
187.55,1786779507.3244,sample,"[3.31693, -1.61245, 1.62207, -2.21209, 4.6814, 0.0]","[-6.95583, -1.07978, 2.57675]",open,
187.65,1786779507.4313,sample,"[3.31693, -1.61245, 1.62207, -2.21209, 4.6814, 0.0]","[-6.95583, -1.07978, 2.57675]",open,
187.75,1786779507.5411,sample,"[3.31693, -1.61245, 1.62207, -2.21209, 4.6814, 0.0]","[-6.95583, -1.07978, 2.57675]",open,
187.85,1786779507.649,sample,"[3.31693, -1.61245, 1.62207, -2.21209, 4.6814, 0.0]","[-6.95583, -1.07978, 2.57675]",open,
187.95,1786779507.7539,sample,"[3.31693, -1.61245, 1.62207, -2.21209, 4.6814, 0.0]","[-6.95583, -1.07978, 2.57675]",open,
188.05,1786779507.8537,sample,"[3.31693, -1.61245, 1.62207, -2.21209, 4.6814, 0.0]","[-6.95583, -1.07978, 2.57675]",open,
188.15,1786779507.9555,sample,"[3.31693, -1.61245, 1.62207, -2.21209, 4.6814, 0.0]","[-6.95583, -1.07978, 2.57675]",open,
188.25,1786779508.0597,sample,"[3.31693, -1.61245, 1.62207, -2.21209, 4.6814, 0.0]","[-6.95583, -1.07978, 2.57675]",open,
188.35,1786779508.1681,sample,"[3.31693, -1.61245, 1.62207, -2.21209, 4.6814, 0.0]","[-6.95583, -1.07978, 2.57675]",open,
188.45,1786779508.2742,sample,"[3.31693, -1.61245, 1.62207, -2.21209, 4.6814, 0.0]","[-6.95583, -1.07978, 2.57675]",open,
188.55,1786779508.3777,sample,"[3.31693, -1.61245, 1.62207, -2.21209, 4.6814, 0.0]","[-6.95583, -1.07978, 2.57675]",open,
188.65,1786779508.477,sample,"[3.31693, -1.61245, 1.62207, -2.21209, 4.6814, 0.0]","[-6.95583, -1.07978, 2.57675]",open,
188.75,1786779508.5709,sample,"[3.31693, -1.61245, 1.62207, -2.21209, 4.6814, 0.0]","[-6.95583, -1.07978, 2.57675]",open,
188.85,1786779508.6762,sample,"[3.31693, -1.61245, 1.62207, -2.21209, 4.6814, 0.0]","[-6.95583, -1.07978, 2.57675]",open,
188.95,1786779508.7795,sample,"[3.31693, -1.61245, 1.62207, -2.21209, 4.6814, 0.0]","[-6.95583, -1.07978, 2.57675]",open,
189.05,1786779508.8809,sample,"[3.31693, -1.61245, 1.62207, -2.21209, 4.6814, 0.0]","[-6.95583, -1.07978, 2.57675]",open,
189.15,1786779508.9782,sample,"[3.31693, -1.61245, 1.62207, -2.21209, 4.6814, 0.0]","[-6.95583, -1.07978, 2.57675]",open,
189.25,1786779509.077,sample,"[3.31693, -1.61245, 1.62207, -2.21209, 4.6814, 0.0]","[-6.95583, -1.07978, 2.57675]",open,
189.35,1786779509.1794,sample,"[3.31693, -1.61245, 1.62207, -2.21209, 4.6814, 0.0]","[-6.95583, -1.07978, 2.57675]",open,
189.45,1786779509.2881,sample,"[3.31693, -1.61245, 1.62207, -2.21209, 4.6814, 0.0]","[-6.95583, -1.07978, 2.57675]",open,
189.55,1786779509.391,sample,"[3.31693, -1.61245, 1.62207, -2.21209, 4.6814, 0.0]","[-6.95583, -1.07978, 2.57675]",open,
189.65,1786779509.4929,sample,"[3.31693, -1.61245, 1.62207, -2.21209, 4.6814, 0.0]","[-6.95583, -1.07978, 2.57675]",open,
189.75,1786779509.5969,sample,"[3.31693, -1.61245, 1.62207, -2.21209, 4.6814, 0.0]","[-6.95583, -1.07978, 2.57675]",open,
189.85,1786779509.7091,sample,"[3.31693, -1.61245, 1.62207, -2.21209, 4.6814, 0.0]","[-6.95583, -1.07978, 2.57675]",open,
189.95,1786779509.8105,sample,"[3.31693, -1.61245, 1.62207, -2.21209, 4.6814, 0.0]","[-6.95583, -1.07978, 2.57675]",open,
190.05,1786779509.9089,sample,"[3.31693, -1.61245, 1.62207, -2.21209, 4.6814, 0.0]","[-6.95583, -1.07978, 2.57675]",open,
190.15,1786779510.0193,sample,"[3.31693, -1.61245, 1.62207, -2.21209, 4.6814, 0.0]","[-6.95583, -1.07978, 2.57675]",open,
190.25,1786779510.121,sample,"[3.31693, -1.61245, 1.62207, -2.21209, 4.6814, 0.0]","[-6.95583, -1.07978, 2.57675]",open,
190.35,1786779510.22,sample,"[3.31693, -1.61245, 1.62207, -2.21209, 4.6814, 0.0]","[-6.95583, -1.07978, 2.57675]",open,
190.45,1786779510.3234,sample,"[3.31693, -1.61245, 1.62207, -2.21209, 4.6814, 0.0]","[-6.95583, -1.07978, 2.57675]",open,
190.55,1786779510.4287,sample,"[3.31693, -1.61245, 1.62207, -2.21209, 4.6814, 0.0]","[-6.95583, -1.07978, 2.57675]",open,
190.65,1786779510.5331,sample,"[3.31693, -1.61245, 1.62207, -2.21209, 4.6814, 0.0]","[-6.95583, -1.07978, 2.57675]",open,
190.75,1786779510.6365,sample,"[3.31693, -1.61245, 1.62207, -2.21209, 4.6814, 0.0]","[-6.95583, -1.07978, 2.57675]",open,
190.85,1786779510.7369,sample,"[3.31693, -1.61245, 1.62207, -2.21209, 4.6814, 0.0]","[-6.95583, -1.07978, 2.57675]",open,
190.95,1786779510.8331,sample,"[3.31693, -1.61245, 1.62207, -2.21209, 4.6814, 0.0]","[-6.95583, -1.07978, 2.57675]",open,
191.05,1786779510.9425,sample,"[3.31693, -1.61245, 1.62207, -2.21209, 4.6814, 0.0]","[-6.95583, -1.07978, 2.57675]",open,
191.15,1786779511.0538,sample,"[3.31693, -1.61245, 1.62207, -2.21209, 4.6814, 0.0]","[-6.95583, -1.07978, 2.57675]",open,
191.25,1786779511.1563,sample,"[3.31693, -1.61245, 1.62207, -2.21209, 4.6814, 0.0]","[-6.95583, -1.07978, 2.57675]",open,
191.35,1786779511.2536,sample,"[3.31693, -1.61245, 1.62207, -2.21209, 4.6814, 0.0]","[-6.95583, -1.07978, 2.57675]",open,
191.45,1786779511.351,sample,"[3.31693, -1.61245, 1.62207, -2.21209, 4.6814, 0.0]","[-6.95583, -1.07978, 2.57675]",open,
191.55,1786779511.4504,sample,"[3.31693, -1.61245, 1.62207, -2.21209, 4.6814, 0.0]","[-6.95583, -1.07978, 2.57675]",open,
191.65,1786779511.5511,sample,"[3.31693, -1.61245, 1.62207, -2.21209, 4.6814, 0.0]","[-6.95583, -1.07978, 2.57675]",open,
191.75,1786779511.6615,sample,"[3.31693, -1.61245, 1.62207, -2.21209, 4.6814, 0.0]","[-6.95583, -1.07978, 2.57675]",open,
191.85,1786779511.7699,sample,"[3.31693, -1.61245, 1.62207, -2.21209, 4.6814, 0.0]","[-6.95583, -1.07978, 2.57675]",open,
191.95,1786779511.8781,sample,"[3.31693, -1.61245, 1.62207, -2.21209, 4.6814, 0.0]","[-6.95583, -1.07978, 2.57675]",open,
192.05,1786779511.9825,sample,"[3.31693, -1.61245, 1.62207, -2.21209, 4.6814, 0.0]","[-6.95583, -1.07978, 2.57675]",open,
192.15,1786779512.0894,sample,"[3.31693, -1.61245, 1.62207, -2.21209, 4.6814, 0.0]","[-6.95583, -1.07978, 2.57675]",open,
192.25,1786779512.2009,sample,"[3.31693, -1.61245, 1.62207, -2.21209, 4.6814, 0.0]","[-6.95583, -1.07978, 2.57675]",open,
192.35,1786779512.3074,sample,"[3.31693, -1.61245, 1.62207, -2.21209, 4.6814, 0.0]","[-6.95583, -1.07978, 2.57675]",open,
192.45,1786779512.4074,sample,"[3.31693, -1.61245, 1.62207, -2.21209, 4.6814, 0.0]","[-6.95583, -1.07978, 2.57675]",open,
192.55,1786779512.5089,sample,"[3.31693, -1.61245, 1.62207, -2.21209, 4.6814, 0.0]","[-6.95583, -1.07978, 2.57675]",open,
192.65,1786779512.6213,sample,"[3.31693, -1.61245, 1.62207, -2.21209, 4.6814, 0.0]","[-6.95583, -1.07978, 2.57675]",open,
192.75,1786779512.7286,sample,"[3.31693, -1.61245, 1.62207, -2.21209, 4.6814, 0.0]","[-6.95583, -1.07978, 2.57675]",open,
192.85,1786779512.826,sample,"[3.31693, -1.61245, 1.62207, -2.21209, 4.6814, 0.0]","[-6.95583, -1.07978, 2.57675]",open,
192.95,1786779512.9264,sample,"[3.31693, -1.61245, 1.62207, -2.21209, 4.6814, 0.0]","[-6.95583, -1.07978, 2.57675]",open,
193.05,1786779513.0321,sample,"[3.31693, -1.61245, 1.62207, -2.21209, 4.6814, 0.0]","[-6.95583, -1.07978, 2.57675]",open,
193.15,1786779513.1344,sample,"[3.31693, -1.61245, 1.62207, -2.21209, 4.6814, 0.0]","[-6.95583, -1.07978, 2.57675]",open,
193.25,1786779513.2362,sample,"[3.31693, -1.61245, 1.62207, -2.21209, 4.6814, 0.0]","[-6.95583, -1.07978, 2.57675]",open,
193.35,1786779513.3461,sample,"[3.31693, -1.61245, 1.62207, -2.21209, 4.6814, 0.0]","[-6.95583, -1.07978, 2.57675]",open,
193.45,1786779513.4584,sample,"[3.31693, -1.61245, 1.62207, -2.21209, 4.6814, 0.0]","[-6.95583, -1.07978, 2.57675]",open,
193.55,1786779513.5684,sample,"[3.31693, -1.61245, 1.62207, -2.21209, 4.6814, 0.0]","[-6.95583, -1.07978, 2.57675]",open,
193.65,1786779513.6813,sample,"[3.31693, -1.61245, 1.62207, -2.21209, 4.6814, 0.0]","[-6.95583, -1.07978, 2.57675]",open,
193.75,1786779513.7946,sample,"[3.31693, -1.61245, 1.62207, -2.21209, 4.6814, 0.0]","[-6.95583, -1.07978, 2.57675]",open,
193.85,1786779513.901,sample,"[3.31693, -1.61245, 1.62207, -2.21209, 4.6814, 0.0]","[-6.95583, -1.07978, 2.57675]",open,
193.95,1786779514.0179,sample,"[3.31693, -1.61245, 1.62207, -2.21209, 4.6814, 0.0]","[-6.95583, -1.07978, 2.57675]",open,
194.05,1786779514.1303,sample,"[3.31693, -1.61245, 1.62207, -2.21209, 4.6814, 0.0]","[-6.95583, -1.07978, 2.57675]",open,
194.15,1786779514.2421,sample,"[3.31693, -1.61245, 1.62207, -2.21209, 4.6814, 0.0]","[-6.95583, -1.07978, 2.57675]",open,
194.25,1786779514.3438,sample,"[3.31693, -1.61245, 1.62207, -2.21209, 4.6814, 0.0]","[-6.95583, -1.07978, 2.57675]",open,
194.35,1786779514.4406,sample,"[3.31693, -1.61245, 1.62207, -2.21209, 4.6814, 0.0]","[-6.95583, -1.07978, 2.57675]",open,
194.45,1786779514.5375,sample,"[3.31693, -1.61245, 1.62207, -2.21209, 4.6814, 0.0]","[-6.95583, -1.07978, 2.57675]",open,
194.55,1786779514.6361,sample,"[3.31693, -1.61245, 1.62207, -2.21209, 4.6814, 0.0]","[-6.95583, -1.07978, 2.57675]",open,
194.65,1786779514.7311,sample,"[3.31693, -1.61245, 1.62207, -2.21209, 4.6814, 0.0]","[-6.95583, -1.07978, 2.57675]",open,
194.75,1786779514.8292,sample,"[3.31693, -1.61245, 1.62207, -2.21209, 4.6814, 0.0]","[-6.95583, -1.07978, 2.57675]",open,
194.85,1786779514.9258,sample,"[3.31693, -1.61245, 1.62207, -2.21209, 4.6814, 0.0]","[-6.95583, -1.07978, 2.57675]",open,
194.95,1786779515.0264,sample,"[3.31693, -1.61245, 1.62207, -2.21209, 4.6814, 0.0]","[-6.95583, -1.07978, 2.57675]",open,
195.05,1786779515.1244,sample,"[3.31693, -1.61245, 1.62207, -2.21209, 4.6814, 0.0]","[-6.95583, -1.07978, 2.57675]",open,
195.15,1786779515.2262,sample,"[3.31693, -1.61245, 1.62207, -2.21209, 4.6814, 0.0]","[-6.95583, -1.07978, 2.57675]",open,
195.25,1786779515.3266,sample,"[3.31693, -1.61245, 1.62207, -2.21209, 4.6814, 0.0]","[-6.95583, -1.07978, 2.57675]",open,
195.35,1786779515.4285,sample,"[3.31693, -1.61245, 1.62207, -2.21209, 4.6814, 0.0]","[-6.95583, -1.07978, 2.57675]",open,
195.45,1786779515.5409,sample,"[3.31693, -1.61245, 1.62207, -2.21209, 4.6814, 0.0]","[-6.95583, -1.07978, 2.57675]",open,
195.55,1786779515.6579,sample,"[3.31693, -1.61245, 1.62207, -2.21209, 4.6814, 0.0]","[-6.95583, -1.07978, 2.57675]",open,
195.65,1786779515.7612,sample,"[3.31693, -1.61245, 1.62207, -2.21209, 4.6814, 0.0]","[-6.95583, -1.07978, 2.57675]",open,
195.75,1786779515.8595,sample,"[3.31693, -1.61245, 1.62207, -2.21209, 4.6814, 0.0]","[-6.95583, -1.07978, 2.57675]",open,
195.85,1786779515.973,sample,"[3.31693, -1.61245, 1.62207, -2.21209, 4.6814, 0.0]","[-6.95583, -1.07978, 2.57675]",open,
195.95,1786779516.0736,sample,"[3.31693, -1.61245, 1.62207, -2.21209, 4.6814, 0.0]","[-6.95583, -1.07978, 2.57675]",open,
196.05,1786779516.1732,sample,"[3.31693, -1.61245, 1.62207, -2.21209, 4.6814, 0.0]","[-6.95583, -1.07978, 2.57675]",open,
196.15,1786779516.282,sample,"[3.31693, -1.61245, 1.62207, -2.21209, 4.6814, 0.0]","[-6.95583, -1.07978, 2.57675]",open,
196.25,1786779516.3964,sample,"[3.31693, -1.61245, 1.62207, -2.21209, 4.6814, 0.0]","[-6.95583, -1.07978, 2.57675]",open,
196.35,1786779516.5022,sample,"[3.31693, -1.61245, 1.62207, -2.21209, 4.6814, 0.0]","[-6.95583, -1.07978, 2.57675]",open,
196.45,1786779516.6039,sample,"[3.31693, -1.61245, 1.62207, -2.21209, 4.6814, 0.0]","[-6.95583, -1.07978, 2.57675]",open,
196.55,1786779516.7015,sample,"[3.31693, -1.61245, 1.62207, -2.21209, 4.6814, 0.0]","[-6.95583, -1.07978, 2.57675]",open,
196.65,1786779516.8005,sample,"[3.31693, -1.61245, 1.62207, -2.21209, 4.6814, 0.0]","[-6.95583, -1.07978, 2.57675]",open,
196.75,1786779516.8979,sample,"[3.31693, -1.61245, 1.62207, -2.21209, 4.6814, 0.0]","[-6.95583, -1.07978, 2.57675]",open,
196.85,1786779517.0,sample,"[3.31693, -1.61245, 1.62207, -2.21209, 4.6814, 0.0]","[-6.95583, -1.07978, 2.57675]",open,
196.95,1786779517.1031,sample,"[3.31693, -1.61245, 1.62207, -2.21209, 4.6814, 0.0]","[-6.95583, -1.07978, 2.57675]",open,
197.05,1786779517.2023,sample,"[3.31693, -1.61245, 1.62207, -2.21209, 4.6814, 0.0]","[-6.95583, -1.07978, 2.57675]",open,
197.15,1786779517.3023,sample,"[3.31693, -1.61245, 1.62207, -2.21209, 4.6814, 0.0]","[-6.95583, -1.07978, 2.57675]",open,
197.25,1786779517.4101,sample,"[3.31693, -1.61245, 1.62207, -2.21209, 4.6814, 0.0]","[-6.95583, -1.07978, 2.57675]",open,
197.35,1786779517.5179,sample,"[3.31693, -1.61245, 1.62207, -2.21209, 4.6814, 0.0]","[-6.95583, -1.07978, 2.57675]",open,
197.45,1786779517.6284,sample,"[3.31693, -1.61245, 1.62207, -2.21209, 4.6814, 0.0]","[-6.95583, -1.07978, 2.57675]",open,
197.55,1786779517.7411,sample,"[3.31693, -1.61245, 1.62207, -2.21209, 4.6814, 0.0]","[-6.95583, -1.07978, 2.57675]",open,
197.65,1786779517.8457,sample,"[3.31693, -1.61245, 1.62207, -2.21209, 4.6814, 0.0]","[-6.95583, -1.07978, 2.57675]",open,
197.75,1786779517.9505,sample,"[3.31693, -1.61245, 1.62207, -2.21209, 4.6814, 0.0]","[-6.95583, -1.07978, 2.57675]",open,
197.85,1786779518.0483,sample,"[3.31693, -1.61245, 1.62207, -2.21209, 4.6814, 0.0]","[-6.95583, -1.07978, 2.57675]",open,
197.95,1786779518.1473,sample,"[3.31693, -1.61245, 1.62207, -2.21209, 4.6814, 0.0]","[-6.95583, -1.07978, 2.57675]",open,
198.05,1786779518.2484,sample,"[3.31693, -1.61245, 1.62207, -2.21209, 4.6814, 0.0]","[-6.95583, -1.07978, 2.57675]",open,
198.15,1786779518.3508,sample,"[3.31693, -1.61245, 1.62207, -2.21209, 4.6814, 0.0]","[-6.95583, -1.07978, 2.57675]",open,
198.25,1786779518.4549,sample,"[3.31693, -1.61245, 1.62207, -2.21209, 4.6814, 0.0]","[-6.95583, -1.07978, 2.57675]",open,
198.35,1786779518.5548,sample,"[3.31693, -1.61245, 1.62207, -2.21209, 4.6814, 0.0]","[-6.95583, -1.07978, 2.57675]",open,
198.45,1786779518.6567,sample,"[3.31693, -1.61245, 1.62207, -2.21209, 4.6814, 0.0]","[-6.95583, -1.07978, 2.57675]",open,
198.55,1786779518.7559,sample,"[3.31693, -1.61245, 1.62207, -2.21209, 4.6814, 0.0]","[-6.95583, -1.07978, 2.57675]",open,
198.65,1786779518.8555,sample,"[3.31693, -1.61245, 1.62207, -2.21209, 4.6814, 0.0]","[-6.95583, -1.07978, 2.57675]",open,
198.75,1786779518.9514,sample,"[3.31693, -1.61245, 1.62207, -2.21209, 4.6814, 0.0]","[-6.95583, -1.07978, 2.57675]",open,
198.85,1786779519.0466,sample,"[3.31693, -1.61245, 1.62207, -2.21209, 4.6814, 0.0]","[-6.95583, -1.07978, 2.57675]",open,
198.95,1786779519.1485,sample,"[3.31693, -1.61245, 1.62207, -2.21209, 4.6814, 0.0]","[-6.95583, -1.07978, 2.57675]",open,
199.05,1786779519.2464,sample,"[3.31693, -1.61245, 1.62207, -2.21209, 4.6814, 0.0]","[-6.95583, -1.07978, 2.57675]",open,
199.15,1786779519.3476,sample,"[3.31693, -1.61245, 1.62207, -2.21209, 4.6814, 0.0]","[-6.95583, -1.07978, 2.57675]",open,
199.25,1786779519.4425,sample,"[3.31693, -1.61245, 1.62207, -2.21209, 4.6814, 0.0]","[-6.95583, -1.07978, 2.57675]",open,
199.35,1786779519.5422,sample,"[3.31693, -1.61245, 1.62207, -2.21209, 4.6814, 0.0]","[-6.95583, -1.07978, 2.57675]",open,
199.45,1786779519.6436,sample,"[3.31693, -1.61245, 1.62207, -2.21209, 4.6814, 0.0]","[-6.95583, -1.07978, 2.57675]",open,
199.55,1786779519.7458,sample,"[3.31693, -1.61245, 1.62207, -2.21209, 4.6814, 0.0]","[-6.95583, -1.07978, 2.57675]",open,
199.65,1786779519.8434,sample,"[3.31693, -1.61245, 1.62207, -2.21209, 4.6814, 0.0]","[-6.95583, -1.07978, 2.57675]",open,
199.75,1786779519.942,sample,"[3.31693, -1.61245, 1.62207, -2.21209, 4.6814, 0.0]","[-6.95583, -1.07978, 2.57675]",open,
199.85,1786779520.0415,sample,"[3.31693, -1.61245, 1.62207, -2.21209, 4.6814, 0.0]","[-6.95583, -1.07978, 2.57675]",open,
199.95,1786779520.1424,sample,"[3.31693, -1.61245, 1.62207, -2.21209, 4.6814, 0.0]","[-6.95583, -1.07978, 2.57675]",open,
200.05,1786779520.2395,sample,"[3.31693, -1.61245, 1.62207, -2.21209, 4.6814, 0.0]","[-6.95583, -1.07978, 2.57675]",open,
200.15,1786779520.3379,sample,"[3.31693, -1.61245, 1.62207, -2.21209, 4.6814, 0.0]","[-6.95583, -1.07978, 2.57675]",open,
200.25,1786779520.4388,sample,"[3.31693, -1.61245, 1.62207, -2.21209, 4.6814, 0.0]","[-6.95583, -1.07978, 2.57675]",open,
200.35,1786779520.5448,sample,"[3.31693, -1.61245, 1.62207, -2.21209, 4.6814, 0.0]","[-6.95583, -1.07978, 2.57675]",open,
200.45,1786779520.6478,sample,"[3.31693, -1.61245, 1.62207, -2.21209, 4.6814, 0.0]","[-6.95583, -1.07978, 2.57675]",open,
200.55,1786779520.747,sample,"[3.31693, -1.61245, 1.62207, -2.21209, 4.6814, 0.0]","[-6.95583, -1.07978, 2.57675]",open,
200.65,1786779520.845,sample,"[3.31693, -1.61245, 1.62207, -2.21209, 4.6814, 0.0]","[-6.95583, -1.07978, 2.57675]",open,
200.75,1786779520.943,sample,"[3.31693, -1.61245, 1.62207, -2.21209, 4.6814, 0.0]","[-6.95583, -1.07978, 2.57675]",open,
200.85,1786779521.0406,sample,"[3.31693, -1.61245, 1.62207, -2.21209, 4.6814, 0.0]","[-6.95583, -1.07978, 2.57675]",open,
200.95,1786779521.1396,sample,"[3.31693, -1.61245, 1.62207, -2.21209, 4.6814, 0.0]","[-6.95583, -1.07978, 2.57675]",open,
201.05,1786779521.239,sample,"[3.31693, -1.61245, 1.62207, -2.21209, 4.6814, 0.0]","[-6.95583, -1.07978, 2.57675]",open,
201.15,1786779521.3388,sample,"[3.31693, -1.61245, 1.62207, -2.21209, 4.6814, 0.0]","[-6.95583, -1.07978, 2.57675]",open,
201.25,1786779521.4352,sample,"[3.31693, -1.61245, 1.62207, -2.21209, 4.6814, 0.0]","[-6.95583, -1.07978, 2.57675]",open,
201.35,1786779521.5386,sample,"[3.31693, -1.61245, 1.62207, -2.21209, 4.6814, 0.0]","[-6.95583, -1.07978, 2.57675]",open,
201.45,1786779521.6369,sample,"[3.31693, -1.61245, 1.62207, -2.21209, 4.6814, 0.0]","[-6.95583, -1.07978, 2.57675]",open,
201.55,1786779521.7411,sample,"[3.31693, -1.61245, 1.62207, -2.21209, 4.6814, 0.0]","[-6.95583, -1.07978, 2.57675]",open,
201.65,1786779521.8485,sample,"[3.31693, -1.61245, 1.62207, -2.21209, 4.6814, 0.0]","[-6.95583, -1.07978, 2.57675]",open,
201.75,1786779521.9572,sample,"[3.31693, -1.61245, 1.62207, -2.21209, 4.6814, 0.0]","[-6.95583, -1.07978, 2.57675]",open,
201.85,1786779522.0558,sample,"[3.31693, -1.61245, 1.62207, -2.21209, 4.6814, 0.0]","[-6.95583, -1.07978, 2.57675]",open,
201.95,1786779522.1495,sample,"[3.31693, -1.61245, 1.62207, -2.21209, 4.6814, 0.0]","[-6.95583, -1.07978, 2.57675]",open,
202.05,1786779522.2441,sample,"[3.31693, -1.61245, 1.62207, -2.21209, 4.6814, 0.0]","[-6.95583, -1.07978, 2.57675]",open,
202.15,1786779522.3436,sample,"[3.31693, -1.61245, 1.62207, -2.21209, 4.6814, 0.0]","[-6.95583, -1.07978, 2.57675]",open,
202.25,1786779522.441,sample,"[3.31693, -1.61245, 1.62207, -2.21209, 4.6814, 0.0]","[-6.95583, -1.07978, 2.57675]",open,
202.35,1786779522.5359,sample,"[3.31693, -1.61245, 1.62207, -2.21209, 4.6814, 0.0]","[-6.95583, -1.07978, 2.57675]",open,
202.45,1786779522.6343,sample,"[3.31693, -1.61245, 1.62207, -2.21209, 4.6814, 0.0]","[-6.95583, -1.07978, 2.57675]",open,
202.55,1786779522.7345,sample,"[3.31693, -1.61245, 1.62207, -2.21209, 4.6814, 0.0]","[-6.95583, -1.07978, 2.57675]",open,
202.65,1786779522.8334,sample,"[3.31693, -1.61245, 1.62207, -2.21209, 4.6814, 0.0]","[-6.95583, -1.07978, 2.57675]",open,
202.75,1786779522.9297,sample,"[3.31693, -1.61245, 1.62207, -2.21209, 4.6814, 0.0]","[-6.95583, -1.07978, 2.57675]",open,
202.85,1786779523.0311,sample,"[3.31693, -1.61245, 1.62207, -2.21209, 4.6814, 0.0]","[-6.95583, -1.07978, 2.57675]",open,
202.95,1786779523.1369,sample,"[3.31693, -1.61245, 1.62207, -2.21209, 4.6814, 0.0]","[-6.95583, -1.07978, 2.57675]",open,
203.05,1786779523.2348,sample,"[3.31693, -1.61245, 1.62207, -2.21209, 4.6814, 0.0]","[-6.95583, -1.07978, 2.57675]",open,
203.15,1786779523.3345,sample,"[3.31693, -1.61245, 1.62207, -2.21209, 4.6814, 0.0]","[-6.95583, -1.07978, 2.57675]",open,
203.25,1786779523.4423,sample,"[3.31693, -1.61245, 1.62207, -2.21209, 4.6814, 0.0]","[-6.95583, -1.07978, 2.57675]",open,
203.35,1786779523.5491,sample,"[3.31693, -1.61245, 1.62207, -2.21209, 4.6814, 0.0]","[-6.95583, -1.07978, 2.57675]",open,
203.45,1786779523.6511,sample,"[3.31693, -1.61245, 1.62207, -2.21209, 4.6814, 0.0]","[-6.95583, -1.07978, 2.57675]",open,
203.55,1786779523.7539,sample,"[3.31693, -1.61245, 1.62207, -2.21209, 4.6814, 0.0]","[-6.95583, -1.07978, 2.57675]",open,
203.65,1786779523.8573,sample,"[3.31693, -1.61245, 1.62207, -2.21209, 4.6814, 0.0]","[-6.95583, -1.07978, 2.57675]",open,
203.75,1786779523.958,sample,"[3.31693, -1.61245, 1.62207, -2.21209, 4.6814, 0.0]","[-6.95583, -1.07978, 2.57675]",open,
203.85,1786779524.059,sample,"[3.31693, -1.61245, 1.62207, -2.21209, 4.6814, 0.0]","[-6.95583, -1.07978, 2.57675]",open,
203.95,1786779524.1553,sample,"[3.31693, -1.61245, 1.62207, -2.21209, 4.6814, 0.0]","[-6.95583, -1.07978, 2.57675]",open,
204.05,1786779524.2531,sample,"[3.31693, -1.61245, 1.62207, -2.21209, 4.6814, 0.0]","[-6.95583, -1.07978, 2.57675]",open,
204.15,1786779524.3484,sample,"[3.31693, -1.61245, 1.62207, -2.21209, 4.6814, 0.0]","[-6.95583, -1.07978, 2.57675]",open,
204.25,1786779524.4433,sample,"[3.31693, -1.61245, 1.62207, -2.21209, 4.6814, 0.0]","[-6.95583, -1.07978, 2.57675]",open,
204.35,1786779524.5436,sample,"[3.31693, -1.61245, 1.62207, -2.21209, 4.6814, 0.0]","[-6.95583, -1.07978, 2.57675]",open,
204.45,1786779524.6409,sample,"[3.31693, -1.61245, 1.62207, -2.21209, 4.6814, 0.0]","[-6.95583, -1.07978, 2.57675]",open,
204.55,1786779524.7423,sample,"[3.31693, -1.61245, 1.62207, -2.21209, 4.6814, 0.0]","[-6.95583, -1.07978, 2.57675]",open,
204.65,1786779524.8435,sample,"[3.31693, -1.61245, 1.62207, -2.21209, 4.6814, 0.0]","[-6.95583, -1.07978, 2.57675]",open,
204.75,1786779524.9374,sample,"[3.31693, -1.61245, 1.62207, -2.21209, 4.6814, 0.0]","[-6.95583, -1.07978, 2.57675]",open,
204.85,1786779525.0342,sample,"[3.31693, -1.61245, 1.62207, -2.21209, 4.6814, 0.0]","[-6.95583, -1.07978, 2.57675]",open,
204.95,1786779525.1312,sample,"[3.31693, -1.61245, 1.62207, -2.21209, 4.6814, 0.0]","[-6.95583, -1.07978, 2.57675]",open,
205.05,1786779525.226,sample,"[3.31693, -1.61245, 1.62207, -2.21209, 4.6814, 0.0]","[-6.95583, -1.07978, 2.57675]",open,
205.15,1786779525.3225,sample,"[3.31693, -1.61245, 1.62207, -2.21209, 4.6814, 0.0]","[-6.95583, -1.07978, 2.57675]",open,
205.25,1786779525.421,sample,"[3.31693, -1.61245, 1.62207, -2.21209, 4.6814, 0.0]","[-6.95583, -1.07978, 2.57675]",open,
205.35,1786779525.5159,sample,"[3.31693, -1.61245, 1.62207, -2.21209, 4.6814, 0.0]","[-6.95583, -1.07978, 2.57675]",open,
205.45,1786779525.6122,sample,"[3.31693, -1.61245, 1.62207, -2.21209, 4.6814, 0.0]","[-6.95583, -1.07978, 2.57675]",open,
205.55,1786779525.709,sample,"[3.31693, -1.61245, 1.62207, -2.21209, 4.6814, 0.0]","[-6.95583, -1.07978, 2.57675]",open,
205.65,1786779525.8043,sample,"[3.31693, -1.61245, 1.62207, -2.21209, 4.6814, 0.0]","[-6.95583, -1.07978, 2.57675]",open,
205.75,1786779525.901,sample,"[3.31693, -1.61245, 1.62207, -2.21209, 4.6814, 0.0]","[-6.95583, -1.07978, 2.57675]",open,
205.85,1786779525.997,sample,"[3.31693, -1.61245, 1.62207, -2.21209, 4.6814, 0.0]","[-6.95583, -1.07978, 2.57675]",open,
205.95,1786779526.0933,sample,"[3.31693, -1.61245, 1.62207, -2.21209, 4.6814, 0.0]","[-6.95583, -1.07978, 2.57675]",open,
206.05,1786779526.1915,sample,"[3.31693, -1.61245, 1.62207, -2.21209, 4.6814, 0.0]","[-6.95583, -1.07978, 2.57675]",open,
206.15,1786779526.2874,sample,"[3.31693, -1.61245, 1.62207, -2.21209, 4.6814, 0.0]","[-6.95583, -1.07978, 2.57675]",open,
206.25,1786779526.3863,sample,"[3.31693, -1.61245, 1.62207, -2.21209, 4.6814, 0.0]","[-6.95583, -1.07978, 2.57675]",open,
206.35,1786779526.4795,sample,"[3.31693, -1.61245, 1.62207, -2.21209, 4.6814, 0.0]","[-6.95583, -1.07978, 2.57675]",open,
206.45,1786779526.5731,sample,"[3.31693, -1.61245, 1.62207, -2.21209, 4.6814, 0.0]","[-6.95583, -1.07978, 2.57675]",open,
206.55,1786779526.6713,sample,"[3.31693, -1.61245, 1.62207, -2.21209, 4.6814, 0.0]","[-6.95583, -1.07978, 2.57675]",open,
206.65,1786779526.7748,sample,"[3.31693, -1.61245, 1.62207, -2.21209, 4.6814, 0.0]","[-6.95583, -1.07978, 2.57675]",open,
206.75,1786779526.8749,sample,"[3.31693, -1.61245, 1.62207, -2.21209, 4.6814, 0.0]","[-6.95583, -1.07978, 2.57675]",open,
206.85,1786779526.9744,sample,"[3.31693, -1.61245, 1.62207, -2.21209, 4.6814, 0.0]","[-6.95583, -1.07978, 2.57675]",open,
206.95,1786779527.0722,sample,"[3.31693, -1.61245, 1.62207, -2.21209, 4.6814, 0.0]","[-6.95583, -1.07978, 2.57675]",open,
207.05,1786779527.167,sample,"[3.31693, -1.61245, 1.62207, -2.21209, 4.6814, 0.0]","[-6.95583, -1.07978, 2.57675]",open,
207.15,1786779527.2634,sample,"[3.31693, -1.61245, 1.62207, -2.21209, 4.6814, 0.0]","[-6.95583, -1.07978, 2.57675]",open,
207.25,1786779527.3607,sample,"[3.31693, -1.61245, 1.62207, -2.21209, 4.6814, 0.0]","[-6.95583, -1.07978, 2.57675]",open,
207.35,1786779527.4575,sample,"[3.31693, -1.61245, 1.62207, -2.21209, 4.6814, 0.0]","[-6.95583, -1.07978, 2.57675]",open,
207.45,1786779527.5556,sample,"[3.31693, -1.61245, 1.62207, -2.21209, 4.6814, 0.0]","[-6.95583, -1.07978, 2.57675]",open,
207.55,1786779527.657,sample,"[3.31693, -1.61245, 1.62207, -2.21209, 4.6814, 0.0]","[-6.95583, -1.07978, 2.57675]",open,
207.65,1786779527.7575,sample,"[3.31693, -1.61245, 1.62207, -2.21209, 4.6814, 0.0]","[-6.95583, -1.07978, 2.57675]",open,
207.75,1786779527.8644,sample,"[3.31693, -1.61245, 1.62207, -2.21209, 4.6814, 0.0]","[-6.95583, -1.07978, 2.57675]",open,
207.85,1786779527.9611,sample,"[3.31693, -1.61245, 1.62207, -2.21209, 4.6814, 0.0]","[-6.95583, -1.07978, 2.57675]",open,
207.95,1786779528.0574,sample,"[3.31693, -1.61245, 1.62207, -2.21209, 4.6814, 0.0]","[-6.95583, -1.07978, 2.57675]",open,
208.05,1786779528.1523,sample,"[3.31693, -1.61245, 1.62207, -2.21209, 4.6814, 0.0]","[-6.95583, -1.07978, 2.57675]",open,
208.15,1786779528.2562,sample,"[3.31693, -1.61245, 1.62207, -2.21209, 4.6814, 0.0]","[-6.95583, -1.07978, 2.57675]",open,
208.25,1786779528.356,sample,"[3.31693, -1.61245, 1.62207, -2.21209, 4.6814, 0.0]","[-6.95583, -1.07978, 2.57675]",open,
208.35,1786779528.4515,sample,"[3.31693, -1.61245, 1.62207, -2.21209, 4.6814, 0.0]","[-6.95583, -1.07978, 2.57675]",open,
208.45,1786779528.5531,sample,"[3.31693, -1.61245, 1.62207, -2.21209, 4.6814, 0.0]","[-6.95583, -1.07978, 2.57675]",open,
208.55,1786779528.652,sample,"[3.31693, -1.61245, 1.62207, -2.21209, 4.6814, 0.0]","[-6.95583, -1.07978, 2.57675]",open,
208.65,1786779528.7501,sample,"[3.31693, -1.61245, 1.62207, -2.21209, 4.6814, 0.0]","[-6.95583, -1.07978, 2.57675]",open,
208.75,1786779528.8514,sample,"[3.31693, -1.61245, 1.62207, -2.21209, 4.6814, 0.0]","[-6.95583, -1.07978, 2.57675]",open,
208.85,1786779528.9567,sample,"[3.31693, -1.61245, 1.62207, -2.21209, 4.6814, 0.0]","[-6.95583, -1.07978, 2.57675]",open,
208.95,1786779529.0533,sample,"[3.31693, -1.61245, 1.62207, -2.21209, 4.6814, 0.0]","[-6.95583, -1.07978, 2.57675]",open,
209.05,1786779529.1512,sample,"[3.31693, -1.61245, 1.62207, -2.21209, 4.6814, 0.0]","[-6.95583, -1.07978, 2.57675]",open,
209.15,1786779529.2492,sample,"[3.31693, -1.61245, 1.62207, -2.21209, 4.6814, 0.0]","[-6.95583, -1.07978, 2.57675]",open,
209.25,1786779529.3474,sample,"[3.31693, -1.61245, 1.62207, -2.21209, 4.6814, 0.0]","[-6.95583, -1.07978, 2.57675]",open,
209.35,1786779529.4469,sample,"[3.31693, -1.61245, 1.62207, -2.21209, 4.6814, 0.0]","[-6.95583, -1.07978, 2.57675]",open,
209.45,1786779529.547,sample,"[3.31693, -1.61245, 1.62207, -2.21209, 4.6814, 0.0]","[-6.95583, -1.07978, 2.57675]",open,
209.55,1786779529.645,sample,"[3.31693, -1.61245, 1.62207, -2.21209, 4.6814, 0.0]","[-6.95583, -1.07978, 2.57675]",open,
209.65,1786779529.7421,sample,"[3.31693, -1.61245, 1.62207, -2.21209, 4.6814, 0.0]","[-6.95583, -1.07978, 2.57675]",open,
209.75,1786779529.8421,sample,"[3.31693, -1.61245, 1.62207, -2.21209, 4.6814, 0.0]","[-6.95583, -1.07978, 2.57675]",open,
209.85,1786779529.9495,sample,"[3.31693, -1.61245, 1.62207, -2.21209, 4.6814, 0.0]","[-6.95583, -1.07978, 2.57675]",open,
209.95,1786779530.0493,sample,"[3.31693, -1.61245, 1.62207, -2.21209, 4.6814, 0.0]","[-6.95583, -1.07978, 2.57675]",open,
210.05,1786779530.1456,sample,"[3.31693, -1.61245, 1.62207, -2.21209, 4.6814, 0.0]","[-6.95583, -1.07978, 2.57675]",open,
210.15,1786779530.2457,sample,"[3.31693, -1.61245, 1.62207, -2.21209, 4.6814, 0.0]","[-6.95583, -1.07978, 2.57675]",open,
210.25,1786779530.344,sample,"[3.31693, -1.61245, 1.62207, -2.21209, 4.6814, 0.0]","[-6.95583, -1.07978, 2.57675]",open,
210.35,1786779530.4448,sample,"[3.31693, -1.61245, 1.62207, -2.21209, 4.6814, 0.0]","[-6.95583, -1.07978, 2.57675]",open,
210.45,1786779530.541,sample,"[3.31693, -1.61245, 1.62207, -2.21209, 4.6814, 0.0]","[-6.95583, -1.07978, 2.57675]",open,
210.55,1786779530.642,sample,"[3.31693, -1.61245, 1.62207, -2.21209, 4.6814, 0.0]","[-6.95583, -1.07978, 2.57675]",open,
210.65,1786779530.748,sample,"[3.31693, -1.61245, 1.62207, -2.21209, 4.6814, 0.0]","[-6.95583, -1.07978, 2.57675]",open,
210.75,1786779530.851,sample,"[3.31693, -1.61245, 1.62207, -2.21209, 4.6814, 0.0]","[-6.95583, -1.07978, 2.57675]",open,
210.85,1786779530.9514,sample,"[3.31693, -1.61245, 1.62207, -2.21209, 4.6814, 0.0]","[-6.95583, -1.07978, 2.57675]",open,
210.95,1786779531.0558,sample,"[3.31693, -1.61245, 1.62207, -2.21209, 4.6814, 0.0]","[-6.95583, -1.07978, 2.57675]",open,
211.05,1786779531.1576,sample,"[3.31693, -1.61245, 1.62207, -2.21209, 4.6814, 0.0]","[-6.95583, -1.07978, 2.57675]",open,
211.15,1786779531.2539,sample,"[3.31693, -1.61245, 1.62207, -2.21209, 4.6814, 0.0]","[-6.95583, -1.07978, 2.57675]",open,
211.25,1786779531.3509,sample,"[3.31693, -1.61245, 1.62207, -2.21209, 4.6814, 0.0]","[-6.95583, -1.07978, 2.57675]",open,
211.35,1786779531.4472,sample,"[3.31693, -1.61245, 1.62207, -2.21209, 4.6814, 0.0]","[-6.95583, -1.07978, 2.57675]",open,
211.45,1786779531.547,sample,"[3.31693, -1.61245, 1.62207, -2.21209, 4.6814, 0.0]","[-6.95583, -1.07978, 2.57675]",open,
211.55,1786779531.6474,sample,"[3.31693, -1.61245, 1.62207, -2.21209, 4.6814, 0.0]","[-6.95583, -1.07978, 2.57675]",open,
211.65,1786779531.749,sample,"[3.31693, -1.61245, 1.62207, -2.21209, 4.6814, 0.0]","[-6.95583, -1.07978, 2.57675]",open,
211.75,1786779531.8489,sample,"[3.31693, -1.61245, 1.62207, -2.21209, 4.6814, 0.0]","[-6.95583, -1.07978, 2.57675]",open,
211.85,1786779531.9446,sample,"[3.31693, -1.61245, 1.62207, -2.21209, 4.6814, 0.0]","[-6.95583, -1.07978, 2.57675]",open,
211.95,1786779532.0421,sample,"[3.31693, -1.61245, 1.62207, -2.21209, 4.6814, 0.0]","[-6.95583, -1.07978, 2.57675]",open,
212.05,1786779532.1485,sample,"[3.31693, -1.61245, 1.62207, -2.21209, 4.6814, 0.0]","[-6.95583, -1.07978, 2.57675]",open,
212.15,1786779532.2492,sample,"[3.31693, -1.61245, 1.62207, -2.21209, 4.6814, 0.0]","[-6.95583, -1.07978, 2.57675]",open,
212.25,1786779532.3512,sample,"[3.31693, -1.61245, 1.62207, -2.21209, 4.6814, 0.0]","[-6.95583, -1.07978, 2.57675]",open,
212.35,1786779532.4474,sample,"[3.31693, -1.61245, 1.62207, -2.21209, 4.6814, 0.0]","[-6.95583, -1.07978, 2.57675]",open,
212.45,1786779532.5494,sample,"[3.31693, -1.61245, 1.62207, -2.21209, 4.6814, 0.0]","[-6.95583, -1.07978, 2.57675]",open,
212.55,1786779532.6445,sample,"[3.31693, -1.61245, 1.62207, -2.21209, 4.6814, 0.0]","[-6.95583, -1.07978, 2.57675]",open,
212.65,1786779532.7438,sample,"[3.31693, -1.61245, 1.62207, -2.21209, 4.6814, 0.0]","[-6.95583, -1.07978, 2.57675]",open,
212.75,1786779532.8435,sample,"[3.31693, -1.61245, 1.62207, -2.21209, 4.6814, 0.0]","[-6.95583, -1.07978, 2.57675]",open,
212.85,1786779532.9444,sample,"[3.31693, -1.61245, 1.62207, -2.21209, 4.6814, 0.0]","[-6.95583, -1.07978, 2.57675]",open,
212.95,1786779533.0438,sample,"[3.31693, -1.61245, 1.62207, -2.21209, 4.6814, 0.0]","[-6.95583, -1.07978, 2.57675]",open,
213.05,1786779533.1471,sample,"[3.31693, -1.61245, 1.62207, -2.21209, 4.6814, 0.0]","[-6.95583, -1.07978, 2.57675]",open,
213.15,1786779533.2453,sample,"[3.31693, -1.61245, 1.62207, -2.21209, 4.6814, 0.0]","[-6.95583, -1.07978, 2.57675]",open,
213.25,1786779533.3407,sample,"[3.31693, -1.61245, 1.62207, -2.21209, 4.6814, 0.0]","[-6.95583, -1.07978, 2.57675]",open,
213.35,1786779533.4365,sample,"[3.31693, -1.61245, 1.62207, -2.21209, 4.6814, 0.0]","[-6.95583, -1.07978, 2.57675]",open,
213.45,1786779533.5309,sample,"[3.31693, -1.61245, 1.62207, -2.21209, 4.6814, 0.0]","[-6.95583, -1.07978, 2.57675]",open,
213.55,1786779533.6294,sample,"[3.31693, -1.61245, 1.62207, -2.21209, 4.6814, 0.0]","[-6.95583, -1.07978, 2.57675]",open,
213.65,1786779533.7252,sample,"[3.31693, -1.61245, 1.62207, -2.21209, 4.6814, 0.0]","[-6.95583, -1.07978, 2.57675]",open,
213.75,1786779533.824,sample,"[3.31693, -1.61245, 1.62207, -2.21209, 4.6814, 0.0]","[-6.95583, -1.07978, 2.57675]",open,
213.85,1786779533.9211,sample,"[3.31693, -1.61245, 1.62207, -2.21209, 4.6814, 0.0]","[-6.95583, -1.07978, 2.57675]",open,
213.95,1786779534.0225,sample,"[3.31693, -1.61245, 1.62207, -2.21209, 4.6814, 0.0]","[-6.95583, -1.07978, 2.57675]",open,
214.05,1786779534.1179,sample,"[3.31693, -1.61245, 1.62207, -2.21209, 4.6814, 0.0]","[-6.95583, -1.07978, 2.57675]",open,
214.15,1786779534.2133,sample,"[3.31693, -1.61245, 1.62207, -2.21209, 4.6814, 0.0]","[-6.95583, -1.07978, 2.57675]",open,
214.25,1786779534.3106,sample,"[3.31693, -1.61245, 1.62207, -2.21209, 4.6814, 0.0]","[-6.95583, -1.07978, 2.57675]",open,
214.35,1786779534.4065,sample,"[3.31693, -1.61245, 1.62207, -2.21209, 4.6814, 0.0]","[-6.95583, -1.07978, 2.57675]",open,
214.45,1786779534.5044,sample,"[3.31693, -1.61245, 1.62207, -2.21209, 4.6814, 0.0]","[-6.95583, -1.07978, 2.57675]",open,
214.55,1786779534.6033,sample,"[3.31693, -1.61245, 1.62207, -2.21209, 4.6814, 0.0]","[-6.95583, -1.07978, 2.57675]",open,
214.65,1786779534.7061,sample,"[3.31693, -1.61245, 1.62207, -2.21209, 4.6814, 0.0]","[-6.95583, -1.07978, 2.57675]",open,
214.75,1786779534.8082,sample,"[3.31693, -1.61245, 1.62207, -2.21209, 4.6814, 0.0]","[-6.95583, -1.07978, 2.57675]",open,
214.85,1786779534.911,sample,"[3.31693, -1.61245, 1.62207, -2.21209, 4.6814, 0.0]","[-6.95583, -1.07978, 2.57675]",open,
214.95,1786779535.0114,sample,"[3.31693, -1.61245, 1.62207, -2.21209, 4.6814, 0.0]","[-6.95583, -1.07978, 2.57675]",open,
215.05,1786779535.1123,sample,"[3.31693, -1.61245, 1.62207, -2.21209, 4.6814, 0.0]","[-6.95583, -1.07978, 2.57675]",open,
215.15,1786779535.2166,sample,"[3.31693, -1.61245, 1.62207, -2.21209, 4.6814, 0.0]","[-6.95583, -1.07978, 2.57675]",open,
215.25,1786779535.3155,sample,"[3.31693, -1.61245, 1.62207, -2.21209, 4.6814, 0.0]","[-6.95583, -1.07978, 2.57675]",open,
215.35,1786779535.4138,sample,"[3.31693, -1.61245, 1.62207, -2.21209, 4.6814, 0.0]","[-6.95583, -1.07978, 2.57675]",open,
215.45,1786779535.5121,sample,"[3.31693, -1.61245, 1.62207, -2.21209, 4.6814, 0.0]","[-6.95583, -1.07978, 2.57675]",open,
215.55,1786779535.6095,sample,"[3.31693, -1.61245, 1.62207, -2.21209, 4.6814, 0.0]","[-6.95583, -1.07978, 2.57675]",open,
215.65,1786779535.7034,sample,"[3.31693, -1.61245, 1.62207, -2.21209, 4.6814, 0.0]","[-6.95583, -1.07978, 2.57675]",open,
215.75,1786779535.8013,sample,"[3.31693, -1.61245, 1.62207, -2.21209, 4.6814, 0.0]","[-6.95583, -1.07978, 2.57675]",open,
215.85,1786779535.9007,sample,"[3.31693, -1.61245, 1.62207, -2.21209, 4.6814, 0.0]","[-6.95583, -1.07978, 2.57675]",open,
215.95,1786779536.0001,sample,"[3.31693, -1.61245, 1.62207, -2.21209, 4.6814, 0.0]","[-6.95583, -1.07978, 2.57675]",open,
216.05,1786779536.0955,sample,"[3.31693, -1.61245, 1.62207, -2.21209, 4.6814, 0.0]","[-6.95583, -1.07978, 2.57675]",open,
216.15,1786779536.1915,sample,"[3.31693, -1.61245, 1.62207, -2.21209, 4.6814, 0.0]","[-6.95583, -1.07978, 2.57675]",open,
216.25,1786779536.2929,sample,"[3.31693, -1.61245, 1.62207, -2.21209, 4.6814, 0.0]","[-6.95583, -1.07978, 2.57675]",open,
216.35,1786779536.3924,sample,"[3.31693, -1.61245, 1.62207, -2.21209, 4.6814, 0.0]","[-6.95583, -1.07978, 2.57675]",open,
216.45,1786779536.4904,sample,"[3.31693, -1.61245, 1.62207, -2.21209, 4.6814, 0.0]","[-6.95583, -1.07978, 2.57675]",open,
216.55,1786779536.5908,sample,"[3.31693, -1.61245, 1.62207, -2.21209, 4.6814, 0.0]","[-6.95583, -1.07978, 2.57675]",open,
216.65,1786779536.6911,sample,"[3.31693, -1.61245, 1.62207, -2.21209, 4.6814, 0.0]","[-6.95583, -1.07978, 2.57675]",open,
216.75,1786779536.7889,sample,"[3.31693, -1.61245, 1.62207, -2.21209, 4.6814, 0.0]","[-6.95583, -1.07978, 2.57675]",open,
216.85,1786779536.8888,sample,"[3.31693, -1.61245, 1.62207, -2.21209, 4.6814, 0.0]","[-6.95583, -1.07978, 2.57675]",open,
216.95,1786779536.9861,sample,"[3.31693, -1.61245, 1.62207, -2.21209, 4.6814, 0.0]","[-6.95583, -1.07978, 2.57675]",open,
217.05,1786779537.0879,sample,"[3.31693, -1.61245, 1.62207, -2.21209, 4.6814, 0.0]","[-6.95583, -1.07978, 2.57675]",open,
217.15,1786779537.1878,sample,"[3.31693, -1.61245, 1.62207, -2.21209, 4.6814, 0.0]","[-6.95583, -1.07978, 2.57675]",open,
217.25,1786779537.2885,sample,"[3.31693, -1.61245, 1.62207, -2.21209, 4.6814, 0.0]","[-6.95583, -1.07978, 2.57675]",open,
217.35,1786779537.3914,sample,"[3.31693, -1.61245, 1.62207, -2.21209, 4.6814, 0.0]","[-6.95583, -1.07978, 2.57675]",open,
217.45,1786779537.4934,sample,"[3.31693, -1.61245, 1.62207, -2.21209, 4.6814, 0.0]","[-6.95583, -1.07978, 2.57675]",open,
217.55,1786779537.5976,sample,"[3.31693, -1.61245, 1.62207, -2.21209, 4.6814, 0.0]","[-6.95583, -1.07978, 2.57675]",open,
217.65,1786779537.696,sample,"[3.31693, -1.61245, 1.62207, -2.21209, 4.6814, 0.0]","[-6.95583, -1.07978, 2.57675]",open,
217.75,1786779537.7924,sample,"[3.31693, -1.61245, 1.62207, -2.21209, 4.6814, 0.0]","[-6.95583, -1.07978, 2.57675]",open,
217.85,1786779537.8922,sample,"[3.31693, -1.61245, 1.62207, -2.21209, 4.6814, 0.0]","[-6.95583, -1.07978, 2.57675]",open,
217.95,1786779537.9911,sample,"[3.31693, -1.61245, 1.62207, -2.21209, 4.6814, 0.0]","[-6.95583, -1.07978, 2.57675]",open,
218.05,1786779538.0895,sample,"[3.31693, -1.61245, 1.62207, -2.21209, 4.6814, 0.0]","[-6.95583, -1.07978, 2.57675]",open,
218.15,1786779538.1889,sample,"[3.31693, -1.61245, 1.62207, -2.21209, 4.6814, 0.0]","[-6.95583, -1.07978, 2.57675]",open,
218.25,1786779538.2897,sample,"[3.31693, -1.61245, 1.62207, -2.21209, 4.6814, 0.0]","[-6.95583, -1.07978, 2.57675]",open,
218.35,1786779538.3885,sample,"[3.31693, -1.61245, 1.62207, -2.21209, 4.6814, 0.0]","[-6.95583, -1.07978, 2.57675]",open,
218.45,1786779538.4865,sample,"[3.31693, -1.61245, 1.62207, -2.21209, 4.6814, 0.0]","[-6.95583, -1.07978, 2.57675]",open,
218.55,1786779538.5797,sample,"[3.31693, -1.61245, 1.62207, -2.21209, 4.6814, 0.0]","[-6.95583, -1.07978, 2.57675]",open,
218.65,1786779538.672,sample,"[3.31693, -1.61245, 1.62207, -2.21209, 4.6814, 0.0]","[-6.95583, -1.07978, 2.57675]",open,
218.75,1786779538.7715,sample,"[3.31693, -1.61245, 1.62207, -2.21209, 4.6814, 0.0]","[-6.95583, -1.07978, 2.57675]",open,
218.85,1786779538.8741,sample,"[3.31693, -1.61245, 1.62207, -2.21209, 4.6814, 0.0]","[-6.95583, -1.07978, 2.57675]",open,
218.95,1786779538.9703,sample,"[3.31693, -1.61245, 1.62207, -2.21209, 4.6814, 0.0]","[-6.95583, -1.07978, 2.57675]",open,
219.05,1786779539.0671,sample,"[3.31693, -1.61245, 1.62207, -2.21209, 4.6814, 0.0]","[-6.95583, -1.07978, 2.57675]",open,
219.15,1786779539.1654,sample,"[3.31693, -1.61245, 1.62207, -2.21209, 4.6814, 0.0]","[-6.95583, -1.07978, 2.57675]",open,
219.25,1786779539.2621,sample,"[3.31693, -1.61245, 1.62207, -2.21209, 4.6814, 0.0]","[-6.95583, -1.07978, 2.57675]",open,
219.35,1786779539.3635,sample,"[3.31693, -1.61245, 1.62207, -2.21209, 4.6814, 0.0]","[-6.95583, -1.07978, 2.57675]",open,
219.45,1786779539.4703,sample,"[3.31693, -1.61245, 1.62207, -2.21209, 4.6814, 0.0]","[-6.95583, -1.07978, 2.57675]",open,
219.55,1786779539.5762,sample,"[3.31693, -1.61245, 1.62207, -2.21209, 4.6814, 0.0]","[-6.95583, -1.07978, 2.57675]",open,
219.65,1786779539.681,sample,"[3.31693, -1.61245, 1.62207, -2.21209, 4.6814, 0.0]","[-6.95583, -1.07978, 2.57675]",open,
219.75,1786779539.784,sample,"[3.31693, -1.61245, 1.62207, -2.21209, 4.6814, 0.0]","[-6.95583, -1.07978, 2.57675]",open,
219.85,1786779539.8843,sample,"[3.31693, -1.61245, 1.62207, -2.21209, 4.6814, 0.0]","[-6.95583, -1.07978, 2.57675]",open,
219.95,1786779539.9842,sample,"[3.31693, -1.61245, 1.62207, -2.21209, 4.6814, 0.0]","[-6.95583, -1.07978, 2.57675]",open,
220.05,1786779540.086,sample,"[3.31693, -1.61245, 1.62207, -2.21209, 4.6814, 0.0]","[-6.95583, -1.07978, 2.57675]",open,
220.15,1786779540.1874,sample,"[3.31693, -1.61245, 1.62207, -2.21209, 4.6814, 0.0]","[-6.95583, -1.07978, 2.57675]",open,
220.25,1786779540.2908,sample,"[3.31693, -1.61245, 1.62207, -2.21209, 4.6814, 0.0]","[-6.95583, -1.07978, 2.57675]",open,
220.35,1786779540.3887,sample,"[3.31693, -1.61245, 1.62207, -2.21209, 4.6814, 0.0]","[-6.95583, -1.07978, 2.57675]",open,
220.45,1786779540.494,sample,"[3.31693, -1.61245, 1.62207, -2.21209, 4.6814, 0.0]","[-6.95583, -1.07978, 2.57675]",open,
220.55,1786779540.6029,sample,"[3.31693, -1.61245, 1.62207, -2.21209, 4.6814, 0.0]","[-6.95583, -1.07978, 2.57675]",open,
220.65,1786779540.7068,sample,"[3.31693, -1.61245, 1.62207, -2.21209, 4.6814, 0.0]","[-6.95583, -1.07978, 2.57675]",open,
220.75,1786779540.8042,sample,"[3.31693, -1.61245, 1.62207, -2.21209, 4.6814, 0.0]","[-6.95583, -1.07978, 2.57675]",open,
220.85,1786779540.9035,sample,"[3.31693, -1.61245, 1.62207, -2.21209, 4.6814, 0.0]","[-6.95583, -1.07978, 2.57675]",open,
220.95,1786779541.0049,sample,"[3.31693, -1.61245, 1.62207, -2.21209, 4.6814, 0.0]","[-6.95583, -1.07978, 2.57675]",open,
221.05,1786779541.1032,sample,"[3.31693, -1.61245, 1.62207, -2.21209, 4.6814, 0.0]","[-6.95583, -1.07978, 2.57675]",open,
221.15,1786779541.2025,sample,"[3.31693, -1.61245, 1.62207, -2.21209, 4.6814, 0.0]","[-6.95583, -1.07978, 2.57675]",open,
221.25,1786779541.3039,sample,"[3.31693, -1.61245, 1.62207, -2.21209, 4.6814, 0.0]","[-6.95583, -1.07978, 2.57675]",open,
221.35,1786779541.4067,sample,"[3.31693, -1.61245, 1.62207, -2.21209, 4.6814, 0.0]","[-6.95583, -1.07978, 2.57675]",open,
221.45,1786779541.5111,sample,"[3.31693, -1.61245, 1.62207, -2.21209, 4.6814, 0.0]","[-6.95583, -1.07978, 2.57675]",open,
221.55,1786779541.6129,sample,"[3.31693, -1.61245, 1.62207, -2.21209, 4.6814, 0.0]","[-6.95583, -1.07978, 2.57675]",open,
221.65,1786779541.7113,sample,"[3.31693, -1.61245, 1.62207, -2.21209, 4.6814, 0.0]","[-6.95583, -1.07978, 2.57675]",open,
221.75,1786779541.8143,sample,"[3.31693, -1.61245, 1.62207, -2.21209, 4.6814, 0.0]","[-6.95583, -1.07978, 2.57675]",open,
221.85,1786779541.9091,sample,"[3.31693, -1.61245, 1.62207, -2.21209, 4.6814, 0.0]","[-6.95583, -1.07978, 2.57675]",open,
221.95,1786779542.0065,sample,"[3.31693, -1.61245, 1.62207, -2.21209, 4.6814, 0.0]","[-6.95583, -1.07978, 2.57675]",open,
222.05,1786779542.1063,sample,"[3.31693, -1.61245, 1.62207, -2.21209, 4.6814, 0.0]","[-6.95583, -1.07978, 2.57675]",open,
222.15,1786779542.2052,sample,"[3.31693, -1.61245, 1.62207, -2.21209, 4.6814, 0.0]","[-6.95583, -1.07978, 2.57675]",open,
222.25,1786779542.3136,sample,"[3.31693, -1.61245, 1.62207, -2.21209, 4.6814, 0.0]","[-6.95583, -1.07978, 2.57675]",open,
222.35,1786779542.4139,sample,"[3.31693, -1.61245, 1.62207, -2.21209, 4.6814, 0.0]","[-6.95583, -1.07978, 2.57675]",open,
222.45,1786779542.5133,sample,"[3.31693, -1.61245, 1.62207, -2.21209, 4.6814, 0.0]","[-6.95583, -1.07978, 2.57675]",open,
222.55,1786779542.6141,sample,"[3.31693, -1.61245, 1.62207, -2.21209, 4.6814, 0.0]","[-6.95583, -1.07978, 2.57675]",open,
222.65,1786779542.7114,sample,"[3.31693, -1.61245, 1.62207, -2.21209, 4.6814, 0.0]","[-6.95583, -1.07978, 2.57675]",open,
222.75,1786779542.8073,sample,"[3.31693, -1.61245, 1.62207, -2.21209, 4.6814, 0.0]","[-6.95583, -1.07978, 2.57675]",open,
222.85,1786779542.9075,sample,"[3.31693, -1.61245, 1.62207, -2.21209, 4.6814, 0.0]","[-6.95583, -1.07978, 2.57675]",open,
222.95,1786779543.0059,sample,"[3.31693, -1.61245, 1.62207, -2.21209, 4.6814, 0.0]","[-6.95583, -1.07978, 2.57675]",open,
223.05,1786779543.1052,sample,"[3.31693, -1.61245, 1.62207, -2.21209, 4.6814, 0.0]","[-6.95583, -1.07978, 2.57675]",open,
223.15,1786779543.2025,sample,"[3.31693, -1.61245, 1.62207, -2.21209, 4.6814, 0.0]","[-6.95583, -1.07978, 2.57675]",open,
223.25,1786779543.2974,sample,"[3.31693, -1.61245, 1.62207, -2.21209, 4.6814, 0.0]","[-6.95583, -1.07978, 2.57675]",open,
223.35,1786779543.3997,sample,"[3.31693, -1.61245, 1.62207, -2.21209, 4.6814, 0.0]","[-6.95583, -1.07978, 2.57675]",open,
223.45,1786779543.503,sample,"[3.31693, -1.61245, 1.62207, -2.21209, 4.6814, 0.0]","[-6.95583, -1.07978, 2.57675]",open,
223.55,1786779543.6044,sample,"[3.31693, -1.61245, 1.62207, -2.21209, 4.6814, 0.0]","[-6.95583, -1.07978, 2.57675]",open,
223.65,1786779543.7083,sample,"[3.31693, -1.61245, 1.62207, -2.21209, 4.6814, 0.0]","[-6.95583, -1.07978, 2.57675]",open,
223.75,1786779543.8069,sample,"[3.31693, -1.61245, 1.62207, -2.21209, 4.6814, 0.0]","[-6.95583, -1.07978, 2.57675]",open,
223.85,1786779543.9082,sample,"[3.31693, -1.61245, 1.62207, -2.21209, 4.6814, 0.0]","[-6.95583, -1.07978, 2.57675]",open,
223.95,1786779544.014,sample,"[3.31693, -1.61245, 1.62207, -2.21209, 4.6814, 0.0]","[-6.95583, -1.07978, 2.57675]",open,
224.05,1786779544.121,sample,"[3.31693, -1.61245, 1.62207, -2.21209, 4.6814, 0.0]","[-6.95583, -1.07978, 2.57675]",open,
224.15,1786779544.2215,sample,"[3.31693, -1.61245, 1.62207, -2.21209, 4.6814, 0.0]","[-6.95583, -1.07978, 2.57675]",open,
224.25,1786779544.323,sample,"[3.31693, -1.61245, 1.62207, -2.21209, 4.6814, 0.0]","[-6.95583, -1.07978, 2.57675]",open,
224.35,1786779544.427,sample,"[3.31693, -1.61245, 1.62207, -2.21209, 4.6814, 0.0]","[-6.95583, -1.07978, 2.57675]",open,
224.45,1786779544.5279,sample,"[3.31693, -1.61245, 1.62207, -2.21209, 4.6814, 0.0]","[-6.95583, -1.07978, 2.57675]",open,
224.55,1786779544.6321,sample,"[3.31693, -1.61245, 1.62207, -2.21209, 4.6814, 0.0]","[-6.95583, -1.07978, 2.57675]",open,
224.65,1786779544.737,sample,"[3.31693, -1.61245, 1.62207, -2.21209, 4.6814, 0.0]","[-6.95583, -1.07978, 2.57675]",open,
224.75,1786779544.8399,sample,"[3.31693, -1.61245, 1.62207, -2.21209, 4.6814, 0.0]","[-6.95583, -1.07978, 2.57675]",open,
224.85,1786779544.9422,sample,"[3.31693, -1.61245, 1.62207, -2.21209, 4.6814, 0.0]","[-6.95583, -1.07978, 2.57675]",open,
224.95,1786779545.0422,sample,"[3.31693, -1.61245, 1.62207, -2.21209, 4.6814, 0.0]","[-6.95583, -1.07978, 2.57675]",open,
225.05,1786779545.143,sample,"[3.31693, -1.61245, 1.62207, -2.21209, 4.6814, 0.0]","[-6.95583, -1.07978, 2.57675]",open,
225.15,1786779545.2481,sample,"[3.31693, -1.61245, 1.62207, -2.21209, 4.6814, 0.0]","[-6.95583, -1.07978, 2.57675]",open,
225.25,1786779545.3466,sample,"[3.31693, -1.61245, 1.62207, -2.21209, 4.6814, 0.0]","[-6.95583, -1.07978, 2.57675]",open,
225.35,1786779545.4479,sample,"[3.31693, -1.61245, 1.62207, -2.21209, 4.6814, 0.0]","[-6.95583, -1.07978, 2.57675]",open,
225.45,1786779545.5466,sample,"[3.31693, -1.61245, 1.62207, -2.21209, 4.6814, 0.0]","[-6.95583, -1.07978, 2.57675]",open,
225.55,1786779545.651,sample,"[3.31693, -1.61245, 1.62207, -2.21209, 4.6814, 0.0]","[-6.95583, -1.07978, 2.57675]",open,
225.65,1786779545.7554,sample,"[3.31693, -1.61245, 1.62207, -2.21209, 4.6814, 0.0]","[-6.95583, -1.07978, 2.57675]",open,
225.75,1786779545.8534,sample,"[3.31693, -1.61245, 1.62207, -2.21209, 4.6814, 0.0]","[-6.95583, -1.07978, 2.57675]",open,
225.85,1786779545.9522,sample,"[3.31693, -1.61245, 1.62207, -2.21209, 4.6814, 0.0]","[-6.95583, -1.07978, 2.57675]",open,
225.95,1786779546.0486,sample,"[3.31693, -1.61245, 1.62207, -2.21209, 4.6814, 0.0]","[-6.95583, -1.07978, 2.57675]",open,
226.05,1786779546.1545,sample,"[3.31693, -1.61245, 1.62207, -2.21209, 4.6814, 0.0]","[-6.95583, -1.07978, 2.57675]",open,
226.15,1786779546.2574,sample,"[3.31693, -1.61245, 1.62207, -2.21209, 4.6814, 0.0]","[-6.95583, -1.07978, 2.57675]",open,
226.25,1786779546.3598,sample,"[3.31693, -1.61245, 1.62207, -2.21209, 4.6814, 0.0]","[-6.95583, -1.07978, 2.57675]",open,
226.35,1786779546.464,sample,"[3.31693, -1.61245, 1.62207, -2.21209, 4.6814, 0.0]","[-6.95583, -1.07978, 2.57675]",open,
226.45,1786779546.5651,sample,"[3.31693, -1.61245, 1.62207, -2.21209, 4.6814, 0.0]","[-6.95583, -1.07978, 2.57675]",open,
226.55,1786779546.6654,sample,"[3.31693, -1.61245, 1.62207, -2.21209, 4.6814, 0.0]","[-6.95583, -1.07978, 2.57675]",open,
226.65,1786779546.7663,sample,"[3.31693, -1.61245, 1.62207, -2.21209, 4.6814, 0.0]","[-6.95583, -1.07978, 2.57675]",open,
226.75,1786779546.8665,sample,"[3.31693, -1.61245, 1.62207, -2.21209, 4.6814, 0.0]","[-6.95583, -1.07978, 2.57675]",open,
226.85,1786779546.9659,sample,"[3.31693, -1.61245, 1.62207, -2.21209, 4.6814, 0.0]","[-6.95583, -1.07978, 2.57675]",open,
226.95,1786779547.0642,sample,"[3.31693, -1.61245, 1.62207, -2.21209, 4.6814, 0.0]","[-6.95583, -1.07978, 2.57675]",open,
227.05,1786779547.157,sample,"[3.31693, -1.61245, 1.62207, -2.21209, 4.6814, 0.0]","[-6.95583, -1.07978, 2.57675]",open,
227.15,1786779547.2559,sample,"[3.31693, -1.61245, 1.62207, -2.21209, 4.6814, 0.0]","[-6.95583, -1.07978, 2.57675]",open,
227.25,1786779547.3571,sample,"[3.31693, -1.61245, 1.62207, -2.21209, 4.6814, 0.0]","[-6.95583, -1.07978, 2.57675]",open,
227.35,1786779547.4515,sample,"[3.31693, -1.61245, 1.62207, -2.21209, 4.6814, 0.0]","[-6.95583, -1.07978, 2.57675]",open,
227.45,1786779547.5467,sample,"[3.31693, -1.61245, 1.62207, -2.21209, 4.6814, 0.0]","[-6.95583, -1.07978, 2.57675]",open,
227.55,1786779547.6433,sample,"[3.31693, -1.61245, 1.62207, -2.21209, 4.6814, 0.0]","[-6.95583, -1.07978, 2.57675]",open,
227.65,1786779547.743,sample,"[3.31693, -1.61245, 1.62207, -2.21209, 4.6814, 0.0]","[-6.95583, -1.07978, 2.57675]",open,
227.75,1786779547.8474,sample,"[3.31693, -1.61245, 1.62207, -2.21209, 4.6814, 0.0]","[-6.95583, -1.07978, 2.57675]",open,
227.85,1786779547.9467,sample,"[3.31693, -1.61245, 1.62207, -2.21209, 4.6814, 0.0]","[-6.95583, -1.07978, 2.57675]",open,
227.95,1786779548.0411,sample,"[3.31693, -1.61245, 1.62207, -2.21209, 4.6814, 0.0]","[-6.95583, -1.07978, 2.57675]",open,
228.05,1786779548.137,sample,"[3.31693, -1.61245, 1.62207, -2.21209, 4.6814, 0.0]","[-6.95583, -1.07978, 2.57675]",open,
228.15,1786779548.2379,sample,"[3.31693, -1.61245, 1.62207, -2.21209, 4.6814, 0.0]","[-6.95583, -1.07978, 2.57675]",open,
228.25,1786779548.3376,sample,"[3.31693, -1.61245, 1.62207, -2.21209, 4.6814, 0.0]","[-6.95583, -1.07978, 2.57675]",open,
228.35,1786779548.4364,sample,"[3.31693, -1.61245, 1.62207, -2.21209, 4.6814, 0.0]","[-6.95583, -1.07978, 2.57675]",open,
228.45,1786779548.5323,sample,"[3.31693, -1.61245, 1.62207, -2.21209, 4.6814, 0.0]","[-6.95583, -1.07978, 2.57675]",open,
228.55,1786779548.6297,sample,"[3.31693, -1.61245, 1.62207, -2.21209, 4.6814, 0.0]","[-6.95583, -1.07978, 2.57675]",open,
228.65,1786779548.7265,sample,"[3.31693, -1.61245, 1.62207, -2.21209, 4.6814, 0.0]","[-6.95583, -1.07978, 2.57675]",open,
228.75,1786779548.8213,sample,"[3.31693, -1.61245, 1.62207, -2.21209, 4.6814, 0.0]","[-6.95583, -1.07978, 2.57675]",open,
228.85,1786779548.9196,sample,"[3.31693, -1.61245, 1.62207, -2.21209, 4.6814, 0.0]","[-6.95583, -1.07978, 2.57675]",open,
228.95,1786779549.0169,sample,"[3.31693, -1.61245, 1.62207, -2.21209, 4.6814, 0.0]","[-6.95583, -1.07978, 2.57675]",open,
229.05,1786779549.1113,sample,"[3.31693, -1.61245, 1.62207, -2.21209, 4.6814, 0.0]","[-6.95583, -1.07978, 2.57675]",open,
229.15,1786779549.2076,sample,"[3.31693, -1.61245, 1.62207, -2.21209, 4.6814, 0.0]","[-6.95583, -1.07978, 2.57675]",open,
229.25,1786779549.3065,sample,"[3.31693, -1.61245, 1.62207, -2.21209, 4.6814, 0.0]","[-6.95583, -1.07978, 2.57675]",open,
229.35,1786779549.4048,sample,"[3.31693, -1.61245, 1.62207, -2.21209, 4.6814, 0.0]","[-6.95583, -1.07978, 2.57675]",open,
229.45,1786779549.5006,sample,"[3.31693, -1.61245, 1.62207, -2.21209, 4.6814, 0.0]","[-6.95583, -1.07978, 2.57675]",open,
229.55,1786779549.6,sample,"[3.31693, -1.61245, 1.62207, -2.21209, 4.6814, 0.0]","[-6.95583, -1.07978, 2.57675]",open,
229.65,1786779549.699,sample,"[3.31693, -1.61245, 1.62207, -2.21209, 4.6814, 0.0]","[-6.95583, -1.07978, 2.57675]",open,
229.75,1786779549.799,sample,"[3.31693, -1.61245, 1.62207, -2.21209, 4.6814, 0.0]","[-6.95583, -1.07978, 2.57675]",open,
229.85,1786779549.8945,sample,"[3.31693, -1.61245, 1.62207, -2.21209, 4.6814, 0.0]","[-6.95583, -1.07978, 2.57675]",open,
229.95,1786779549.9906,sample,"[3.31693, -1.61245, 1.62207, -2.21209, 4.6814, 0.0]","[-6.95583, -1.07978, 2.57675]",open,
230.05,1786779550.0825,sample,"[3.31693, -1.61245, 1.62207, -2.21209, 4.6814, 0.0]","[-6.95583, -1.07978, 2.57675]",open,
230.15,1786779550.181,sample,"[3.31693, -1.61245, 1.62207, -2.21209, 4.6814, 0.0]","[-6.95583, -1.07978, 2.57675]",open,
230.25,1786779550.276,sample,"[3.31693, -1.61245, 1.62207, -2.21209, 4.6814, 0.0]","[-6.95583, -1.07978, 2.57675]",open,
230.35,1786779550.3714,sample,"[3.31693, -1.61245, 1.62207, -2.21209, 4.6814, 0.0]","[-6.95583, -1.07978, 2.57675]",open,
230.45,1786779550.4667,sample,"[3.31693, -1.61245, 1.62207, -2.21209, 4.6814, 0.0]","[-6.95583, -1.07978, 2.57675]",open,
230.55,1786779550.5622,sample,"[3.31693, -1.61245, 1.62207, -2.21209, 4.6814, 0.0]","[-6.95583, -1.07978, 2.57675]",open,
230.65,1786779550.66,sample,"[3.31693, -1.61245, 1.62207, -2.21209, 4.6814, 0.0]","[-6.95583, -1.07978, 2.57675]",open,
230.75,1786779550.7564,sample,"[3.31693, -1.61245, 1.62207, -2.21209, 4.6814, 0.0]","[-6.95583, -1.07978, 2.57675]",open,
230.85,1786779550.8541,sample,"[3.31693, -1.61245, 1.62207, -2.21209, 4.6814, 0.0]","[-6.95583, -1.07978, 2.57675]",open,
230.95,1786779550.957,sample,"[3.31693, -1.61245, 1.62207, -2.21209, 4.6814, 0.0]","[-6.95583, -1.07978, 2.57675]",open,
231.05,1786779551.055,sample,"[3.31693, -1.61245, 1.62207, -2.21209, 4.6814, 0.0]","[-6.95583, -1.07978, 2.57675]",open,
231.15,1786779551.154,sample,"[3.31693, -1.61245, 1.62207, -2.21209, 4.6814, 0.0]","[-6.95583, -1.07978, 2.57675]",open,
231.25,1786779551.2523,sample,"[3.31693, -1.61245, 1.62207, -2.21209, 4.6814, 0.0]","[-6.95583, -1.07978, 2.57675]",open,
231.35,1786779551.3484,sample,"[3.31693, -1.61245, 1.62207, -2.21209, 4.6814, 0.0]","[-6.95583, -1.07978, 2.57675]",open,
231.45,1786779551.447,sample,"[3.31693, -1.61245, 1.62207, -2.21209, 4.6814, 0.0]","[-6.95583, -1.07978, 2.57675]",open,
231.55,1786779551.5429,sample,"[3.31693, -1.61245, 1.62207, -2.21209, 4.6814, 0.0]","[-6.95583, -1.07978, 2.57675]",open,
231.65,1786779551.6372,sample,"[3.31693, -1.61245, 1.62207, -2.21209, 4.6814, 0.0]","[-6.95583, -1.07978, 2.57675]",open,
231.75,1786779551.7255,sample,"[3.31693, -1.61245, 1.62207, -2.21209, 4.6814, 0.0]","[-6.95583, -1.07978, 2.57675]",open,
231.85,1786779551.811,sample,"[3.31693, -1.61245, 1.62207, -2.21209, 4.6814, 0.0]","[-6.95583, -1.07978, 2.57675]",open,
231.95,1786779551.9034,sample,"[3.31693, -1.61245, 1.62207, -2.21209, 4.6814, 0.0]","[-6.95583, -1.07978, 2.57675]",open,
232.05,1786779552.0107,sample,"[3.31693, -1.61245, 1.62207, -2.21209, 4.6814, 0.0]","[-6.95583, -1.07978, 2.57675]",open,
232.15,1786779552.099,sample,"[3.31693, -1.61245, 1.62207, -2.21209, 4.6814, 0.0]","[-6.95583, -1.07978, 2.57675]",open,
232.25,1786779552.1892,sample,"[3.31693, -1.61245, 1.62207, -2.21209, 4.6814, 0.0]","[-6.95583, -1.07978, 2.57675]",open,
232.35,1786779552.2779,sample,"[3.31693, -1.61245, 1.62207, -2.21209, 4.6814, 0.0]","[-6.95583, -1.07978, 2.57675]",open,
232.45,1786779552.3702,sample,"[3.31693, -1.61245, 1.62207, -2.21209, 4.6814, 0.0]","[-6.95583, -1.07978, 2.57675]",open,
232.55,1786779552.4644,sample,"[3.31693, -1.61245, 1.62207, -2.21209, 4.6814, 0.0]","[-6.95583, -1.07978, 2.57675]",open,
232.65,1786779552.5746,sample,"[3.31693, -1.61245, 1.62207, -2.21209, 4.6814, 0.0]","[-6.95583, -1.07978, 2.57675]",open,
232.75,1786779552.6697,sample,"[3.31693, -1.61245, 1.62207, -2.21209, 4.6814, 0.0]","[-6.95583, -1.07978, 2.57675]",open,
232.85,1786779552.7587,sample,"[3.31693, -1.61245, 1.62207, -2.21209, 4.6814, 0.0]","[-6.95583, -1.07978, 2.57675]",open,
232.95,1786779552.8495,sample,"[3.31693, -1.61245, 1.62207, -2.21209, 4.6814, 0.0]","[-6.95583, -1.07978, 2.57675]",open,
233.05,1786779552.9399,sample,"[3.31693, -1.61245, 1.62207, -2.21209, 4.6814, 0.0]","[-6.95583, -1.07978, 2.57675]",open,
233.15,1786779553.0354,sample,"[3.31693, -1.61245, 1.62207, -2.21209, 4.6814, 0.0]","[-6.95583, -1.07978, 2.57675]",open,
233.25,1786779553.1341,sample,"[3.31693, -1.61245, 1.62207, -2.21209, 4.6814, 0.0]","[-6.95583, -1.07978, 2.57675]",open,
233.35,1786779553.224,sample,"[3.31693, -1.61245, 1.62207, -2.21209, 4.6814, 0.0]","[-6.95583, -1.07978, 2.57675]",open,
233.45,1786779553.3169,sample,"[3.31693, -1.61245, 1.62207, -2.21209, 4.6814, 0.0]","[-6.95583, -1.07978, 2.57675]",open,
233.55,1786779553.4098,sample,"[3.31693, -1.61245, 1.62207, -2.21209, 4.6814, 0.0]","[-6.95583, -1.07978, 2.57675]",open,
233.65,1786779553.499,sample,"[3.31693, -1.61245, 1.62207, -2.21209, 4.6814, 0.0]","[-6.95583, -1.07978, 2.57675]",open,
233.75,1786779553.5895,sample,"[3.31693, -1.61245, 1.62207, -2.21209, 4.6814, 0.0]","[-6.95583, -1.07978, 2.57675]",open,
233.85,1786779553.6859,sample,"[3.31693, -1.61245, 1.62207, -2.21209, 4.6814, 0.0]","[-6.95583, -1.07978, 2.57675]",open,
233.95,1786779553.7823,sample,"[3.31693, -1.61245, 1.62207, -2.21209, 4.6814, 0.0]","[-6.95583, -1.07978, 2.57675]",open,
234.05,1786779553.8732,sample,"[3.31693, -1.61245, 1.62207, -2.21209, 4.6814, 0.0]","[-6.95583, -1.07978, 2.57675]",open,
234.15,1786779553.9621,sample,"[3.31693, -1.61245, 1.62207, -2.21209, 4.6814, 0.0]","[-6.95583, -1.07978, 2.57675]",open,
234.25,1786779554.0495,sample,"[3.31693, -1.61245, 1.62207, -2.21209, 4.6814, 0.0]","[-6.95583, -1.07978, 2.57675]",open,
234.35,1786779554.154,sample,"[3.31693, -1.61245, 1.62207, -2.21209, 4.6814, 0.0]","[-6.95583, -1.07978, 2.57675]",open,
234.45,1786779554.2553,sample,"[3.31693, -1.61245, 1.62207, -2.21209, 4.6814, 0.0]","[-6.95583, -1.07978, 2.57675]",open,
234.55,1786779554.3531,sample,"[3.31693, -1.61245, 1.62207, -2.21209, 4.6814, 0.0]","[-6.95583, -1.07978, 2.57675]",open,
234.65,1786779554.447,sample,"[3.31693, -1.61245, 1.62207, -2.21209, 4.6814, 0.0]","[-6.95583, -1.07978, 2.57675]",open,
234.75,1786779554.5396,sample,"[3.31693, -1.61245, 1.62207, -2.21209, 4.6814, 0.0]","[-6.95583, -1.07978, 2.57675]",open,
234.85,1786779554.6294,sample,"[3.31693, -1.61245, 1.62207, -2.21209, 4.6814, 0.0]","[-6.95583, -1.07978, 2.57675]",open,
234.95,1786779554.7212,sample,"[3.31693, -1.61245, 1.62207, -2.21209, 4.6814, 0.0]","[-6.95583, -1.07978, 2.57675]",open,
235.05,1786779554.816,sample,"[3.31693, -1.61245, 1.62207, -2.21209, 4.6814, 0.0]","[-6.95583, -1.07978, 2.57675]",open,
235.15,1786779554.907,sample,"[3.31693, -1.61245, 1.62207, -2.21209, 4.6814, 0.0]","[-6.95583, -1.07978, 2.57675]",open,
235.25,1786779554.9965,sample,"[3.31693, -1.61245, 1.62207, -2.21209, 4.6814, 0.0]","[-6.95583, -1.07978, 2.57675]",open,
235.35,1786779555.0879,sample,"[3.31693, -1.61245, 1.62207, -2.21209, 4.6814, 0.0]","[-6.95583, -1.07978, 2.57675]",open,
235.45,1786779555.1899,sample,"[3.31693, -1.61245, 1.62207, -2.21209, 4.6814, 0.0]","[-6.95583, -1.07978, 2.57675]",open,
235.55,1786779555.2732,sample,"[3.31693, -1.61245, 1.62207, -2.21209, 4.6814, 0.0]","[-6.95583, -1.07978, 2.57675]",open,
235.65,1786779555.363,sample,"[3.31693, -1.61245, 1.62207, -2.21209, 4.6814, 0.0]","[-6.95583, -1.07978, 2.57675]",open,
235.75,1786779555.4543,sample,"[3.31693, -1.61245, 1.62207, -2.21209, 4.6814, 0.0]","[-6.95583, -1.07978, 2.57675]",open,
235.85,1786779555.5476,sample,"[3.31693, -1.61245, 1.62207, -2.21209, 4.6814, 0.0]","[-6.95583, -1.07978, 2.57675]",open,
235.95,1786779555.639,sample,"[3.31693, -1.61245, 1.62207, -2.21209, 4.6814, 0.0]","[-6.95583, -1.07978, 2.57675]",open,
236.05,1786779555.7254,sample,"[3.31693, -1.61245, 1.62207, -2.21209, 4.6814, 0.0]","[-6.95583, -1.07978, 2.57675]",open,
236.15,1786779555.8209,sample,"[3.31693, -1.61245, 1.62207, -2.21209, 4.6814, 0.0]","[-6.95583, -1.07978, 2.57675]",open,
236.25,1786779555.9121,sample,"[3.31693, -1.61245, 1.62207, -2.21209, 4.6814, 0.0]","[-6.95583, -1.07978, 2.57675]",open,
236.35,1786779556.003,sample,"[3.31693, -1.61245, 1.62207, -2.21209, 4.6814, 0.0]","[-6.95583, -1.07978, 2.57675]",open,
236.45,1786779556.0975,sample,"[3.31693, -1.61245, 1.62207, -2.21209, 4.6814, 0.0]","[-6.95583, -1.07978, 2.57675]",open,
236.55,1786779556.1874,sample,"[3.31693, -1.61245, 1.62207, -2.21209, 4.6814, 0.0]","[-6.95583, -1.07978, 2.57675]",open,
236.65,1786779556.2912,sample,"[3.31693, -1.61245, 1.62207, -2.21209, 4.6814, 0.0]","[-6.95583, -1.07978, 2.57675]",open,
236.75,1786779556.3876,sample,"[3.31693, -1.61245, 1.62207, -2.21209, 4.6814, 0.0]","[-6.95583, -1.07978, 2.57675]",open,
236.85,1786779556.4814,sample,"[3.31693, -1.61245, 1.62207, -2.21209, 4.6814, 0.0]","[-6.95583, -1.07978, 2.57675]",open,
236.95,1786779556.5723,sample,"[3.31693, -1.61245, 1.62207, -2.21209, 4.6814, 0.0]","[-6.95583, -1.07978, 2.57675]",open,
237.05,1786779556.6648,sample,"[3.31693, -1.61245, 1.62207, -2.21209, 4.6814, 0.0]","[-6.95583, -1.07978, 2.57675]",open,
237.15,1786779556.7607,sample,"[3.31693, -1.61245, 1.62207, -2.21209, 4.6814, 0.0]","[-6.95583, -1.07978, 2.57675]",open,
237.25,1786779556.8556,sample,"[3.31693, -1.61245, 1.62207, -2.21209, 4.6814, 0.0]","[-6.95583, -1.07978, 2.57675]",open,
237.35,1786779556.9459,sample,"[3.31693, -1.61245, 1.62207, -2.21209, 4.6814, 0.0]","[-6.95583, -1.07978, 2.57675]",open,
237.45,1786779557.037,sample,"[3.31693, -1.61245, 1.62207, -2.21209, 4.6814, 0.0]","[-6.95583, -1.07978, 2.57675]",open,
237.55,1786779557.1312,sample,"[3.31693, -1.61245, 1.62207, -2.21209, 4.6814, 0.0]","[-6.95583, -1.07978, 2.57675]",open,
237.65,1786779557.223,sample,"[3.31693, -1.61245, 1.62207, -2.21209, 4.6814, 0.0]","[-6.95583, -1.07978, 2.57675]",open,
237.75,1786779557.3241,sample,"[3.31693, -1.61245, 1.62207, -2.21209, 4.6814, 0.0]","[-6.95583, -1.07978, 2.57675]",open,
237.85,1786779557.4135,sample,"[3.31693, -1.61245, 1.62207, -2.21209, 4.6814, 0.0]","[-6.95583, -1.07978, 2.57675]",open,
237.95,1786779557.5014,sample,"[3.31693, -1.61245, 1.62207, -2.21209, 4.6814, 0.0]","[-6.95583, -1.07978, 2.57675]",open,
238.05,1786779557.5925,sample,"[3.31693, -1.61245, 1.62207, -2.21209, 4.6814, 0.0]","[-6.95583, -1.07978, 2.57675]",open,
238.15,1786779557.6822,sample,"[3.31693, -1.61245, 1.62207, -2.21209, 4.6814, 0.0]","[-6.95583, -1.07978, 2.57675]",open,
238.25,1786779557.778,sample,"[3.31693, -1.61245, 1.62207, -2.21209, 4.6814, 0.0]","[-6.95583, -1.07978, 2.57675]",open,
238.35,1786779557.8714,sample,"[3.31693, -1.61245, 1.62207, -2.21209, 4.6814, 0.0]","[-6.95583, -1.07978, 2.57675]",open,
238.45,1786779557.9589,sample,"[3.31693, -1.61245, 1.62207, -2.21209, 4.6814, 0.0]","[-6.95583, -1.07978, 2.57675]",open,
238.55,1786779558.0466,sample,"[3.31693, -1.61245, 1.62207, -2.21209, 4.6814, 0.0]","[-6.95583, -1.07978, 2.57675]",open,
238.65,1786779558.139,sample,"[3.31693, -1.61245, 1.62207, -2.21209, 4.6814, 0.0]","[-6.95583, -1.07978, 2.57675]",open,
238.75,1786779558.2294,sample,"[3.31693, -1.61245, 1.62207, -2.21209, 4.6814, 0.0]","[-6.95583, -1.07978, 2.57675]",open,
238.85,1786779558.3221,sample,"[3.31693, -1.61245, 1.62207, -2.21209, 4.6814, 0.0]","[-6.95583, -1.07978, 2.57675]",open,
238.95,1786779558.4165,sample,"[3.31693, -1.61245, 1.62207, -2.21209, 4.6814, 0.0]","[-6.95583, -1.07978, 2.57675]",open,
239.05,1786779558.5059,sample,"[3.31693, -1.61245, 1.62207, -2.21209, 4.6814, 0.0]","[-6.95583, -1.07978, 2.57675]",open,
239.15,1786779558.5957,sample,"[3.31693, -1.61245, 1.62207, -2.21209, 4.6814, 0.0]","[-6.95583, -1.07978, 2.57675]",open,
239.25,1786779558.685,sample,"[3.31693, -1.61245, 1.62207, -2.21209, 4.6814, 0.0]","[-6.95583, -1.07978, 2.57675]",open,
239.35,1786779558.775,sample,"[3.31693, -1.61245, 1.62207, -2.21209, 4.6814, 0.0]","[-6.95583, -1.07978, 2.57675]",open,
239.45,1786779558.8683,sample,"[3.31693, -1.61245, 1.62207, -2.21209, 4.6814, 0.0]","[-6.95583, -1.07978, 2.57675]",open,
239.55,1786779558.9607,sample,"[3.31693, -1.61245, 1.62207, -2.21209, 4.6814, 0.0]","[-6.95583, -1.07978, 2.57675]",open,
239.65,1786779559.049,sample,"[3.31693, -1.61245, 1.62207, -2.21209, 4.6814, 0.0]","[-6.95583, -1.07978, 2.57675]",open,
239.75,1786779559.136,sample,"[3.31693, -1.61245, 1.62207, -2.21209, 4.6814, 0.0]","[-6.95583, -1.07978, 2.57675]",open,
239.85,1786779559.2213,sample,"[3.31693, -1.61245, 1.62207, -2.21209, 4.6814, 0.0]","[-6.95583, -1.07978, 2.57675]",open,
239.95,1786779559.3063,sample,"[3.31693, -1.61245, 1.62207, -2.21209, 4.6814, 0.0]","[-6.95583, -1.07978, 2.57675]",open,
240.05,1786779559.4092,sample,"[3.31693, -1.61245, 1.62207, -2.21209, 4.6814, 0.0]","[-6.95583, -1.07978, 2.57675]",open,
240.15,1786779559.4931,sample,"[3.31693, -1.61245, 1.62207, -2.21209, 4.6814, 0.0]","[-6.95583, -1.07978, 2.57675]",open,
240.25,1786779559.5794,sample,"[3.31693, -1.61245, 1.62207, -2.21209, 4.6814, 0.0]","[-6.95583, -1.07978, 2.57675]",open,
240.35,1786779559.6677,sample,"[3.31693, -1.61245, 1.62207, -2.21209, 4.6814, 0.0]","[-6.95583, -1.07978, 2.57675]",open,
240.45,1786779559.757,sample,"[3.31693, -1.61245, 1.62207, -2.21209, 4.6814, 0.0]","[-6.95583, -1.07978, 2.57675]",open,
240.55,1786779559.846,sample,"[3.31693, -1.61245, 1.62207, -2.21209, 4.6814, 0.0]","[-6.95583, -1.07978, 2.57675]",open,
240.65,1786779559.9314,sample,"[3.31693, -1.61245, 1.62207, -2.21209, 4.6814, 0.0]","[-6.95583, -1.07978, 2.57675]",open,
240.75,1786779560.0173,sample,"[3.31693, -1.61245, 1.62207, -2.21209, 4.6814, 0.0]","[-6.95583, -1.07978, 2.57675]",open,
240.85,1786779560.1066,sample,"[3.31693, -1.61245, 1.62207, -2.21209, 4.6814, 0.0]","[-6.95583, -1.07978, 2.57675]",open,
240.95,1786779560.1965,sample,"[3.31693, -1.61245, 1.62207, -2.21209, 4.6814, 0.0]","[-6.95583, -1.07978, 2.57675]",open,
241.05,1786779560.2833,sample,"[3.31693, -1.61245, 1.62207, -2.21209, 4.6814, 0.0]","[-6.95583, -1.07978, 2.57675]",open,
241.15,1786779560.3741,sample,"[3.31693, -1.61245, 1.62207, -2.21209, 4.6814, 0.0]","[-6.95583, -1.07978, 2.57675]",open,
241.25,1786779560.481,sample,"[3.31693, -1.61245, 1.62207, -2.21209, 4.6814, 0.0]","[-6.95583, -1.07978, 2.57675]",open,
241.35,1786779560.5633,sample,"[3.31693, -1.61245, 1.62207, -2.21209, 4.6814, 0.0]","[-6.95583, -1.07978, 2.57675]",open,
241.45,1786779560.6505,sample,"[3.31693, -1.61245, 1.62207, -2.21209, 4.6814, 0.0]","[-6.95583, -1.07978, 2.57675]",open,
241.55,1786779560.7374,sample,"[3.31693, -1.61245, 1.62207, -2.21209, 4.6814, 0.0]","[-6.95583, -1.07978, 2.57675]",open,
241.65,1786779560.8312,sample,"[3.31693, -1.61245, 1.62207, -2.21209, 4.6814, 0.0]","[-6.95583, -1.07978, 2.57675]",open,
241.75,1786779560.919,sample,"[3.31693, -1.61245, 1.62207, -2.21209, 4.6814, 0.0]","[-6.95583, -1.07978, 2.57675]",open,
241.85,1786779561.0063,sample,"[3.31693, -1.61245, 1.62207, -2.21209, 4.6814, 0.0]","[-6.95583, -1.07978, 2.57675]",open,
241.95,1786779561.0966,sample,"[3.31693, -1.61245, 1.62207, -2.21209, 4.6814, 0.0]","[-6.95583, -1.07978, 2.57675]",open,
242.05,1786779561.185,sample,"[3.31693, -1.61245, 1.62207, -2.21209, 4.6814, 0.0]","[-6.95583, -1.07978, 2.57675]",open,
242.15,1786779561.2749,sample,"[3.31693, -1.61245, 1.62207, -2.21209, 4.6814, 0.0]","[-6.95583, -1.07978, 2.57675]",open,
242.25,1786779561.3643,sample,"[3.31693, -1.61245, 1.62207, -2.21209, 4.6814, 0.0]","[-6.95583, -1.07978, 2.57675]",open,
242.35,1786779561.4532,sample,"[3.31693, -1.61245, 1.62207, -2.21209, 4.6814, 0.0]","[-6.95583, -1.07978, 2.57675]",open,
242.45,1786779561.555,sample,"[3.31693, -1.61245, 1.62207, -2.21209, 4.6814, 0.0]","[-6.95583, -1.07978, 2.57675]",open,
242.55,1786779561.648,sample,"[3.31693, -1.61245, 1.62207, -2.21209, 4.6814, 0.0]","[-6.95583, -1.07978, 2.57675]",open,
242.65,1786779561.7368,sample,"[3.31693, -1.61245, 1.62207, -2.21209, 4.6814, 0.0]","[-6.95583, -1.07978, 2.57675]",open,
242.75,1786779561.8272,sample,"[3.31693, -1.61245, 1.62207, -2.21209, 4.6814, 0.0]","[-6.95583, -1.07978, 2.57675]",open,
242.85,1786779561.9131,sample,"[3.31693, -1.61245, 1.62207, -2.21209, 4.6814, 0.0]","[-6.95583, -1.07978, 2.57675]",open,
242.95,1786779562.0015,sample,"[3.31693, -1.61245, 1.62207, -2.21209, 4.6814, 0.0]","[-6.95583, -1.07978, 2.57675]",open,
243.05,1786779562.0923,sample,"[3.31693, -1.61245, 1.62207, -2.21209, 4.6814, 0.0]","[-6.95583, -1.07978, 2.57675]",open,
243.15,1786779562.1882,sample,"[3.31693, -1.61245, 1.62207, -2.21209, 4.6814, 0.0]","[-6.95583, -1.07978, 2.57675]",open,
243.25,1786779562.276,sample,"[3.31693, -1.61245, 1.62207, -2.21209, 4.6814, 0.0]","[-6.95583, -1.07978, 2.57675]",open,
243.35,1786779562.3648,sample,"[3.31693, -1.61245, 1.62207, -2.21209, 4.6814, 0.0]","[-6.95583, -1.07978, 2.57675]",open,
243.45,1786779562.4531,sample,"[3.31693, -1.61245, 1.62207, -2.21209, 4.6814, 0.0]","[-6.95583, -1.07978, 2.57675]",open,
243.55,1786779562.5515,sample,"[3.31693, -1.61245, 1.62207, -2.21209, 4.6814, 0.0]","[-6.95583, -1.07978, 2.57675]",open,
243.65,1786779562.6575,sample,"[3.31693, -1.61245, 1.62207, -2.21209, 4.6814, 0.0]","[-6.95583, -1.07978, 2.57675]",open,
243.75,1786779562.7465,sample,"[3.31693, -1.61245, 1.62207, -2.21209, 4.6814, 0.0]","[-6.95583, -1.07978, 2.57675]",open,
243.85,1786779562.8396,sample,"[3.31693, -1.61245, 1.62207, -2.21209, 4.6814, 0.0]","[-6.95583, -1.07978, 2.57675]",open,
243.95,1786779562.933,sample,"[3.31693, -1.61245, 1.62207, -2.21209, 4.6814, 0.0]","[-6.95583, -1.07978, 2.57675]",open,
244.05,1786779563.0199,sample,"[3.31693, -1.61245, 1.62207, -2.21209, 4.6814, 0.0]","[-6.95583, -1.07978, 2.57675]",open,
244.15,1786779563.1106,sample,"[3.31693, -1.61245, 1.62207, -2.21209, 4.6814, 0.0]","[-6.95583, -1.07978, 2.57675]",open,
244.25,1786779563.203,sample,"[3.31693, -1.61245, 1.62207, -2.21209, 4.6814, 0.0]","[-6.95583, -1.07978, 2.57675]",open,
244.35,1786779563.2899,sample,"[3.31693, -1.61245, 1.62207, -2.21209, 4.6814, 0.0]","[-6.95583, -1.07978, 2.57675]",open,
244.45,1786779563.3813,sample,"[3.31693, -1.61245, 1.62207, -2.21209, 4.6814, 0.0]","[-6.95583, -1.07978, 2.57675]",open,
244.55,1786779563.4777,sample,"[3.31693, -1.61245, 1.62207, -2.21209, 4.6814, 0.0]","[-6.95583, -1.07978, 2.57675]",open,
244.65,1786779563.5721,sample,"[3.31693, -1.61245, 1.62207, -2.21209, 4.6814, 0.0]","[-6.95583, -1.07978, 2.57675]",open,
244.75,1786779563.6822,sample,"[3.31693, -1.61245, 1.62207, -2.21209, 4.6814, 0.0]","[-6.95583, -1.07978, 2.57675]",open,
244.85,1786779563.7695,sample,"[3.31693, -1.61245, 1.62207, -2.21209, 4.6814, 0.0]","[-6.95583, -1.07978, 2.57675]",open,
244.95,1786779563.8625,sample,"[3.31693, -1.61245, 1.62207, -2.21209, 4.6814, 0.0]","[-6.95583, -1.07978, 2.57675]",open,
245.05,1786779563.9588,sample,"[3.31693, -1.61245, 1.62207, -2.21209, 4.6814, 0.0]","[-6.95583, -1.07978, 2.57675]",open,
245.15,1786779564.0441,sample,"[3.31693, -1.61245, 1.62207, -2.21209, 4.6814, 0.0]","[-6.95583, -1.07978, 2.57675]",open,
245.25,1786779564.1385,sample,"[3.31693, -1.61245, 1.62207, -2.21209, 4.6814, 0.0]","[-6.95583, -1.07978, 2.57675]",open,
245.35,1786779564.2359,sample,"[3.31693, -1.61245, 1.62207, -2.21209, 4.6814, 0.0]","[-6.95583, -1.07978, 2.57675]",open,
245.45,1786779564.3362,sample,"[3.31693, -1.61245, 1.62207, -2.21209, 4.6814, 0.0]","[-6.95583, -1.07978, 2.57675]",open,
245.55,1786779564.4414,sample,"[3.31693, -1.61245, 1.62207, -2.21209, 4.6814, 0.0]","[-6.95583, -1.07978, 2.57675]",open,
245.65,1786779564.5568,sample,"[3.31693, -1.61245, 1.62207, -2.21209, 4.6814, 0.0]","[-6.95583, -1.07978, 2.57675]",open,
245.75,1786779564.6642,sample,"[3.31693, -1.61245, 1.62207, -2.21209, 4.6814, 0.0]","[-6.95583, -1.07978, 2.57675]",open,
245.85,1786779564.7667,sample,"[3.31693, -1.61245, 1.62207, -2.21209, 4.6814, 0.0]","[-6.95583, -1.07978, 2.57675]",open,
245.95,1786779564.8776,sample,"[3.31693, -1.61245, 1.62207, -2.21209, 4.6814, 0.0]","[-6.95583, -1.07978, 2.57675]",open,
246.05,1786779564.9775,sample,"[3.31693, -1.61245, 1.62207, -2.21209, 4.6814, 0.0]","[-6.95583, -1.07978, 2.57675]",open,
246.15,1786779565.0759,sample,"[3.31693, -1.61245, 1.62207, -2.21209, 4.6814, 0.0]","[-6.95583, -1.07978, 2.57675]",open,
246.25,1786779565.1738,sample,"[3.31693, -1.61245, 1.62207, -2.21209, 4.6814, 0.0]","[-6.95583, -1.07978, 2.57675]",open,
246.35,1786779565.2723,sample,"[3.31693, -1.61245, 1.62207, -2.21209, 4.6814, 0.0]","[-6.95583, -1.07978, 2.57675]",open,
246.45,1786779565.371,sample,"[3.31693, -1.61245, 1.62207, -2.21209, 4.6814, 0.0]","[-6.95583, -1.07978, 2.57675]",open,
246.55,1786779565.4638,sample,"[3.31693, -1.61245, 1.62207, -2.21209, 4.6814, 0.0]","[-6.95583, -1.07978, 2.57675]",open,
246.65,1786779565.5537,sample,"[3.31693, -1.61245, 1.62207, -2.21209, 4.6814, 0.0]","[-6.95583, -1.07978, 2.57675]",open,
246.75,1786779565.6453,sample,"[3.31693, -1.61245, 1.62207, -2.21209, 4.6814, 0.0]","[-6.95583, -1.07978, 2.57675]",open,
246.85,1786779565.7439,sample,"[3.31693, -1.61245, 1.62207, -2.21209, 4.6814, 0.0]","[-6.95583, -1.07978, 2.57675]",open,
246.95,1786779565.8439,sample,"[3.31693, -1.61245, 1.62207, -2.21209, 4.6814, 0.0]","[-6.95583, -1.07978, 2.57675]",open,
247.05,1786779565.9347,sample,"[3.31693, -1.61245, 1.62207, -2.21209, 4.6814, 0.0]","[-6.95583, -1.07978, 2.57675]",open,
247.15,1786779566.0269,sample,"[3.31693, -1.61245, 1.62207, -2.21209, 4.6814, 0.0]","[-6.95583, -1.07978, 2.57675]",open,
247.25,1786779566.1173,sample,"[3.31693, -1.61245, 1.62207, -2.21209, 4.6814, 0.0]","[-6.95583, -1.07978, 2.57675]",open,
247.35,1786779566.2095,sample,"[3.31693, -1.61245, 1.62207, -2.21209, 4.6814, 0.0]","[-6.95583, -1.07978, 2.57675]",open,
247.45,1786779566.2993,sample,"[3.31693, -1.61245, 1.62207, -2.21209, 4.6814, 0.0]","[-6.95583, -1.07978, 2.57675]",open,
247.55,1786779566.3942,sample,"[3.31693, -1.61245, 1.62207, -2.21209, 4.6814, 0.0]","[-6.95583, -1.07978, 2.57675]",open,
247.65,1786779566.487,sample,"[3.31693, -1.61245, 1.62207, -2.21209, 4.6814, 0.0]","[-6.95583, -1.07978, 2.57675]",open,
247.75,1786779566.583,sample,"[3.31693, -1.61245, 1.62207, -2.21209, 4.6814, 0.0]","[-6.95583, -1.07978, 2.57675]",open,
247.85,1786779566.6734,sample,"[3.31693, -1.61245, 1.62207, -2.21209, 4.6814, 0.0]","[-6.95583, -1.07978, 2.57675]",open,
247.95,1786779566.7669,sample,"[3.31693, -1.61245, 1.62207, -2.21209, 4.6814, 0.0]","[-6.95583, -1.07978, 2.57675]",open,
248.05,1786779566.8664,sample,"[3.31693, -1.61245, 1.62207, -2.21209, 4.6814, 0.0]","[-6.95583, -1.07978, 2.57675]",open,
248.15,1786779566.9566,sample,"[3.31693, -1.61245, 1.62207, -2.21209, 4.6814, 0.0]","[-6.95583, -1.07978, 2.57675]",open,
248.25,1786779567.049,sample,"[3.31693, -1.61245, 1.62207, -2.21209, 4.6814, 0.0]","[-6.95583, -1.07978, 2.57675]",open,
248.35,1786779567.1455,sample,"[3.31693, -1.61245, 1.62207, -2.21209, 4.6814, 0.0]","[-6.95583, -1.07978, 2.57675]",open,
248.45,1786779567.5215,sample,"[3.31693, -1.61245, 1.62207, -2.21209, 4.6814, 0.0]","[-6.95583, -1.07978, 2.57675]",open,
