timestamp_sim,timestamp_wall,event,joint_positions,ee_position,gripper_state,package_id
0.05,1786779632.3212,sample,"[1.63188, -1.27756, 1.89196, -2.26718, 4.65654, -0.0]","[-6.50534, -0.04374, 2.15053]",open,
0.15,1786779632.4925,sample,"[1.63186, -1.27749, 1.89203, -2.26718, 4.65654, -0.0]","[-6.50533, -0.04375, 2.15043]",open,
0.25,1786779632.7528,sample,"[1.63185, -1.27745, 1.89207, -2.26718, 4.65654, -0.0]","[-6.50532, -0.04376, 2.15038]",open,
0.35,1786779632.8747,sample,"[1.63184, -1.27745, 1.89207, -2.26717, 4.65654, -0.0]","[-6.50531, -0.04375, 2.15038]",open,
0.45,1786779632.963,sample,"[1.63184, -1.27745, 1.89207, -2.26717, 4.65654, -0.0]","[-6.50531, -0.04376, 2.15038]",open,
0.55,1786779633.0447,sample,"[1.63184, -1.27745, 1.89207, -2.26717, 4.65654, -0.0]","[-6.50531, -0.04376, 2.15038]",open,
0.65,1786779633.1223,sample,"[1.63184, -1.27745, 1.89207, -2.26717, 4.65654, -0.0]","[-6.50531, -0.04376, 2.15038]",open,
0.75,1786779633.2071,sample,"[1.63184, -1.27745, 1.89207, -2.26716, 4.65654, -0.0]","[-6.50531, -0.04376, 2.15038]",open,
0.85,1786779633.2896,sample,"[1.63184, -1.27745, 1.89207, -2.26716, 4.65654, -0.0]","[-6.50531, -0.04376, 2.15038]",open,
0.95,1786779633.3748,sample,"[1.63184, -1.27745, 1.89207, -2.26716, 4.65654, -0.0]","[-6.50531, -0.04376, 2.15038]",open,
1.05,1786779633.4576,sample,"[1.63184, -1.27745, 1.89207, -2.26715, 4.65654, -0.0]","[-6.50531, -0.04376, 2.15038]",open,
1.15,1786779633.5443,sample,"[1.63184, -1.27745, 1.89207, -2.26715, 4.65654, -0.0]","[-6.50531, -0.04376, 2.15038]",open,
1.25,1786779633.6288,sample,"[1.63184, -1.27745, 1.89207, -2.26715, 4.65654, -0.0]","[-6.50531, -0.04376, 2.15038]",open,
1.35,1786779633.7077,sample,"[1.63184, -1.27745, 1.89207, -2.26715, 4.65654, -0.0]","[-6.50531, -0.04376, 2.15038]",open,
1.45,1786779633.7855,sample,"[1.63184, -1.27745, 1.89207, -2.26714, 4.65654, -0.0]","[-6.50531, -0.04376, 2.15038]",open,
1.55,1786779633.8618,sample,"[1.63184, -1.27745, 1.89207, -2.26714, 4.65654, -0.0]","[-6.50531, -0.04376, 2.15038]",open,
1.65,1786779633.9466,sample,"[1.63184, -1.27745, 1.89207, -2.26714, 4.65654, -0.0]","[-6.50531, -0.04376, 2.15038]",open,
1.75,1786779634.0298,sample,"[1.63184, -1.27745, 1.89207, -2.26713, 4.65654, -0.0]","[-6.50531, -0.04376, 2.15038]",open,
1.85,1786779634.1116,sample,"[1.63184, -1.27745, 1.89207, -2.26713, 4.65654, -0.0]","[-6.50531, -0.04376, 2.15038]",open,
1.95,1786779634.1928,sample,"[1.63184, -1.27745, 1.89207, -2.26713, 4.65654, -0.0]","[-6.50531, -0.04376, 2.15038]",open,
2.05,1786779634.2816,sample,"[1.63184, -1.27745, 1.89207, -2.26713, 4.65654, -0.0]","[-6.50531, -0.04376, 2.15038]",open,
2.15,1786779634.3695,sample,"[1.63184, -1.27745, 1.89207, -2.26712, 4.65654, -0.0]","[-6.50531, -0.04376, 2.15038]",open,
2.25,1786779634.4512,sample,"[1.63184, -1.27745, 1.89207, -2.26712, 4.65654, -0.0]","[-6.50531, -0.04376, 2.15038]",open,
2.35,1786779634.5405,sample,"[1.63184, -1.27745, 1.89207, -2.26712, 4.65654, -0.0]","[-6.50531, -0.04376, 2.15038]",open,
2.45,1786779634.8126,sample,"[1.63184, -1.27745, 1.89207, -2.26711, 4.65654, -0.0]","[-6.50531, -0.04376, 2.15038]",open,
2.55,1786779634.9323,sample,"[1.63184, -1.27745, 1.89207, -2.26711, 4.65654, -0.0]","[-6.50531, -0.04376, 2.15038]",open,
2.65,1786779635.0258,sample,"[1.63184, -1.27745, 1.89207, -2.26711, 4.65654, -0.0]","[-6.50531, -0.04376, 2.15038]",open,
2.75,1786779635.1014,sample,"[1.63184, -1.27745, 1.89207, -2.26711, 4.65654, -0.0]","[-6.50531, -0.04376, 2.15038]",open,
2.85,1786779635.2219,sample,"[1.63184, -1.27745, 1.89207, -2.26711, 4.65654, -0.0]","[-6.50531, -0.04376, 2.15038]",open,
2.95,1786779635.3002,sample,"[1.63184, -1.27745, 1.89207, -2.26711, 4.65654, -0.0]","[-6.50531, -0.04376, 2.15038]",open,
3.05,1786779635.3794,sample,"[1.63184, -1.27745, 1.89207, -2.2671, 4.65654, -0.0]","[-6.50531, -0.04376, 2.15038]",open,
3.15,1786779635.4546,sample,"[1.63184, -1.27745, 1.89207, -2.2671, 4.65654, -0.0]","[-6.50531, -0.04376, 2.15038]",open,
3.25,1786779635.5394,sample,"[1.63184, -1.27745, 1.89207, -2.2671, 4.65654, -0.0]","[-6.50531, -0.04376, 2.15038]",open,
3.35,1786779635.6227,sample,"[1.63184, -1.27745, 1.89207, -2.2671, 4.65654, -0.0]","[-6.50531, -0.04376, 2.15038]",open,
3.45,1786779635.7025,sample,"[1.63184, -1.27745, 1.89207, -2.2671, 4.65654, -0.0]","[-6.50531, -0.04376, 2.15037]",open,
3.55,1786779635.7838,sample,"[1.63184, -1.27745, 1.89207, -2.2671, 4.65654, -0.0]","[-6.50531, -0.04376, 2.15037]",open,
3.65,1786779635.8681,sample,"[1.63184, -1.27745, 1.89207, -2.2671, 4.65654, -0.0]","[-6.50531, -0.04376, 2.15037]",open,
3.75,1786779635.9519,sample,"[1.63184, -1.27745, 1.89207, -2.2671, 4.65654, -0.0]","[-6.50531, -0.04376, 2.15037]",open,
3.85,1786779636.0312,sample,"[1.63184, -1.27745, 1.89207, -2.2671, 4.65654, -0.0]","[-6.50531, -0.04376, 2.15037]",open,
3.95,1786779636.1094,sample,"[1.63184, -1.27745, 1.89207, -2.2671, 4.65654, -0.0]","[-6.50531, -0.04376, 2.15037]",open,
4.05,1786779636.1909,sample,"[1.63184, -1.27745, 1.89207, -2.2671, 4.65654, -0.0]","[-6.50531, -0.04376, 2.15037]",open,
4.15,1786779636.2782,sample,"[1.63184, -1.27745, 1.89207, -2.2671, 4.65654, -0.0]","[-6.50531, -0.04376, 2.15037]",open,
4.25,1786779636.3639,sample,"[1.63184, -1.27745, 1.89207, -2.2671, 4.65654, -0.0]","[-6.50531, -0.04376, 2.15037]",open,
4.35,1786779636.4457,sample,"[1.63184, -1.27745, 1.89207, -2.2671, 4.65654, -0.0]","[-6.50531, -0.04376, 2.15037]",open,
4.45,1786779636.5224,sample,"[1.63184, -1.27745, 1.89207, -2.2671, 4.65654, -0.0]","[-6.50531, -0.04376, 2.15037]",open,
4.55,1786779636.6043,sample,"[1.63184, -1.27745, 1.89207, -2.2671, 4.65654, -0.0]","[-6.50531, -0.04376, 2.15037]",open,
4.65,1786779636.6856,sample,"[1.63184, -1.27745, 1.89207, -2.2671, 4.65654, -0.0]","[-6.50531, -0.04376, 2.15037]",open,
4.75,1786779636.7678,sample,"[1.63184, -1.27745, 1.89207, -2.2671, 4.65654, -0.0]","[-6.50531, -0.04376, 2.15037]",open,
4.85,1786779636.8521,sample,"[1.63184, -1.27745, 1.89207, -2.2671, 4.65654, -0.0]","[-6.50531, -0.04376, 2.15037]",open,
4.95,1786779636.9308,sample,"[1.63184, -1.27745, 1.89207, -2.2671, 4.65654, -0.0]","[-6.50531, -0.04376, 2.15037]",open,
5.05,1786779637.0117,sample,"[1.63184, -1.27745, 1.89207, -2.2671, 4.65654, -0.0]","[-6.50531, -0.04376, 2.15037]",open,
5.15,1786779637.0914,sample,"[1.63184, -1.27745, 1.89207, -2.2671, 4.65654, -0.0]","[-6.50531, -0.04376, 2.15037]",open,
5.25,1786779637.1733,sample,"[1.63184, -1.27745, 1.89207, -2.2671, 4.65654, -0.0]","[-6.50531, -0.04376, 2.15037]",open,
5.35,1786779637.25,sample,"[1.63184, -1.27745, 1.89207, -2.2671, 4.65654, -0.0]","[-6.50531, -0.04376, 2.15037]",open,
5.45,1786779637.3308,sample,"[1.63184, -1.27745, 1.89207, -2.2671, 4.65654, -0.0]","[-6.50531, -0.04376, 2.15037]",open,
5.55,1786779637.4543,sample,"[1.63184, -1.27745, 1.89207, -2.2671, 4.65654, -0.0]","[-6.50531, -0.04376, 2.15037]",open,
5.65,1786779637.5438,sample,"[1.63184, -1.27745, 1.89207, -2.2671, 4.65654, -0.0]","[-6.50531, -0.04376, 2.15037]",open,
5.75,1786779637.6326,sample,"[1.63184, -1.27745, 1.89207, -2.2671, 4.65654, -0.0]","[-6.50531, -0.04376, 2.15037]",open,
5.85,1786779637.7158,sample,"[1.63184, -1.27745, 1.89207, -2.2671, 4.65654, -0.0]","[-6.50531, -0.04376, 2.15037]",open,
5.95,1786779637.8047,sample,"[1.63184, -1.27745, 1.89207, -2.2671, 4.65654, -0.0]","[-6.50531, -0.04376, 2.15037]",open,
6.05,1786779637.888,sample,"[1.63184, -1.27745, 1.89207, -2.2671, 4.65654, -0.0]","[-6.50531, -0.04376, 2.15037]",open,
6.15,1786779637.9693,sample,"[1.63184, -1.27745, 1.89207, -2.2671, 4.65654, -0.0]","[-6.50531, -0.04376, 2.15037]",open,
6.25,1786779638.054,sample,"[1.63184, -1.27745, 1.89207, -2.2671, 4.65654, -0.0]","[-6.50531, -0.04376, 2.15037]",open,
6.35,1786779638.1394,sample,"[1.63184, -1.27745, 1.89207, -2.2671, 4.65654, -0.0]","[-6.50531, -0.04376, 2.15037]",open,
6.45,1786779638.2228,sample,"[1.63184, -1.27745, 1.89207, -2.2671, 4.65654, -0.0]","[-6.50531, -0.04376, 2.15037]",open,
6.55,1786779638.3076,sample,"[1.63184, -1.27745, 1.89207, -2.2671, 4.65654, -0.0]","[-6.50531, -0.04376, 2.15037]",open,
6.65,1786779638.3913,sample,"[1.63184, -1.27745, 1.89207, -2.2671, 4.65654, -0.0]","[-6.50531, -0.04376, 2.15037]",open,
6.75,1786779638.4847,sample,"[1.63184, -1.27745, 1.89207, -2.2671, 4.65654, -0.0]","[-6.50531, -0.04376, 2.15037]",open,
6.85,1786779638.5735,sample,"[1.63184, -1.27745, 1.89207, -2.2671, 4.65654, -0.0]","[-6.50531, -0.04376, 2.15037]",open,
6.95,1786779638.6613,sample,"[1.63184, -1.27745, 1.89207, -2.2671, 4.65654, -0.0]","[-6.50531, -0.04376, 2.15037]",open,
7.05,1786779638.7523,sample,"[1.63184, -1.27745, 1.89207, -2.2671, 4.65654, -0.0]","[-6.50531, -0.04376, 2.15037]",open,
7.15,1786779638.8506,sample,"[1.63184, -1.27745, 1.89207, -2.2671, 4.65654, -0.0]","[-6.50531, -0.04376, 2.15037]",open,
7.25,1786779638.9443,sample,"[1.63184, -1.27745, 1.89207, -2.2671, 4.65654, -0.0]","[-6.50531, -0.04376, 2.15037]",open,
7.35,1786779639.0307,sample,"[1.63184, -1.27745, 1.89207, -2.2671, 4.65654, -0.0]","[-6.50531, -0.04376, 2.15037]",open,
7.45,1786779639.1168,sample,"[1.63184, -1.27745, 1.89207, -2.2671, 4.65654, -0.0]","[-6.50531, -0.04376, 2.15037]",open,
7.55,1786779639.2063,sample,"[1.63184, -1.27745, 1.89207, -2.2671, 4.65654, -0.0]","[-6.50531, -0.04376, 2.15037]",open,
7.65,1786779639.2957,sample,"[1.63184, -1.27745, 1.89207, -2.2671, 4.65654, -0.0]","[-6.50531, -0.04376, 2.15037]",open,
7.75,1786779639.382,sample,"[1.63184, -1.27745, 1.89207, -2.2671, 4.65654, -0.0]","[-6.50531, -0.04376, 2.15037]",open,
7.85,1786779639.4688,sample,"[1.63184, -1.27745, 1.89207, -2.2671, 4.65654, -0.0]","[-6.50531, -0.04376, 2.15037]",open,
7.95,1786779639.56,sample,"[1.63184, -1.27745, 1.89207, -2.2671, 4.65654, -0.0]","[-6.50531, -0.04376, 2.15037]",open,
8.05,1786779639.6438,sample,"[1.63184, -1.27745, 1.89207, -2.2671, 4.65654, -0.0]","[-6.50531, -0.04376, 2.15037]",open,
8.15,1786779639.7292,sample,"[1.63184, -1.27745, 1.89207, -2.2671, 4.65654, -0.0]","[-6.50531, -0.04376, 2.15037]",open,
8.25,1786779639.8173,sample,"[1.63184, -1.27745, 1.89207, -2.2671, 4.65654, -0.0]","[-6.50531, -0.04376, 2.15037]",open,
8.35,1786779639.9047,sample,"[1.63184, -1.27745, 1.89207, -2.2671, 4.65654, -0.0]","[-6.50531, -0.04376, 2.15037]",open,
8.45,1786779639.9915,sample,"[1.63184, -1.27745, 1.89207, -2.2671, 4.65654, -0.0]","[-6.50531, -0.04376, 2.15037]",open,
8.55,1786779640.0778,sample,"[1.63184, -1.27745, 1.89207, -2.2671, 4.65654, -0.0]","[-6.50531, -0.04376, 2.15037]",open,
8.65,1786779640.1641,sample,"[1.63184, -1.27745, 1.89207, -2.2671, 4.65654, -0.0]","[-6.50531, -0.04376, 2.15037]",open,
8.75,1786779640.2488,sample,"[1.63184, -1.27745, 1.89207, -2.2671, 4.65654, -0.0]","[-6.50531, -0.04376, 2.15037]",open,
8.85,1786779640.3372,sample,"[1.63184, -1.27745, 1.89207, -2.2671, 4.65654, -0.0]","[-6.50531, -0.04376, 2.15037]",open,
8.95,1786779640.422,sample,"[1.63184, -1.27745, 1.89207, -2.2671, 4.65654, -0.0]","[-6.50531, -0.04376, 2.15037]",open,
9.05,1786779640.5072,sample,"[1.63184, -1.27745, 1.89207, -2.2671, 4.65654, -0.0]","[-6.50531, -0.04376, 2.15037]",open,
9.15,1786779640.6001,sample,"[1.63184, -1.27745, 1.89207, -2.2671, 4.65654, -0.0]","[-6.50531, -0.04376, 2.15037]",open,
9.25,1786779640.6848,sample,"[1.63184, -1.27745, 1.89207, -2.2671, 4.65654, -0.0]","[-6.50531, -0.04376, 2.15037]",open,
9.35,1786779640.7755,sample,"[1.63184, -1.27745, 1.89207, -2.2671, 4.65654, -0.0]","[-6.50531, -0.04376, 2.15037]",open,
9.45,1786779640.8643,sample,"[1.63184, -1.27745, 1.89207, -2.2671, 4.65654, -0.0]","[-6.50531, -0.04376, 2.15037]",open,
9.55,1786779640.9638,sample,"[1.63184, -1.27745, 1.89207, -2.2671, 4.65654, -0.0]","[-6.50531, -0.04376, 2.15037]",open,
9.65,1786779641.0714,sample,"[1.63184, -1.27745, 1.89207, -2.2671, 4.65654, -0.0]","[-6.50531, -0.04376, 2.15037]",open,
9.75,1786779641.1665,sample,"[1.63184, -1.27745, 1.89207, -2.2671, 4.65654, -0.0]","[-6.50531, -0.04376, 2.15037]",open,
9.85,1786779641.2563,sample,"[1.63184, -1.27745, 1.89207, -2.2671, 4.65654, -0.0]","[-6.50531, -0.04376, 2.15037]",open,
9.95,1786779641.3457,sample,"[1.63184, -1.27745, 1.89207, -2.2671, 4.65654, -0.0]","[-6.50531, -0.04376, 2.15037]",open,
10.05,1786779641.438,sample,"[1.63184, -1.27745, 1.89207, -2.2671, 4.65654, -0.0]","[-6.50531, -0.04376, 2.15037]",open,
10.15,1786779641.5308,sample,"[1.63184, -1.27745, 1.89207, -2.2671, 4.65654, -0.0]","[-6.50531, -0.04376, 2.15037]",open,
10.25,1786779641.6273,sample,"[1.63184, -1.27745, 1.89207, -2.2671, 4.65654, -0.0]","[-6.50531, -0.04376, 2.15037]",open,
10.35,1786779641.7193,sample,"[1.63184, -1.27745, 1.89207, -2.2671, 4.65654, -0.0]","[-6.50531, -0.04376, 2.15037]",open,
10.45,1786779641.8129,sample,"[1.63184, -1.27745, 1.89207, -2.2671, 4.65654, -0.0]","[-6.50531, -0.04376, 2.15037]",open,
10.55,1786779641.9035,sample,"[1.63184, -1.27745, 1.89207, -2.2671, 4.65654, -0.0]","[-6.50531, -0.04376, 2.15037]",open,
10.65,1786779641.9937,sample,"[1.63184, -1.27745, 1.89207, -2.2671, 4.65654, -0.0]","[-6.50531, -0.04376, 2.15037]",open,
10.75,1786779642.0875,sample,"[1.63184, -1.27745, 1.89207, -2.2671, 4.65654, -0.0]","[-6.50531, -0.04376, 2.15037]",open,
10.85,1786779642.1758,sample,"[1.63184, -1.27745, 1.89207, -2.2671, 4.65654, -0.0]","[-6.50531, -0.04376, 2.15037]",open,
10.95,1786779642.2646,sample,"[1.63184, -1.27745, 1.89207, -2.2671, 4.65654, -0.0]","[-6.50531, -0.04376, 2.15037]",open,
11.05,1786779642.3503,sample,"[1.63184, -1.27745, 1.89207, -2.2671, 4.65654, -0.0]","[-6.50531, -0.04376, 2.15037]",open,
11.15,1786779642.4387,sample,"[1.63184, -1.27745, 1.89207, -2.2671, 4.65654, -0.0]","[-6.50531, -0.04376, 2.15037]",open,
11.25,1786779642.5397,sample,"[1.63184, -1.27745, 1.89207, -2.2671, 4.65654, -0.0]","[-6.50531, -0.04376, 2.15037]",open,
11.35,1786779642.6319,sample,"[1.63184, -1.27745, 1.89207, -2.2671, 4.65654, -0.0]","[-6.50531, -0.04376, 2.15037]",open,
11.45,1786779642.7282,sample,"[1.63184, -1.27745, 1.89207, -2.2671, 4.65654, -0.0]","[-6.50531, -0.04376, 2.15037]",open,
11.55,1786779642.8144,sample,"[1.63184, -1.27745, 1.89207, -2.2671, 4.65654, -0.0]","[-6.50531, -0.04376, 2.15037]",open,
11.65,1786779642.9047,sample,"[1.63184, -1.27745, 1.89207, -2.2671, 4.65654, -0.0]","[-6.50531, -0.04376, 2.15037]",open,
11.75,1786779642.9921,sample,"[1.63184, -1.27745, 1.89207, -2.2671, 4.65654, -0.0]","[-6.50531, -0.04376, 2.15037]",open,
11.85,1786779643.0798,sample,"[1.63184, -1.27745, 1.89207, -2.2671, 4.65654, -0.0]","[-6.50531, -0.04376, 2.15037]",open,
11.95,1786779643.1667,sample,"[1.63184, -1.27745, 1.89207, -2.2671, 4.65654, -0.0]","[-6.50531, -0.04376, 2.15037]",open,
12.05,1786779643.2544,sample,"[1.63184, -1.27745, 1.89207, -2.2671, 4.65654, -0.0]","[-6.50531, -0.04376, 2.15037]",open,
12.15,1786779643.3432,sample,"[1.63184, -1.27745, 1.89207, -2.2671, 4.65654, -0.0]","[-6.50531, -0.04376, 2.15037]",open,
12.25,1786779643.4289,sample,"[1.63184, -1.27745, 1.89207, -2.2671, 4.65654, -0.0]","[-6.50531, -0.04376, 2.15037]",open,
12.35,1786779643.5172,sample,"[1.63184, -1.27745, 1.89207, -2.2671, 4.65654, -0.0]","[-6.50531, -0.04376, 2.15037]",open,
12.45,1786779643.6071,sample,"[1.63184, -1.27745, 1.89207, -2.2671, 4.65654, -0.0]","[-6.50531, -0.04376, 2.15037]",open,
12.55,1786779643.6992,sample,"[1.63184, -1.27745, 1.89207, -2.2671, 4.65654, -0.0]","[-6.50531, -0.04376, 2.15037]",open,
12.65,1786779643.7888,sample,"[1.63184, -1.27745, 1.89207, -2.2671, 4.65654, -0.0]","[-6.50531, -0.04376, 2.15037]",open,
12.75,1786779643.8823,sample,"[1.63184, -1.27745, 1.89207, -2.2671, 4.65654, -0.0]","[-6.50531, -0.04376, 2.15037]",open,
12.85,1786779643.9731,sample,"[1.63184, -1.27745, 1.89207, -2.2671, 4.65654, -0.0]","[-6.50531, -0.04376, 2.15037]",open,
12.95,1786779644.0617,sample,"[1.63184, -1.27745, 1.89207, -2.2671, 4.65654, -0.0]","[-6.50531, -0.04376, 2.15037]",open,
13.05,1786779644.1502,sample,"[1.63184, -1.27745, 1.89207, -2.2671, 4.65654, -0.0]","[-6.50531, -0.04376, 2.15037]",open,
13.15,1786779644.2389,sample,"[1.63184, -1.27745, 1.89207, -2.2671, 4.65654, -0.0]","[-6.50531, -0.04376, 2.15037]",open,
13.25,1786779644.3256,sample,"[1.63184, -1.27745, 1.89207, -2.2671, 4.65654, -0.0]","[-6.50531, -0.04376, 2.15037]",open,
13.35,1786779644.4118,sample,"[1.63184, -1.27745, 1.89207, -2.2671, 4.65654, -0.0]","[-6.50531, -0.04376, 2.15037]",open,
13.45,1786779644.4975,sample,"[1.63184, -1.27745, 1.89207, -2.2671, 4.65654, -0.0]","[-6.50531, -0.04376, 2.15037]",open,
13.55,1786779644.5845,sample,"[1.63184, -1.27745, 1.89207, -2.2671, 4.65654, -0.0]","[-6.50531, -0.04376, 2.15037]",open,
13.65,1786779644.6702,sample,"[1.63184, -1.27745, 1.89207, -2.2671, 4.65654, -0.0]","[-6.50531, -0.04376, 2.15037]",open,
13.75,1786779644.7663,sample,"[1.63184, -1.27745, 1.89207, -2.2671, 4.65654, -0.0]","[-6.50531, -0.04376, 2.15037]",open,
13.85,1786779644.8542,sample,"[1.63184, -1.27745, 1.89207, -2.2671, 4.65654, -0.0]","[-6.50531, -0.04376, 2.15037]",open,
13.95,1786779644.9427,sample,"[1.63184, -1.27745, 1.89207, -2.2671, 4.65654, -0.0]","[-6.50531, -0.04376, 2.15037]",open,
14.05,1786779645.0341,sample,"[1.63184, -1.27745, 1.89207, -2.2671, 4.65654, -0.0]","[-6.50531, -0.04376, 2.15037]",open,
14.15,1786779645.1264,sample,"[1.63184, -1.27745, 1.89207, -2.2671, 4.65654, -0.0]","[-6.50531, -0.04376, 2.15037]",open,
14.25,1786779645.2153,sample,"[1.63184, -1.27745, 1.89207, -2.2671, 4.65654, -0.0]","[-6.50531, -0.04376, 2.15037]",open,
14.35,1786779645.3022,sample,"[1.63184, -1.27745, 1.89207, -2.2671, 4.65654, -0.0]","[-6.50531, -0.04376, 2.15037]",open,
14.45,1786779645.3901,sample,"[1.63184, -1.27745, 1.89207, -2.2671, 4.65654, -0.0]","[-6.50531, -0.04376, 2.15037]",open,
14.55,1786779645.4782,sample,"[1.63184, -1.27745, 1.89207, -2.2671, 4.65654, -0.0]","[-6.50531, -0.04376, 2.15037]",open,
14.65,1786779645.5676,sample,"[1.63184, -1.27745, 1.89207, -2.2671, 4.65654, -0.0]","[-6.50531, -0.04376, 2.15037]",open,
14.75,1786779645.6548,sample,"[1.63184, -1.27745, 1.89207, -2.2671, 4.65654, -0.0]","[-6.50531, -0.04376, 2.15037]",open,
14.85,1786779645.7482,sample,"[1.63184, -1.27745, 1.89207, -2.2671, 4.65654, -0.0]","[-6.50531, -0.04376, 2.15037]",open,
14.95,1786779645.8374,sample,"[1.63184, -1.27745, 1.89207, -2.2671, 4.65654, -0.0]","[-6.50531, -0.04376, 2.15037]",open,
15.05,1786779645.9248,sample,"[1.63184, -1.27745, 1.89207, -2.2671, 4.65654, -0.0]","[-6.50531, -0.04376, 2.15037]",open,
15.15,1786779646.0135,sample,"[1.63184, -1.27745, 1.89207, -2.2671, 4.65654, -0.0]","[-6.50531, -0.04376, 2.15037]",open,
15.25,1786779646.1008,sample,"[1.63184, -1.27745, 1.89207, -2.2671, 4.65654, -0.0]","[-6.50531, -0.04376, 2.15037]",open,
15.35,1786779646.1897,sample,"[1.63184, -1.27745, 1.89207, -2.2671, 4.65654, -0.0]","[-6.50531, -0.04376, 2.15037]",open,
15.45,1786779646.2795,sample,"[1.63184, -1.27745, 1.89207, -2.2671, 4.65654, -0.0]","[-6.50531, -0.04376, 2.15037]",open,
15.55,1786779646.3773,sample,"[1.63184, -1.27745, 1.89207, -2.2671, 4.65654, -0.0]","[-6.50531, -0.04376, 2.15037]",open,
15.65,1786779646.4777,sample,"[1.63184, -1.27745, 1.89207, -2.2671, 4.65654, -0.0]","[-6.50531, -0.04376, 2.15037]",open,
15.75,1786779646.5706,sample,"[1.63184, -1.27745, 1.89207, -2.2671, 4.65654, -0.0]","[-6.50531, -0.04376, 2.15037]",open,
15.85,1786779646.6635,sample,"[1.63184, -1.27745, 1.89207, -2.2671, 4.65654, -0.0]","[-6.50531, -0.04376, 2.15037]",open,
15.95,1786779646.7543,sample,"[1.63184, -1.27745, 1.89207, -2.2671, 4.65654, -0.0]","[-6.50531, -0.04376, 2.15037]",open,
16.05,1786779646.8472,sample,"[1.63184, -1.27745, 1.89207, -2.2671, 4.65654, -0.0]","[-6.50531, -0.04376, 2.15037]",open,
16.15,1786779646.939,sample,"[1.63184, -1.27745, 1.89207, -2.2671, 4.65654, -0.0]","[-6.50531, -0.04376, 2.15037]",open,
16.25,1786779647.0299,sample,"[1.63184, -1.27745, 1.89207, -2.2671, 4.65654, -0.0]","[-6.50531, -0.04376, 2.15037]",open,
16.35,1786779647.1228,sample,"[1.63184, -1.27745, 1.89207, -2.2671, 4.65654, -0.0]","[-6.50531, -0.04376, 2.15037]",open,
16.45,1786779647.2137,sample,"[1.63184, -1.27745, 1.89207, -2.2671, 4.65654, -0.0]","[-6.50531, -0.04376, 2.15037]",open,
16.55,1786779647.3046,sample,"[1.63184, -1.27745, 1.89207, -2.2671, 4.65654, -0.0]","[-6.50531, -0.04376, 2.15037]",open,
16.65,1786779647.3943,sample,"[1.63184, -1.27745, 1.89207, -2.2671, 4.65654, -0.0]","[-6.50531, -0.04376, 2.15037]",open,
16.75,1786779647.4848,sample,"[1.63184, -1.27745, 1.89207, -2.2671, 4.65654, -0.0]","[-6.50531, -0.04376, 2.15037]",open,
16.85,1786779647.5729,sample,"[1.63184, -1.27745, 1.89207, -2.2671, 4.65654, -0.0]","[-6.50531, -0.04376, 2.15037]",open,
16.95,1786779647.6617,sample,"[1.63184, -1.27745, 1.89207, -2.2671, 4.65654, -0.0]","[-6.50531, -0.04376, 2.15037]",open,
17.05,1786779647.7542,sample,"[1.63184, -1.27745, 1.89207, -2.2671, 4.65654, -0.0]","[-6.50531, -0.04376, 2.15037]",open,
17.15,1786779647.8483,sample,"[1.63184, -1.27745, 1.89207, -2.2671, 4.65654, -0.0]","[-6.50531, -0.04376, 2.15037]",open,
17.25,1786779647.9545,sample,"[1.63184, -1.27745, 1.89207, -2.2671, 4.65654, -0.0]","[-6.50531, -0.04376, 2.15037]",open,
17.35,1786779648.0518,sample,"[1.63184, -1.27745, 1.89207, -2.2671, 4.65654, -0.0]","[-6.50531, -0.04376, 2.15037]",open,
17.45,1786779648.1568,sample,"[1.63184, -1.27745, 1.89207, -2.2671, 4.65654, -0.0]","[-6.50531, -0.04376, 2.15037]",open,
17.55,1786779648.2571,sample,"[1.63184, -1.27745, 1.89207, -2.2671, 4.65654, -0.0]","[-6.50531, -0.04376, 2.15037]",open,
17.65,1786779648.3539,sample,"[1.63184, -1.27745, 1.89207, -2.2671, 4.65654, -0.0]","[-6.50531, -0.04376, 2.15037]",open,
17.75,1786779648.4543,sample,"[1.63186, -1.27745, 1.89206, -2.2671, 4.65654, 0.0]","[-6.50533, -0.04376, 2.15037]",open,
17.85,1786779648.5456,sample,"[1.63186, -1.27745, 1.89206, -2.2671, 4.65654, 0.0]","[-6.50533, -0.04376, 2.15038]",open,
17.95,1786779648.6424,sample,"[1.63186, -1.27745, 1.89207, -2.2671, 4.65654, 0.0]","[-6.50533, -0.04376, 2.15037]",open,
18.05,1786779648.7384,sample,"[1.63186, -1.27745, 1.89207, -2.2671, 4.65654, 0.0]","[-6.50533, -0.04376, 2.15037]",open,
18.15,1786779648.8312,sample,"[1.63186, -1.27745, 1.89207, -2.2671, 4.65654, 0.0]","[-6.50533, -0.04376, 2.15037]",open,
18.25,1786779648.9226,sample,"[1.63186, -1.27745, 1.89206, -2.2671, 4.65654, 0.0]","[-6.50533, -0.04376, 2.15037]",open,
18.35,1786779649.02,sample,"[1.63186, -1.27745, 1.89207, -2.2671, 4.65654, 0.0]","[-6.50532, -0.04376, 2.15037]",open,
18.45,1786779649.1138,sample,"[1.63186, -1.27745, 1.89206, -2.2671, 4.65654, 0.0]","[-6.50532, -0.04376, 2.15037]",open,
18.55,1786779649.2043,sample,"[1.63186, -1.27745, 1.89207, -2.2671, 4.65654, 0.0]","[-6.50533, -0.04376, 2.15037]",open,
18.65,1786779649.2983,sample,"[1.63186, -1.27745, 1.89207, -2.2671, 4.65654, 0.0]","[-6.50533, -0.04376, 2.15037]",open,
18.75,1786779649.3893,sample,"[1.63186, -1.27745, 1.89206, -2.2671, 4.65654, 0.0]","[-6.50533, -0.04376, 2.15037]",open,
18.85,1786779649.4848,sample,"[1.63186, -1.27745, 1.89207, -2.2671, 4.65654, 0.0]","[-6.50533, -0.04377, 2.15037]",open,
18.95,1786779649.5865,sample,"[1.63186, -1.27745, 1.89207, -2.2671, 4.65654, 0.0]","[-6.50533, -0.04377, 2.15037]",open,
19.05,1786779649.6788,sample,"[1.63186, -1.27745, 1.89207, -2.2671, 4.65654, 0.0]","[-6.50533, -0.04377, 2.15037]",open,
19.15,1786779649.7731,sample,"[1.63186, -1.27745, 1.89207, -2.2671, 4.65654, 0.0]","[-6.50533, -0.04377, 2.15037]",open,
19.25,1786779649.869,sample,"[1.63186, -1.27745, 1.89207, -2.2671, 4.65654, 0.0]","[-6.50533, -0.04377, 2.15037]",open,
19.35,1786779649.9613,sample,"[1.63186, -1.27745, 1.89206, -2.2671, 4.65654, 0.0]","[-6.50533, -0.04376, 2.15037]",open,
19.45,1786779650.0556,sample,"[1.63186, -1.27745, 1.89207, -2.2671, 4.65654, 0.0]","[-6.50533, -0.04377, 2.15037]",open,
19.55,1786779650.1464,sample,"[1.63186, -1.27745, 1.89207, -2.2671, 4.65654, 0.0]","[-6.50533, -0.04376, 2.15037]",open,
19.65,1786779650.2354,sample,"[1.63186, -1.27745, 1.89207, -2.2671, 4.65654, 0.0]","[-6.50533, -0.04376, 2.15037]",open,
19.75,1786779650.3308,sample,"[1.63186, -1.27745, 1.89207, -2.2671, 4.65654, 0.0]","[-6.50533, -0.04376, 2.15037]",open,
19.85,1786779650.4235,sample,"[1.63186, -1.27745, 1.89207, -2.2671, 4.65654, 0.0]","[-6.50533, -0.04376, 2.15037]",open,
19.95,1786779650.519,sample,"[1.63186, -1.27745, 1.89207, -2.2671, 4.65654, 0.0]","[-6.50533, -0.04376, 2.15037]",open,
20.05,1786779650.6118,sample,"[1.63186, -1.27745, 1.89207, -2.2671, 4.65654, 0.0]","[-6.50533, -0.04376, 2.15037]",open,
20.15,1786779650.7063,sample,"[1.63186, -1.27745, 1.89207, -2.2671, 4.65654, 0.0]","[-6.50533, -0.04376, 2.15037]",open,
20.25,1786779650.7976,sample,"[1.63186, -1.27745, 1.89207, -2.2671, 4.65654, 0.0]","[-6.50533, -0.04376, 2.15037]",open,
20.35,1786779650.8904,sample,"[1.63186, -1.27745, 1.89206, -2.2671, 4.65654, 0.0]","[-6.50533, -0.04376, 2.15038]",open,
20.45,1786779650.9808,sample,"[1.63186, -1.27745, 1.89207, -2.2671, 4.65654, 0.0]","[-6.50533, -0.04376, 2.15037]",open,
20.55,1786779651.073,sample,"[1.63186, -1.27745, 1.89207, -2.2671, 4.65654, 0.0]","[-6.50533, -0.04376, 2.15037]",open,
20.65,1786779651.1663,sample,"[1.63186, -1.27745, 1.89207, -2.2671, 4.65654, 0.0]","[-6.50533, -0.04376, 2.15037]",open,
20.75,1786779651.2571,sample,"[1.63186, -1.27745, 1.89206, -2.2671, 4.65654, 0.0]","[-6.50533, -0.04376, 2.15037]",open,
20.85,1786779651.3489,sample,"[1.63186, -1.27745, 1.89206, -2.2671, 4.65654, 0.0]","[-6.50533, -0.04376, 2.15037]",open,
20.95,1786779651.4443,sample,"[1.63186, -1.27745, 1.89206, -2.2671, 4.65654, 0.0]","[-6.50533, -0.04376, 2.15037]",open,
21.05,1786779651.5371,sample,"[1.63186, -1.27745, 1.89207, -2.2671, 4.65654, 0.0]","[-6.50533, -0.04376, 2.15037]",open,
21.15,1786779651.63,sample,"[1.63186, -1.27745, 1.89206, -2.2671, 4.65654, 0.0]","[-6.50533, -0.04376, 2.15037]",open,
21.25,1786779651.7203,sample,"[1.63186, -1.27745, 1.89207, -2.2671, 4.65654, 0.0]","[-6.50533, -0.04377, 2.15037]",open,
21.35,1786779651.8127,sample,"[1.63186, -1.27745, 1.89207, -2.2671, 4.65654, 0.0]","[-6.50533, -0.04377, 2.15037]",open,
21.45,1786779651.9044,sample,"[1.63186, -1.27745, 1.89207, -2.2671, 4.65654, 0.0]","[-6.50533, -0.04377, 2.15037]",open,
21.55,1786779651.9968,sample,"[1.63186, -1.27745, 1.89207, -2.2671, 4.65654, 0.0]","[-6.50533, -0.04377, 2.15037]",open,
21.65,1786779652.0947,sample,"[1.63186, -1.27745, 1.89207, -2.2671, 4.65654, 0.0]","[-6.50533, -0.04376, 2.15037]",open,
21.75,1786779652.1857,sample,"[1.63186, -1.27745, 1.89207, -2.2671, 4.65654, 0.0]","[-6.50533, -0.04377, 2.15037]",open,
21.85,1786779652.2796,sample,"[1.63186, -1.27745, 1.89206, -2.2671, 4.65654, 0.0]","[-6.50533, -0.04376, 2.15037]",open,
21.95,1786779652.3723,sample,"[1.63186, -1.27745, 1.89207, -2.2671, 4.65654, 0.0]","[-6.50533, -0.04377, 2.15037]",open,
22.05,1786779652.4627,sample,"[1.63186, -1.27745, 1.89207, -2.2671, 4.65654, 0.0]","[-6.50533, -0.04377, 2.15037]",open,
22.15,1786779652.5562,sample,"[1.63186, -1.27745, 1.89207, -2.2671, 4.65654, 0.0]","[-6.50533, -0.04377, 2.15037]",open,
22.25,1786779652.6515,sample,"[1.63186, -1.27745, 1.89207, -2.2671, 4.65654, 0.0]","[-6.50533, -0.04377, 2.15038]",open,
22.35,1786779652.7453,sample,"[1.63186, -1.27745, 1.89207, -2.2671, 4.65654, 0.0]","[-6.50533, -0.04377, 2.15037]",open,
22.45,1786779652.8357,sample,"[1.63186, -1.27745, 1.89207, -2.2671, 4.65654, 0.0]","[-6.50533, -0.04376, 2.15037]",open,
22.55,1786779652.9287,sample,"[1.63186, -1.27745, 1.89207, -2.2671, 4.65654, 0.0]","[-6.50533, -0.04377, 2.15038]",open,
22.65,1786779653.0245,sample,"[1.63186, -1.27745, 1.89207, -2.2671, 4.65654, 0.0]","[-6.50533, -0.04377, 2.15037]",open,
22.75,1786779653.1293,sample,"[1.63186, -1.27745, 1.89207, -2.2671, 4.65654, 0.0]","[-6.50533, -0.04377, 2.15037]",open,
22.85,1786779653.2258,sample,"[1.63186, -1.27745, 1.89207, -2.2671, 4.65654, 0.0]","[-6.50533, -0.04376, 2.15037]",open,
22.95,1786779653.3196,sample,"[1.63186, -1.27745, 1.89207, -2.2671, 4.65654, 0.0]","[-6.50533, -0.04377, 2.15037]",open,
23.05,1786779653.4172,sample,"[1.63186, -1.27745, 1.89207, -2.2671, 4.65654, 0.0]","[-6.50533, -0.04377, 2.15037]",open,
23.15,1786779653.5127,sample,"[1.63186, -1.27745, 1.89207, -2.2671, 4.65654, 0.0]","[-6.50533, -0.04377, 2.15038]",open,
23.25,1786779653.6105,sample,"[1.63187, -1.27745, 1.89207, -2.2671, 4.65654, 0.0]","[-6.50533, -0.04377, 2.15037]",open,
23.35,1786779653.7063,sample,"[1.63186, -1.27745, 1.89207, -2.2671, 4.65654, 0.0]","[-6.50533, -0.04377, 2.15037]",open,
23.45,1786779653.8017,sample,"[1.63186, -1.27745, 1.89207, -2.2671, 4.65654, 0.0]","[-6.50533, -0.04377, 2.15037]",open,
23.55,1786779653.8985,sample,"[1.63186, -1.27745, 1.89207, -2.2671, 4.65654, 0.0]","[-6.50533, -0.04377, 2.15038]",open,
23.65,1786779653.9958,sample,"[1.63186, -1.27745, 1.89207, -2.2671, 4.65654, 0.0]","[-6.50533, -0.04377, 2.15037]",open,
23.75,1786779654.0902,sample,"[1.63186, -1.27745, 1.89207, -2.2671, 4.65654, 0.0]","[-6.50533, -0.04377, 2.15037]",open,
23.85,1786779654.1864,sample,"[1.63186, -1.27745, 1.89207, -2.2671, 4.65654, 0.0]","[-6.50533, -0.04377, 2.15037]",open,
23.95,1786779654.2817,sample,"[1.63186, -1.27745, 1.89207, -2.2671, 4.65654, 0.0]","[-6.50533, -0.04377, 2.15037]",open,
24.05,1786779654.3826,sample,"[1.63186, -1.27745, 1.89207, -2.2671, 4.65654, 0.0]","[-6.50533, -0.04376, 2.15037]",open,
24.15,1786779654.4769,sample,"[1.63186, -1.27745, 1.89207, -2.2671, 4.65654, 0.0]","[-6.50533, -0.04377, 2.15037]",open,
24.25,1786779654.5717,sample,"[1.63186, -1.27745, 1.89207, -2.2671, 4.65654, 0.0]","[-6.50533, -0.04377, 2.15037]",open,
24.35,1786779654.6642,sample,"[1.63186, -1.27745, 1.89207, -2.2671, 4.65654, 0.0]","[-6.50533, -0.04377, 2.15037]",open,
24.45,1786779654.76,sample,"[1.63186, -1.27745, 1.89207, -2.2671, 4.65654, 0.0]","[-6.50533, -0.04377, 2.15037]",open,
24.55,1786779654.8538,sample,"[1.63186, -1.27745, 1.89207, -2.2671, 4.65654, 0.0]","[-6.50533, -0.04377, 2.15037]",open,
24.65,1786779654.9454,sample,"[1.63186, -1.27745, 1.89207, -2.2671, 4.65654, 0.0]","[-6.50533, -0.04377, 2.15037]",open,
24.75,1786779655.0406,sample,"[1.63186, -1.27745, 1.89207, -2.2671, 4.65654, 0.0]","[-6.50533, -0.04377, 2.15037]",open,
24.85,1786779655.1379,sample,"[1.63187, -1.27745, 1.89207, -2.2671, 4.65654, 0.0]","[-6.50533, -0.04377, 2.15037]",open,
24.95,1786779655.2354,sample,"[1.63187, -1.27745, 1.89207, -2.2671, 4.65654, 0.0]","[-6.50533, -0.04377, 2.15037]",open,
25.05,1786779655.3402,sample,"[1.63187, -1.27745, 1.89207, -2.2671, 4.65654, 0.0]","[-6.50533, -0.04377, 2.15037]",open,
25.15,1786779655.4385,sample,"[1.63187, -1.27745, 1.89207, -2.2671, 4.65654, 0.0]","[-6.50533, -0.04377, 2.15037]",open,
25.25,1786779655.5343,sample,"[1.63187, -1.27745, 1.89207, -2.2671, 4.65654, 0.0]","[-6.50533, -0.04377, 2.15037]",open,
25.35,1786779655.6316,sample,"[1.63186, -1.27745, 1.89207, -2.2671, 4.65654, 0.0]","[-6.50533, -0.04377, 2.15037]",open,
25.45,1786779655.7258,sample,"[1.63187, -1.27745, 1.89207, -2.2671, 4.65654, 0.0]","[-6.50533, -0.04377, 2.15037]",open,
25.55,1786779655.8208,sample,"[1.63187, -1.27745, 1.89207, -2.2671, 4.65654, 0.0]","[-6.50533, -0.04377, 2.15037]",open,
25.65,1786779655.9231,sample,"[1.63187, -1.27745, 1.89207, -2.2671, 4.65654, 0.0]","[-6.50533, -0.04377, 2.15037]",open,
25.75,1786779656.0278,sample,"[1.63186, -1.27745, 1.89206, -2.2671, 4.65654, 0.0]","[-6.50533, -0.04376, 2.15038]",open,
25.85,1786779656.1308,sample,"[1.63186, -1.27745, 1.89207, -2.2671, 4.65654, 0.0]","[-6.50533, -0.04377, 2.15037]",open,
25.95,1786779656.224,sample,"[1.63187, -1.27745, 1.89206, -2.2671, 4.65654, 0.0]","[-6.50533, -0.04377, 2.15038]",open,
26.05,1786779656.3238,sample,"[1.63186, -1.27745, 1.89207, -2.2671, 4.65654, 0.0]","[-6.50533, -0.04377, 2.15037]",open,
26.15,1786779656.4182,sample,"[1.63186, -1.27745, 1.89207, -2.2671, 4.65654, 0.0]","[-6.50533, -0.04377, 2.15037]",open,
26.25,1786779656.5165,sample,"[1.63186, -1.27745, 1.89207, -2.2671, 4.65654, 0.0]","[-6.50533, -0.04377, 2.15037]",open,
26.35,1786779656.6218,sample,"[1.63187, -1.27745, 1.89207, -2.2671, 4.65654, 0.0]","[-6.50533, -0.04377, 2.15037]",open,
26.45,1786779656.7192,sample,"[1.63187, -1.27745, 1.89207, -2.2671, 4.65654, 0.0]","[-6.50533, -0.04377, 2.15037]",open,
26.55,1786779656.814,sample,"[1.63187, -1.27745, 1.89207, -2.2671, 4.65654, 0.0]","[-6.50533, -0.04377, 2.15037]",open,
26.65,1786779656.9078,sample,"[1.63187, -1.27745, 1.89207, -2.2671, 4.65654, 0.0]","[-6.50533, -0.04377, 2.15037]",open,
26.75,1786779657.0016,sample,"[1.63187, -1.27745, 1.89208, -2.2671, 4.65654, 0.0]","[-6.50533, -0.04377, 2.15037]",open,
26.85,1786779657.0955,sample,"[1.63187, -1.27745, 1.89207, -2.2671, 4.65654, 0.0]","[-6.50533, -0.04377, 2.15037]",open,
26.95,1786779657.191,sample,"[1.63187, -1.27745, 1.89207, -2.2671, 4.65654, 0.0]","[-6.50533, -0.04377, 2.15037]",open,
27.05,1786779657.2873,sample,"[1.63187, -1.27745, 1.89207, -2.2671, 4.65654, 0.0]","[-6.50533, -0.04377, 2.15037]",open,
27.15,1786779657.3847,sample,"[1.63187, -1.27745, 1.89207, -2.2671, 4.65654, 0.0]","[-6.50533, -0.04377, 2.15037]",open,
27.25,1786779657.4765,sample,"[1.63187, -1.27745, 1.89207, -2.2671, 4.65654, 0.0]","[-6.50533, -0.04377, 2.15037]",open,
27.35,1786779657.5708,sample,"[1.63187, -1.27745, 1.89207, -2.2671, 4.65654, 0.0]","[-6.50533, -0.04377, 2.15037]",open,
27.45,1786779657.6612,sample,"[1.63187, -1.27745, 1.89207, -2.2671, 4.65654, 0.0]","[-6.50533, -0.04377, 2.15037]",open,
27.55,1786779657.7534,sample,"[1.63186, -1.27745, 1.89207, -2.2671, 4.65654, 0.0]","[-6.50533, -0.04377, 2.15037]",open,
27.65,1786779657.8498,sample,"[1.63186, -1.27745, 1.89207, -2.2671, 4.65654, 0.0]","[-6.50533, -0.04377, 2.15037]",open,
27.75,1786779657.9432,sample,"[1.63186, -1.27745, 1.89207, -2.2671, 4.65654, 0.0]","[-6.50533, -0.04377, 2.15037]",open,
27.85,1786779658.0388,sample,"[1.63187, -1.27745, 1.89207, -2.2671, 4.65654, 0.0]","[-6.50533, -0.04377, 2.15037]",open,
27.95,1786779658.1332,sample,"[1.63186, -1.27745, 1.89208, -2.2671, 4.65654, 0.0]","[-6.50533, -0.04377, 2.15037]",open,
28.05,1786779658.2255,sample,"[1.63187, -1.27745, 1.89207, -2.2671, 4.65654, 0.0]","[-6.50533, -0.04377, 2.15037]",open,
28.15,1786779658.3203,sample,"[1.63187, -1.27745, 1.89207, -2.2671, 4.65654, 0.0]","[-6.50533, -0.04377, 2.15037]",open,
28.25,1786779658.4207,sample,"[1.63187, -1.27745, 1.89207, -2.2671, 4.65654, 0.0]","[-6.50533, -0.04377, 2.15037]",open,
28.35,1786779658.5202,sample,"[1.63187, -1.27745, 1.89208, -2.2671, 4.65654, 0.0]","[-6.50533, -0.04377, 2.15037]",open,
28.45,1786779658.6124,sample,"[1.63187, -1.27745, 1.89208, -2.2671, 4.65654, 0.0]","[-6.50533, -0.04377, 2.15037]",open,
28.55,1786779658.7067,sample,"[1.63187, -1.27745, 1.89207, -2.2671, 4.65654, 0.0]","[-6.50533, -0.04377, 2.15037]",open,
28.65,1786779658.8016,sample,"[1.63187, -1.27745, 1.89207, -2.2671, 4.65654, 0.0]","[-6.50533, -0.04377, 2.15037]",open,
28.75,1786779658.8958,sample,"[1.63187, -1.27745, 1.89207, -2.2671, 4.65654, 0.0]","[-6.50534, -0.04377, 2.15037]",open,
28.85,1786779658.9882,sample,"[1.63187, -1.27745, 1.89207, -2.2671, 4.65654, 0.0]","[-6.50534, -0.04377, 2.15037]",open,
28.95,1786779659.0847,sample,"[1.63187, -1.27745, 1.89208, -2.2671, 4.65654, 0.0]","[-6.50534, -0.04377, 2.15037]",open,
29.05,1786779659.1785,sample,"[1.63187, -1.27745, 1.89207, -2.2671, 4.65654, 0.0]","[-6.50534, -0.04377, 2.15037]",open,
29.15,1786779659.2723,sample,"[1.63187, -1.27745, 1.89207, -2.2671, 4.65654, 0.0]","[-6.50534, -0.04377, 2.15037]",open,
29.25,1786779659.3687,sample,"[1.63187, -1.27745, 1.89207, -2.2671, 4.65654, 0.0]","[-6.50534, -0.04377, 2.15037]",open,
29.35,1786779659.4644,sample,"[1.63187, -1.27745, 1.89207, -2.2671, 4.65654, 0.0]","[-6.50534, -0.04377, 2.15037]",open,
29.45,1786779659.5578,sample,"[1.63187, -1.27745, 1.89207, -2.2671, 4.65654, 0.0]","[-6.50534, -0.04377, 2.15037]",open,
29.55,1786779659.6522,sample,"[1.63188, -1.27745, 1.89207, -2.2671, 4.65654, 0.0]","[-6.50534, -0.04377, 2.15037]",open,
29.65,1786779659.7487,sample,"[1.63187, -1.27745, 1.89207, -2.2671, 4.65654, 0.0]","[-6.50534, -0.04377, 2.15037]",open,
29.75,1786779659.8455,sample,"[1.63187, -1.27745, 1.89207, -2.2671, 4.65654, 0.0]","[-6.50534, -0.04377, 2.15037]",open,
29.85,1786779659.9444,sample,"[1.63187, -1.27745, 1.89208, -2.2671, 4.65654, 0.0]","[-6.50534, -0.04377, 2.15037]",open,
29.95,1786779660.0447,sample,"[1.63187, -1.27745, 1.89208, -2.2671, 4.65654, 0.0]","[-6.50534, -0.04377, 2.15037]",open,
30.05,1786779660.141,sample,"[1.63187, -1.27745, 1.89207, -2.2671, 4.65654, 0.0]","[-6.50534, -0.04377, 2.15037]",open,
30.15,1786779660.2488,sample,"[1.63188, -1.27745, 1.89207, -2.2671, 4.65654, 0.0]","[-6.50534, -0.04377, 2.15037]",open,
30.25,1786779660.3478,sample,"[1.63187, -1.27745, 1.89207, -2.2671, 4.65654, 0.0]","[-6.50534, -0.04377, 2.15037]",open,
30.35,1786779660.4442,sample,"[1.63188, -1.27745, 1.89207, -2.2671, 4.65654, 0.0]","[-6.50534, -0.04377, 2.15037]",open,
30.45,1786779660.5484,sample,"[1.63187, -1.27745, 1.89207, -2.2671, 4.65654, 0.0]","[-6.50534, -0.04377, 2.15037]",open,
30.55,1786779660.6472,sample,"[1.63187, -1.27745, 1.89208, -2.2671, 4.65654, 0.0]","[-6.50534, -0.04377, 2.15037]",open,
30.65,1786779660.7446,sample,"[1.63187, -1.27745, 1.89207, -2.2671, 4.65654, 0.0]","[-6.50534, -0.04377, 2.15037]",open,
30.75,1786779660.847,sample,"[1.63187, -1.27745, 1.89207, -2.2671, 4.65654, 0.0]","[-6.50533, -0.04377, 2.15037]",open,
30.85,1786779660.9409,sample,"[1.63187, -1.27745, 1.89208, -2.2671, 4.65654, 0.0]","[-6.50533, -0.04377, 2.15037]",open,
30.95,1786779661.0428,sample,"[1.63187, -1.27745, 1.89207, -2.2671, 4.65654, 0.0]","[-6.50533, -0.04377, 2.15037]",open,
31.05,1786779661.1392,sample,"[1.63187, -1.27746, 1.89207, -2.2671, 4.65654, 0.0]","[-6.50533, -0.04377, 2.15038]",open,
31.15,1786779661.2345,sample,"[1.63187, -1.27745, 1.89207, -2.2671, 4.65654, 0.0]","[-6.50533, -0.04377, 2.15038]",open,
31.25,1786779661.3309,sample,"[1.63186, -1.27745, 1.89207, -2.2671, 4.65654, 0.0]","[-6.50533, -0.04377, 2.15038]",open,
31.35,1786779661.4288,sample,"[1.63187, -1.27745, 1.89207, -2.2671, 4.65654, 0.0]","[-6.50533, -0.04377, 2.15037]",open,
31.45,1786779661.5287,sample,"[1.63187, -1.27745, 1.89207, -2.2671, 4.65654, 0.0]","[-6.50533, -0.04377, 2.15038]",open,
31.55,1786779661.6341,sample,"[1.63187, -1.27745, 1.89207, -2.2671, 4.65654, 0.0]","[-6.50533, -0.04377, 2.15037]",open,
31.65,1786779661.7305,sample,"[1.63187, -1.27745, 1.89207, -2.2671, 4.65654, 0.0]","[-6.50533, -0.04377, 2.15038]",open,
31.75,1786779661.8298,sample,"[1.63187, -1.27746, 1.89207, -2.2671, 4.65654, 0.0]","[-6.50533, -0.04377, 2.15038]",open,
31.85,1786779661.9271,sample,"[1.63187, -1.27745, 1.89207, -2.2671, 4.65654, 0.0]","[-6.50533, -0.04377, 2.15038]",open,
31.95,1786779662.0241,sample,"[1.63187, -1.27745, 1.89207, -2.2671, 4.65654, 0.0]","[-6.50533, -0.04377, 2.15038]",open,
32.05,1786779662.1198,sample,"[1.63187, -1.27745, 1.89207, -2.2671, 4.65654, 0.0]","[-6.50533, -0.04377, 2.15037]",open,
32.15,1786779662.2187,sample,"[1.63186, -1.27745, 1.89207, -2.2671, 4.65654, 0.0]","[-6.50533, -0.04377, 2.15038]",open,
32.25,1786779662.3165,sample,"[1.63186, -1.27745, 1.89207, -2.2671, 4.65654, 0.0]","[-6.50533, -0.04377, 2.15037]",open,
32.35,1786779662.4138,sample,"[1.63187, -1.27745, 1.89207, -2.2671, 4.65654, 0.0]","[-6.50533, -0.04377, 2.15037]",open,
32.45,1786779662.5083,sample,"[1.63187, -1.27745, 1.89207, -2.2671, 4.65654, 0.0]","[-6.50533, -0.04377, 2.15037]",open,
32.55,1786779662.6102,sample,"[1.63187, -1.27745, 1.89207, -2.2671, 4.65654, 0.0]","[-6.50533, -0.04377, 2.15037]",open,
32.65,1786779662.7039,sample,"[1.63186, -1.27745, 1.89207, -2.2671, 4.65654, 0.0]","[-6.50533, -0.04377, 2.15037]",open,
32.75,1786779662.8003,sample,"[1.63187, -1.27745, 1.89207, -2.2671, 4.65654, 0.0]","[-6.50533, -0.04377, 2.15037]",open,
32.85,1786779662.9136,sample,"[1.63187, -1.27745, 1.89207, -2.2671, 4.65654, 0.0]","[-6.50533, -0.04377, 2.15037]",open,
32.95,1786779663.0182,sample,"[1.63186, -1.27745, 1.89207, -2.2671, 4.65654, 0.0]","[-6.50533, -0.04377, 2.15037]",open,
33.05,1786779663.1172,sample,"[1.63186, -1.27745, 1.89207, -2.2671, 4.65654, 0.0]","[-6.50533, -0.04377, 2.15037]",open,
33.15,1786779663.2156,sample,"[1.63186, -1.27745, 1.89207, -2.2671, 4.65654, 0.0]","[-6.50533, -0.04377, 2.15037]",open,
33.25,1786779663.3139,sample,"[1.63186, -1.27745, 1.89207, -2.2671, 4.65654, 0.0]","[-6.50533, -0.04377, 2.15037]",open,
33.35,1786779663.4158,sample,"[1.63187, -1.27745, 1.89207, -2.2671, 4.65654, 0.0]","[-6.50533, -0.04377, 2.15037]",open,
33.45,1786779663.5147,sample,"[1.63186, -1.27745, 1.89207, -2.2671, 4.65654, 0.0]","[-6.50533, -0.04377, 2.15038]",open,
33.55,1786779663.6119,sample,"[1.63186, -1.27745, 1.89207, -2.2671, 4.65654, 0.0]","[-6.50533, -0.04377, 2.15037]",open,
33.65,1786779663.7077,sample,"[1.63186, -1.27745, 1.89207, -2.2671, 4.65654, 0.0]","[-6.50533, -0.04377, 2.15037]",open,
33.75,1786779663.8055,sample,"[1.63186, -1.27745, 1.89207, -2.2671, 4.65654, 0.0]","[-6.50533, -0.04377, 2.15037]",open,
33.85,1786779663.9003,sample,"[1.63186, -1.27745, 1.89207, -2.2671, 4.65654, 0.0]","[-6.50533, -0.04377, 2.15037]",open,
33.95,1786779663.9966,sample,"[1.63187, -1.27745, 1.89207, -2.2671, 4.65654, 0.0]","[-6.50533, -0.04377, 2.15037]",open,
34.05,1786779664.0928,sample,"[1.63187, -1.27745, 1.89207, -2.2671, 4.65654, 0.0]","[-6.50533, -0.04377, 2.15037]",open,
34.15,1786779664.1907,sample,"[1.63186, -1.27745, 1.89207, -2.2671, 4.65654, 0.0]","[-6.50533, -0.04377, 2.15037]",open,
34.25,1786779664.2874,sample,"[1.63186, -1.27745, 1.89207, -2.2671, 4.65654, 0.0]","[-6.50533, -0.04377, 2.15037]",open,
34.35,1786779664.3888,sample,"[1.63186, -1.27745, 1.89207, -2.2671, 4.65654, 0.0]","[-6.50533, -0.04377, 2.15037]",open,
34.45,1786779664.4857,sample,"[1.63186, -1.27745, 1.89207, -2.2671, 4.65654, 0.0]","[-6.50533, -0.04377, 2.15037]",open,
34.55,1786779664.5816,sample,"[1.63186, -1.27745, 1.89207, -2.2671, 4.65654, 0.0]","[-6.50533, -0.04377, 2.15037]",open,
34.65,1786779664.6774,sample,"[1.63186, -1.27745, 1.89207, -2.2671, 4.65654, 0.0]","[-6.50533, -0.04377, 2.15037]",open,
34.75,1786779664.7777,sample,"[1.63186, -1.27745, 1.89207, -2.2671, 4.65654, 0.0]","[-6.50533, -0.04377, 2.15037]",open,
34.85,1786779664.871,sample,"[1.63187, -1.27745, 1.89207, -2.2671, 4.65654, 0.0]","[-6.50533, -0.04377, 2.15037]",open,
34.95,1786779664.9709,sample,"[1.63186, -1.27745, 1.89207, -2.2671, 4.65654, 0.0]","[-6.50533, -0.04377, 2.15037]",open,
35.05,1786779665.0704,sample,"[1.63186, -1.27745, 1.89207, -2.2671, 4.65654, 0.0]","[-6.50533, -0.04377, 2.15037]",open,
35.15,1786779665.1657,sample,"[1.63187, -1.27745, 1.89207, -2.2671, 4.65654, 0.0]","[-6.50533, -0.04377, 2.15037]",open,
35.25,1786779665.2656,sample,"[1.63187, -1.27745, 1.89207, -2.2671, 4.65654, 0.0]","[-6.50533, -0.04377, 2.15037]",open,
35.35,1786779665.3634,sample,"[1.63187, -1.27745, 1.89207, -2.2671, 4.65654, 0.0]","[-6.50533, -0.04377, 2.15037]",open,
35.45,1786779665.4668,sample,"[1.63187, -1.27745, 1.89207, -2.2671, 4.65654, 0.0]","[-6.50533, -0.04377, 2.15037]",open,
35.55,1786779665.5688,sample,"[1.63186, -1.27745, 1.89207, -2.2671, 4.65654, 0.0]","[-6.50533, -0.04377, 2.15037]",open,
35.65,1786779665.6676,sample,"[1.63186, -1.27745, 1.89207, -2.2671, 4.65654, 0.0]","[-6.50533, -0.04377, 2.15037]",open,
35.75,1786779665.7678,sample,"[1.63186, -1.27745, 1.89207, -2.2671, 4.65654, 0.0]","[-6.50533, -0.04377, 2.15037]",open,
35.85,1786779665.8682,sample,"[1.63186, -1.27745, 1.89207, -2.2671, 4.65654, 0.0]","[-6.50533, -0.04377, 2.15037]",open,
35.95,1786779665.964,sample,"[1.63186, -1.27745, 1.89207, -2.2671, 4.65654, -0.0]","[-6.50533, -0.04377, 2.15037]",open,
36.05,1786779666.0664,sample,"[1.63186, -1.27745, 1.89207, -2.2671, 4.65654, -0.0]","[-6.50533, -0.04377, 2.15037]",open,
36.15,1786779666.1638,sample,"[1.63186, -1.27745, 1.89207, -2.2671, 4.65654, -0.0]","[-6.50533, -0.04377, 2.15037]",open,
36.25,1786779666.2586,sample,"[1.63187, -1.27745, 1.89207, -2.2671, 4.65654, 0.0]","[-6.50533, -0.04377, 2.15038]",open,
36.35,1786779666.3573,sample,"[1.63186, -1.27745, 1.89207, -2.2671, 4.65654, 0.0]","[-6.50533, -0.04377, 2.15037]",open,
36.45,1786779666.4542,sample,"[1.63186, -1.27745, 1.89207, -2.2671, 4.65654, -0.0]","[-6.50533, -0.04377, 2.15037]",open,
36.55,1786779666.5495,sample,"[1.63186, -1.27746, 1.89206, -2.2671, 4.65654, -0.0]","[-6.50533, -0.04376, 2.15038]",open,
36.65,1786779666.6443,sample,"[1.63186, -1.27746, 1.89207, -2.2671, 4.65654, -0.0]","[-6.50533, -0.04377, 2.15038]",open,
36.75,1786779666.7437,sample,"[1.63186, -1.27746, 1.89207, -2.2671, 4.65654, -0.0]","[-6.50533, -0.04377, 2.15038]",open,
36.85,1786779666.8515,sample,"[1.63186, -1.27745, 1.89207, -2.2671, 4.65654, -0.0]","[-6.50533, -0.04377, 2.15038]",open,
36.95,1786779666.9524,sample,"[1.63187, -1.27746, 1.89206, -2.2671, 4.65654, -0.0]","[-6.50533, -0.04377, 2.15038]",open,
37.05,1786779667.0533,sample,"[1.63187, -1.27746, 1.89206, -2.2671, 4.65654, 0.0]","[-6.50533, -0.04377, 2.15038]",open,
37.15,1786779667.1481,sample,"[1.63186, -1.27746, 1.89206, -2.2671, 4.65654, -0.0]","[-6.50533, -0.04376, 2.15038]",open,
37.25,1786779667.2423,sample,"[1.63186, -1.27746, 1.89207, -2.2671, 4.65654, -0.0]","[-6.50533, -0.04377, 2.15038]",open,
37.35,1786779667.3413,sample,"[1.63186, -1.27746, 1.89206, -2.2671, 4.65654, -0.0]","[-6.50533, -0.04377, 2.15038]",open,
37.45,1786779667.4383,sample,"[1.63186, -1.27746, 1.89206, -2.2671, 4.65654, 0.0]","[-6.50533, -0.04376, 2.15038]",open,
37.55,1786779667.5381,sample,"[1.63186, -1.27746, 1.89206, -2.2671, 4.65654, -0.0]","[-6.50532, -0.04376, 2.15038]",open,
37.65,1786779667.6375,sample,"[1.63186, -1.27745, 1.89206, -2.2671, 4.65654, -0.0]","[-6.50533, -0.04376, 2.15038]",open,
37.75,1786779667.7313,sample,"[1.63186, -1.27746, 1.89206, -2.2671, 4.65654, -0.0]","[-6.50533, -0.04376, 2.15038]",open,
37.85,1786779667.8286,sample,"[1.63186, -1.27746, 1.89207, -2.2671, 4.65654, -0.0]","[-6.50533, -0.04377, 2.15038]",open,
37.95,1786779667.9227,sample,"[1.63186, -1.27746, 1.89207, -2.2671, 4.65654, -0.0]","[-6.50533, -0.04377, 2.15038]",open,
38.05,1786779668.0181,sample,"[1.63186, -1.27746, 1.89207, -2.2671, 4.65654, -0.0]","[-6.50533, -0.04377, 2.15038]",open,
38.15,1786779668.1148,sample,"[1.63186, -1.27746, 1.89207, -2.2671, 4.65654, -0.0]","[-6.50533, -0.04377, 2.15038]",open,
38.25,1786779668.2127,sample,"[1.63187, -1.27745, 1.89207, -2.2671, 4.65654, -0.0]","[-6.50533, -0.04377, 2.15038]",open,
38.35,1786779668.309,sample,"[1.63187, -1.27746, 1.89207, -2.2671, 4.65654, -0.0]","[-6.50533, -0.04377, 2.15038]",open,
38.45,1786779668.4053,sample,"[1.63186, -1.27746, 1.89207, -2.2671, 4.65654, -0.0]","[-6.50533, -0.04377, 2.15038]",open,
38.55,1786779668.5017,sample,"[1.63186, -1.27746, 1.89207, -2.2671, 4.65654, -0.0]","[-6.50533, -0.04377, 2.15038]",open,
38.65,1786779668.5967,sample,"[1.63186, -1.27746, 1.89207, -2.2671, 4.65654, -0.0]","[-6.50533, -0.04377, 2.15038]",open,
38.75,1786779668.6931,sample,"[1.63186, -1.27746, 1.89207, -2.2671, 4.65654, -0.0]","[-6.50533, -0.04377, 2.15038]",open,
38.85,1786779668.7909,sample,"[1.63186, -1.27746, 1.89207, -2.2671, 4.65654, -0.0]","[-6.50533, -0.04377, 2.15037]",open,
38.95,1786779668.8888,sample,"[1.63187, -1.27745, 1.89207, -2.2671, 4.65654, -0.0]","[-6.50533, -0.04377, 2.15037]",open,
39.05,1786779668.9897,sample,"[1.63186, -1.27746, 1.89207, -2.2671, 4.65654, -0.0]","[-6.50533, -0.04377, 2.15038]",open,
39.15,1786779669.0856,sample,"[1.63187, -1.27746, 1.89207, -2.2671, 4.65654, -0.0]","[-6.50533, -0.04377, 2.15038]",open,
39.25,1786779669.1815,sample,"[1.63186, -1.27746, 1.89206, -2.2671, 4.65654, -0.0]","[-6.50533, -0.04377, 2.15038]",open,
39.35,1786779669.279,sample,"[1.63186, -1.27746, 1.89207, -2.2671, 4.65654, -0.0]","[-6.50533, -0.04377, 2.15038]",open,
39.45,1786779669.3758,sample,"[1.63186, -1.27746, 1.89207, -2.2671, 4.65654, -0.0]","[-6.50533, -0.04377, 2.15038]",open,
39.55,1786779669.4747,sample,"[1.63186, -1.27746, 1.89207, -2.2671, 4.65654, -0.0]","[-6.50533, -0.04377, 2.15038]",open,
39.65,1786779669.5748,sample,"[1.63186, -1.27746, 1.89206, -2.2671, 4.65654, -0.0]","[-6.50533, -0.04376, 2.15038]",open,
39.75,1786779669.6742,sample,"[1.63186, -1.27746, 1.89206, -2.2671, 4.65654, -0.0]","[-6.50533, -0.04376, 2.15038]",open,
39.85,1786779669.7708,sample,"[1.63186, -1.27746, 1.89206, -2.2671, 4.65654, -0.0]","[-6.50533, -0.04376, 2.15038]",open,
39.95,1786779669.8712,sample,"[1.63185, -1.27746, 1.89206, -2.2671, 4.65654, -0.0]","[-6.50532, -0.04376, 2.15038]",open,
40.05,1786779669.9721,sample,"[1.63185, -1.27746, 1.89205, -2.26709, 4.65654, -0.0]","[-6.50532, -0.04376, 2.15039]",open,
40.15,1786779670.0703,sample,"[1.63185, -1.27746, 1.89205, -2.26709, 4.65654, -0.0]","[-6.50532, -0.04376, 2.15039]",open,
40.25,1786779670.1666,sample,"[1.63185, -1.27746, 1.89205, -2.26709, 4.65654, -0.0]","[-6.50532, -0.04376, 2.15039]",open,
40.35,1786779670.2613,sample,"[1.63185, -1.27746, 1.89205, -2.26709, 4.65654, -0.0]","[-6.50532, -0.04376, 2.15039]",open,
40.45,1786779670.3556,sample,"[1.63186, -1.27746, 1.89205, -2.26709, 4.65654, -0.0]","[-6.50532, -0.04376, 2.15039]",open,
40.55,1786779670.4515,sample,"[1.63186, -1.27746, 1.89205, -2.26709, 4.65654, -0.0]","[-6.50532, -0.04376, 2.15039]",open,
40.65,1786779670.5473,sample,"[1.63185, -1.27746, 1.89205, -2.26709, 4.65654, -0.0]","[-6.50532, -0.04376, 2.15039]",open,
40.75,1786779670.6413,sample,"[1.63185, -1.27746, 1.89206, -2.26709, 4.65654, -0.0]","[-6.50532, -0.04376, 2.15039]",open,
40.85,1786779670.7355,sample,"[1.63185, -1.27746, 1.89205, -2.26709, 4.65654, -0.0]","[-6.50532, -0.04376, 2.15039]",open,
40.95,1786779670.8353,sample,"[1.63185, -1.27746, 1.89205, -2.26709, 4.65654, -0.0]","[-6.50532, -0.04376, 2.15039]",open,
41.05,1786779670.9372,sample,"[1.63185, -1.27746, 1.89205, -2.26709, 4.65654, -0.0]","[-6.50532, -0.04376, 2.15039]",open,
41.15,1786779671.0398,sample,"[1.63185, -1.27746, 1.89205, -2.26709, 4.65654, -0.0]","[-6.50532, -0.04376, 2.15039]",open,
41.25,1786779671.1347,sample,"[1.63185, -1.27746, 1.89205, -2.26709, 4.65654, -0.0]","[-6.50532, -0.04376, 2.15039]",open,
41.35,1786779671.2331,sample,"[1.63185, -1.27746, 1.89205, -2.26709, 4.65654, -0.0]","[-6.50532, -0.04376, 2.15039]",open,
41.45,1786779671.3344,sample,"[1.63185, -1.27746, 1.89205, -2.26709, 4.65654, -0.0]","[-6.50532, -0.04376, 2.15039]",open,
41.55,1786779671.4298,sample,"[1.63185, -1.27746, 1.89205, -2.26709, 4.65654, -0.0]","[-6.50532, -0.04376, 2.15039]",open,
41.65,1786779671.5248,sample,"[1.63185, -1.27746, 1.89205, -2.26709, 4.65654, -0.0]","[-6.50532, -0.04376, 2.15039]",open,
41.75,1786779671.6242,sample,"[1.63185, -1.27746, 1.89205, -2.26709, 4.65654, -0.0]","[-6.50532, -0.04376, 2.15039]",open,
41.85,1786779671.7211,sample,"[1.63185, -1.27746, 1.89205, -2.26709, 4.65654, -0.0]","[-6.50532, -0.04376, 2.15039]",open,
41.95,1786779671.8219,sample,"[1.63185, -1.27746, 1.89205, -2.26709, 4.65654, -0.0]","[-6.50532, -0.04376, 2.15039]",open,
42.05,1786779671.9322,sample,"[1.63185, -1.27746, 1.89205, -2.26709, 4.65654, -0.0]","[-6.50532, -0.04376, 2.15039]",open,
42.15,1786779672.0372,sample,"[1.63185, -1.27746, 1.89205, -2.26709, 4.65654, -0.0]","[-6.50532, -0.04376, 2.15039]",open,
42.25,1786779672.1386,sample,"[1.63185, -1.27746, 1.89205, -2.26709, 4.65654, -0.0]","[-6.50532, -0.04376, 2.15039]",open,
42.35,1786779672.2323,sample,"[1.63185, -1.27746, 1.89205, -2.26709, 4.65654, -0.0]","[-6.50532, -0.04376, 2.15039]",open,
42.45,1786779672.3287,sample,"[1.63186, -1.27746, 1.89204, -2.26709, 4.65654, -0.0]","[-6.50532, -0.04376, 2.1504]",open,
42.55,1786779672.4206,sample,"[1.63185, -1.27746, 1.89204, -2.26709, 4.65654, -0.0]","[-6.50532, -0.04376, 2.1504]",open,
42.65,1786779672.5128,sample,"[1.63185, -1.27746, 1.89204, -2.26709, 4.65654, -0.0]","[-6.50532, -0.04376, 2.15039]",open,
42.75,1786779672.6078,sample,"[1.63185, -1.27746, 1.89205, -2.26709, 4.65654, -0.0]","[-6.50532, -0.04376, 2.15039]",open,
42.85,1786779672.7033,sample,"[1.63185, -1.27746, 1.89204, -2.26709, 4.65654, -0.0]","[-6.50532, -0.04376, 2.15039]",open,
42.95,1786779672.7932,sample,"[1.63185, -1.27746, 1.89204, -2.26709, 4.65654, -0.0]","[-6.50532, -0.04376, 2.1504]",open,
43.05,1786779672.8845,sample,"[1.63185, -1.27746, 1.89204, -2.26709, 4.65654, -0.0]","[-6.50532, -0.04376, 2.1504]",open,
43.15,1786779672.9744,sample,"[1.63185, -1.27746, 1.89204, -2.26709, 4.65654, -0.0]","[-6.50532, -0.04376, 2.1504]",open,
43.25,1786779673.0718,sample,"[1.63185, -1.27746, 1.89204, -2.26709, 4.65654, -0.0]","[-6.50532, -0.04376, 2.15039]",open,
43.35,1786779673.1656,sample,"[1.63185, -1.27746, 1.89204, -2.26709, 4.65654, -0.0]","[-6.50532, -0.04376, 2.1504]",open,
43.45,1786779673.2564,sample,"[1.63185, -1.27746, 1.89205, -2.26709, 4.65654, -0.0]","[-6.50532, -0.04376, 2.15039]",open,
43.55,1786779673.3477,sample,"[1.63185, -1.27746, 1.89205, -2.26709, 4.65654, -0.0]","[-6.50532, -0.04376, 2.15039]",open,
43.65,1786779673.4441,sample,"[1.63186, -1.27746, 1.89205, -2.26709, 4.65654, -0.0]","[-6.50532, -0.04376, 2.15039]",open,
43.75,1786779673.5404,sample,"[1.63185, -1.27746, 1.89206, -2.26709, 4.65654, -0.0]","[-6.50532, -0.04376, 2.15038]",open,
43.85,1786779673.6423,sample,"[1.63185, -1.27745, 1.89207, -2.26709, 4.65654, -0.0]","[-6.50532, -0.04377, 2.15037]",open,
43.95,1786779673.7377,sample,"[1.63185, -1.27745, 1.89207, -2.26709, 4.65654, -0.0]","[-6.50532, -0.04376, 2.15037]",open,
44.05,1786779673.8385,sample,"[1.63185, -1.27745, 1.89207, -2.26709, 4.65654, -0.0]","[-6.50532, -0.04377, 2.15037]",open,
44.15,1786779673.9318,sample,"[1.63185, -1.27745, 1.89207, -2.26709, 4.65654, -0.0]","[-6.50532, -0.04376, 2.15037]",open,
44.25,1786779674.0318,sample,"[1.63185, -1.27745, 1.89207, -2.26709, 4.65654, -0.0]","[-6.50532, -0.04376, 2.15037]",open,
44.35,1786779674.1292,sample,"[1.63185, -1.27745, 1.89207, -2.26709, 4.65654, -0.0]","[-6.50532, -0.04377, 2.15037]",open,
44.45,1786779674.2285,sample,"[1.63185, -1.27745, 1.89207, -2.26709, 4.65654, -0.0]","[-6.50532, -0.04377, 2.15037]",open,
44.55,1786779674.3258,sample,"[1.63185, -1.27745, 1.89207, -2.26709, 4.65654, -0.0]","[-6.50532, -0.04377, 2.15037]",open,
44.65,1786779674.4258,sample,"[1.63185, -1.27745, 1.89207, -2.26709, 4.65654, -0.0]","[-6.50532, -0.04376, 2.15037]",open,
44.75,1786779674.5217,sample,"[1.63185, -1.27745, 1.89208, -2.26709, 4.65654, -0.0]","[-6.50532, -0.04377, 2.15037]",open,
44.85,1786779674.6186,sample,"[1.63185, -1.27745, 1.89208, -2.26709, 4.65654, -0.0]","[-6.50532, -0.04377, 2.15037]",open,
44.95,1786779674.7103,sample,"[1.63185, -1.27745, 1.89207, -2.26709, 4.65654, -0.0]","[-6.50532, -0.04377, 2.15037]",open,
45.05,1786779674.8056,sample,"[1.63185, -1.27745, 1.89207, -2.26709, 4.65654, -0.0]","[-6.50532, -0.04377, 2.15037]",open,
45.15,1786779674.9044,sample,"[1.63185, -1.27745, 1.89206, -2.26709, 4.65654, -0.0]","[-6.50532, -0.04376, 2.15038]",open,
45.25,1786779675.0012,sample,"[1.63185, -1.27745, 1.89206, -2.26709, 4.65654, -0.0]","[-6.50532, -0.04376, 2.15038]",open,
45.35,1786779675.0972,sample,"[1.63185, -1.27745, 1.89206, -2.26709, 4.65654, -0.0]","[-6.50532, -0.04376, 2.15038]",open,
45.45,1786779675.1964,sample,"[1.63185, -1.27745, 1.89206, -2.26709, 4.65654, -0.0]","[-6.50532, -0.04376, 2.15038]",open,
45.55,1786779675.2914,sample,"[1.63185, -1.27745, 1.89206, -2.26709, 4.65654, -0.0]","[-6.50532, -0.04376, 2.15037]",open,
45.65,1786779675.3903,sample,"[1.63185, -1.27745, 1.89207, -2.26709, 4.65654, -0.0]","[-6.50532, -0.04376, 2.15037]",open,
45.75,1786779675.4863,sample,"[1.63185, -1.27745, 1.89207, -2.26709, 4.65654, -0.0]","[-6.50532, -0.04376, 2.15037]",open,
45.85,1786779675.5834,sample,"[1.63185, -1.27745, 1.89206, -2.26709, 4.65654, -0.0]","[-6.50532, -0.04376, 2.15038]",open,
45.95,1786779675.6855,sample,"[1.63185, -1.27745, 1.89207, -2.26709, 4.65654, -0.0]","[-6.50532, -0.04377, 2.15037]",open,
46.05,1786779675.7832,sample,"[1.63185, -1.27745, 1.89207, -2.26709, 4.65654, -0.0]","[-6.50532, -0.04377, 2.15037]",open,
46.15,1786779675.8848,sample,"[1.63185, -1.27745, 1.89207, -2.26709, 4.65654, -0.0]","[-6.50532, -0.04376, 2.15037]",open,
46.25,1786779675.9855,sample,"[1.63185, -1.27745, 1.89207, -2.26709, 4.65654, -0.0]","[-6.50532, -0.04377, 2.15037]",open,
46.35,1786779676.0809,sample,"[1.63185, -1.27745, 1.89207, -2.26709, 4.65654, -0.0]","[-6.50532, -0.04377, 2.15037]",open,
46.45,1786779676.174,sample,"[1.63185, -1.27745, 1.89207, -2.26709, 4.65654, -0.0]","[-6.50532, -0.04376, 2.15037]",open,
46.55,1786779676.2734,sample,"[1.63185, -1.27745, 1.89207, -2.26709, 4.65654, -0.0]","[-6.50532, -0.04377, 2.15037]",open,
46.65,1786779676.3708,sample,"[1.63185, -1.27745, 1.89207, -2.26709, 4.65654, -0.0]","[-6.50532, -0.04377, 2.15037]",open,
46.75,1786779676.459,sample,"[1.63185, -1.27745, 1.89207, -2.26709, 4.65654, -0.0]","[-6.50532, -0.04377, 2.15037]",open,
46.85,1786779676.5505,sample,"[1.63185, -1.27745, 1.89207, -2.26709, 4.65654, -0.0]","[-6.50532, -0.04377, 2.15037]",open,
46.95,1786779676.6454,sample,"[1.63185, -1.27745, 1.89207, -2.26709, 4.65654, -0.0]","[-6.50532, -0.04377, 2.15037]",open,
47.05,1786779676.7546,sample,"[1.63185, -1.27745, 1.89207, -2.26709, 4.65654, -0.0]","[-6.50532, -0.04377, 2.15037]",open,
47.15,1786779676.8644,sample,"[1.63185, -1.27745, 1.89207, -2.26709, 4.65654, -0.0]","[-6.50532, -0.04377, 2.15037]",open,
47.25,1786779676.9746,sample,"[1.63185, -1.27745, 1.89207, -2.26709, 4.65654, -0.0]","[-6.50532, -0.04376, 2.15037]",open,
47.35,1786779677.1177,sample,"[1.63185, -1.27745, 1.89207, -2.26709, 4.65654, -0.0]","[-6.50532, -0.04376, 2.15037]",open,
47.45,1786779677.2134,sample,"[1.63185, -1.27745, 1.89207, -2.26709, 4.65654, -0.0]","[-6.50532, -0.04376, 2.15037]",open,
47.55,1786779677.3032,sample,"[1.63185, -1.27745, 1.89207, -2.26709, 4.65654, -0.0]","[-6.50532, -0.04376, 2.15037]",open,
47.65,1786779677.3943,sample,"[1.63185, -1.27745, 1.89207, -2.26709, 4.65654, -0.0]","[-6.50532, -0.04376, 2.15037]",open,
47.75,1786779677.4889,sample,"[1.63185, -1.27745, 1.89207, -2.26709, 4.65654, -0.0]","[-6.50532, -0.04376, 2.15037]",open,
47.85,1786779677.5823,sample,"[1.63185, -1.27745, 1.89207, -2.26709, 4.65654, -0.0]","[-6.50532, -0.04376, 2.15037]",open,
47.95,1786779677.6755,sample,"[1.63185, -1.27745, 1.89206, -2.26709, 4.65654, -0.0]","[-6.50532, -0.04376, 2.15038]",open,
48.05,1786779677.7648,sample,"[1.63185, -1.27745, 1.89207, -2.26709, 4.65654, -0.0]","[-6.50532, -0.04376, 2.15037]",open,
48.15,1786779677.8556,sample,"[1.63185, -1.27745, 1.89207, -2.26709, 4.65654, -0.0]","[-6.50532, -0.04377, 2.15037]",open,
48.25,1786779677.9463,sample,"[1.63185, -1.27745, 1.89207, -2.26709, 4.65654, -0.0]","[-6.50532, -0.04377, 2.15037]",open,
48.35,1786779678.0366,sample,"[1.63185, -1.27745, 1.89207, -2.26709, 4.65654, -0.0]","[-6.50532, -0.04377, 2.15037]",open,
48.45,1786779678.1256,sample,"[1.63185, -1.27745, 1.89207, -2.26709, 4.65654, -0.0]","[-6.50532, -0.04376, 2.15037]",open,
48.55,1786779678.2129,sample,"[1.63185, -1.27745, 1.89207, -2.26709, 4.65654, -0.0]","[-6.50532, -0.04376, 2.15037]",open,
48.65,1786779678.3115,sample,"[1.63185, -1.27745, 1.89207, -2.26709, 4.65654, -0.0]","[-6.50532, -0.04376, 2.15037]",open,
48.75,1786779678.3987,sample,"[1.63185, -1.27745, 1.89207, -2.26709, 4.65654, -0.0]","[-6.50532, -0.04376, 2.15037]",open,
48.85,1786779678.4875,sample,"[1.63185, -1.27745, 1.89206, -2.26709, 4.65654, -0.0]","[-6.50532, -0.04376, 2.15038]",open,
48.95,1786779678.577,sample,"[1.63185, -1.27745, 1.89207, -2.26709, 4.65654, -0.0]","[-6.50532, -0.04376, 2.15037]",open,
49.05,1786779678.6657,sample,"[1.63185, -1.27745, 1.89207, -2.26709, 4.65654, -0.0]","[-6.50532, -0.04376, 2.15038]",open,
49.15,1786779678.7563,sample,"[1.63185, -1.27745, 1.89206, -2.26709, 4.65654, -0.0]","[-6.50532, -0.04376, 2.15038]",open,
49.25,1786779678.8456,sample,"[1.63185, -1.27745, 1.89206, -2.26709, 4.65654, -0.0]","[-6.50532, -0.04376, 2.15038]",open,
49.35,1786779678.9363,sample,"[1.63185, -1.27745, 1.89206, -2.26709, 4.65654, -0.0]","[-6.50532, -0.04376, 2.15038]",open,
49.45,1786779679.0256,sample,"[1.63185, -1.27745, 1.89206, -2.26709, 4.65654, -0.0]","[-6.50532, -0.04376, 2.15038]",open,
49.55,1786779679.1172,sample,"[1.63185, -1.27745, 1.89206, -2.26709, 4.65654, -0.0]","[-6.50532, -0.04376, 2.15038]",open,
49.65,1786779679.2107,sample,"[1.63185, -1.27745, 1.89207, -2.26709, 4.65654, -0.0]","[-6.50532, -0.04376, 2.15037]",open,
49.75,1786779679.299,sample,"[1.63185, -1.27745, 1.89206, -2.26709, 4.65654, -0.0]","[-6.50532, -0.04376, 2.15038]",open,
49.85,1786779679.4015,sample,"[1.63185, -1.27745, 1.89206, -2.26709, 4.65654, -0.0]","[-6.50532, -0.04376, 2.15038]",open,
49.95,1786779679.4933,sample,"[1.63185, -1.27745, 1.89206, -2.26709, 4.65654, -0.0]","[-6.50532, -0.04376, 2.15038]",open,
50.05,1786779679.5835,sample,"[1.63185, -1.27745, 1.89206, -2.26709, 4.65654, -0.0]","[-6.50532, -0.04376, 2.15037]",open,
50.15,1786779679.6704,sample,"[1.63185, -1.27745, 1.89207, -2.26709, 4.65654, -0.0]","[-6.50532, -0.04376, 2.15037]",open,
50.25,1786779679.763,sample,"[1.63185, -1.27745, 1.89207, -2.26709, 4.65654, -0.0]","[-6.50532, -0.04376, 2.15037]",open,
50.35,1786779679.8553,sample,"[1.63185, -1.27745, 1.89207, -2.26709, 4.65654, -0.0]","[-6.50532, -0.04376, 2.15037]",open,
50.45,1786779679.96,sample,"[1.63185, -1.27745, 1.89206, -2.26709, 4.65654, -0.0]","[-6.50532, -0.04376, 2.15038]",open,
50.55,1786779680.0722,sample,"[1.63185, -1.27745, 1.89206, -2.26709, 4.65654, -0.0]","[-6.50532, -0.04376, 2.15038]",open,
50.65,1786779680.1702,sample,"[1.63185, -1.27745, 1.89206, -2.26709, 4.65654, -0.0]","[-6.50532, -0.04376, 2.15038]",open,
50.75,1786779680.2698,sample,"[1.63185, -1.27745, 1.89206, -2.26709, 4.65654, -0.0]","[-6.50532, -0.04376, 2.15038]",open,
50.85,1786779680.3684,sample,"[1.63185, -1.27745, 1.89206, -2.26709, 4.65654, -0.0]","[-6.50532, -0.04376, 2.15038]",open,
50.95,1786779680.4687,sample,"[1.63185, -1.27745, 1.89206, -2.26709, 4.65654, -0.0]","[-6.50532, -0.04376, 2.15038]",open,
51.05,1786779680.5572,sample,"[1.63185, -1.27745, 1.89206, -2.26709, 4.65654, -0.0]","[-6.50532, -0.04376, 2.15038]",open,
51.15,1786779680.6444,sample,"[1.63185, -1.27745, 1.89206, -2.26709, 4.65654, -0.0]","[-6.50532, -0.04376, 2.15038]",open,
51.25,1786779680.7373,sample,"[1.63185, -1.27745, 1.89207, -2.26709, 4.65654, -0.0]","[-6.50532, -0.04376, 2.15037]",open,
51.35,1786779680.8258,sample,"[1.63185, -1.27745, 1.89206, -2.26709, 4.65654, -0.0]","[-6.50532, -0.04376, 2.15037]",open,
51.45,1786779680.9144,sample,"[1.63185, -1.27745, 1.89206, -2.26709, 4.65654, -0.0]","[-6.50532, -0.04376, 2.15037]",open,
51.55,1786779681.0048,sample,"[1.63185, -1.27745, 1.89206, -2.26709, 4.65654, -0.0]","[-6.50532, -0.04376, 2.15038]",open,
51.65,1786779681.0947,sample,"[1.63185, -1.27745, 1.89206, -2.26709, 4.65654, -0.0]","[-6.50532, -0.04376, 2.15038]",open,
51.75,1786779681.1847,sample,"[1.63185, -1.27745, 1.89206, -2.26709, 4.65654, -0.0]","[-6.50532, -0.04376, 2.15038]",open,
51.85,1786779681.2771,sample,"[1.63185, -1.27745, 1.89206, -2.26709, 4.65654, -0.0]","[-6.50532, -0.04376, 2.15038]",open,
51.95,1786779681.3697,sample,"[1.63185, -1.27745, 1.89206, -2.26709, 4.65654, -0.0]","[-6.50532, -0.04376, 2.15038]",open,
52.05,1786779681.4772,sample,"[1.63185, -1.27745, 1.89206, -2.26709, 4.65654, -0.0]","[-6.50532, -0.04376, 2.15038]",open,
52.15,1786779681.5691,sample,"[1.63185, -1.27745, 1.89206, -2.26709, 4.65654, -0.0]","[-6.50532, -0.04376, 2.15038]",open,
52.25,1786779681.6586,sample,"[1.63184, -1.27745, 1.89206, -2.26709, 4.65654, -0.0]","[-6.50532, -0.04376, 2.15038]",open,
52.35,1786779681.7613,sample,"[1.63185, -1.27745, 1.89206, -2.26709, 4.65654, -0.0]","[-6.50532, -0.04376, 2.15037]",open,
52.45,1786779681.8541,sample,"[1.63185, -1.27745, 1.89206, -2.26709, 4.65654, -0.0]","[-6.50532, -0.04376, 2.15038]",open,
52.55,1786779681.9446,sample,"[1.63185, -1.27746, 1.89206, -2.26709, 4.65654, -0.0]","[-6.50532, -0.04376, 2.15038]",open,
52.65,1786779682.0364,sample,"[1.63185, -1.27745, 1.89207, -2.26709, 4.65654, -0.0]","[-6.50532, -0.04376, 2.15037]",open,
52.75,1786779682.1283,sample,"[1.63184, -1.27745, 1.89207, -2.26709, 4.65654, -0.0]","[-6.50532, -0.04376, 2.15037]",open,
52.85,1786779682.2208,sample,"[1.63184, -1.27745, 1.89207, -2.26709, 4.65654, -0.0]","[-6.50531, -0.04376, 2.15037]",open,
52.95,1786779682.3102,sample,"[1.63185, -1.27745, 1.89207, -2.26709, 4.65654, -0.0]","[-6.50532, -0.04376, 2.15037]",open,
53.05,1786779682.4042,sample,"[1.63185, -1.27745, 1.89206, -2.26709, 4.65654, -0.0]","[-6.50532, -0.04376, 2.15038]",open,
53.15,1786779682.4983,sample,"[1.63185, -1.27745, 1.89206, -2.26709, 4.65654, -0.0]","[-6.50532, -0.04376, 2.15037]",open,
53.25,1786779682.6055,sample,"[1.63185, -1.27745, 1.89207, -2.26709, 4.65654, -0.0]","[-6.50532, -0.04376, 2.15037]",open,
53.35,1786779682.7003,sample,"[1.63185, -1.27746, 1.89206, -2.26709, 4.65654, -0.0]","[-6.50532, -0.04376, 2.15038]",open,
53.45,1786779682.7899,sample,"[1.63184, -1.27745, 1.89206, -2.26709, 4.65654, -0.0]","[-6.50532, -0.04376, 2.15038]",open,
53.55,1786779682.8823,sample,"[1.63184, -1.27745, 1.89206, -2.26709, 4.65654, -0.0]","[-6.50531, -0.04376, 2.15037]",open,
53.65,1786779682.9763,sample,"[1.63184, -1.27745, 1.89206, -2.26709, 4.65654, -0.0]","[-6.50531, -0.04376, 2.15037]",open,
53.75,1786779683.0662,sample,"[1.63185, -1.27745, 1.89207, -2.26709, 4.65654, -0.0]","[-6.50532, -0.04376, 2.15037]",open,
53.85,1786779683.1591,sample,"[1.63185, -1.27745, 1.89207, -2.26709, 4.65654, -0.0]","[-6.50532, -0.04376, 2.15037]",open,
53.95,1786779683.2516,sample,"[1.63185, -1.27745, 1.89206, -2.26709, 4.65654, -0.0]","[-6.50532, -0.04376, 2.15038]",open,
54.05,1786779683.347,sample,"[1.63185, -1.27745, 1.89207, -2.26709, 4.65654, -0.0]","[-6.50532, -0.04376, 2.15037]",open,
54.15,1786779683.4383,sample,"[1.63185, -1.27745, 1.89207, -2.26709, 4.65654, -0.0]","[-6.50532, -0.04376, 2.15037]",open,
54.25,1786779683.5317,sample,"[1.63185, -1.27745, 1.89206, -2.26709, 4.65654, -0.0]","[-6.50532, -0.04376, 2.15038]",open,
54.35,1786779683.6372,sample,"[1.63185, -1.27745, 1.89207, -2.26709, 4.65654, -0.0]","[-6.50532, -0.04376, 2.15037]",open,
54.45,1786779683.7291,sample,"[1.63185, -1.27745, 1.89207, -2.26709, 4.65654, -0.0]","[-6.50532, -0.04376, 2.15038]",open,
54.55,1786779683.8223,sample,"[1.63184, -1.27745, 1.89207, -2.26709, 4.65654, -0.0]","[-6.50532, -0.04376, 2.15037]",open,
54.65,1786779683.9179,sample,"[1.63185, -1.27745, 1.89207, -2.26709, 4.65654, -0.0]","[-6.50532, -0.04376, 2.15037]",open,
54.75,1786779684.0085,sample,"[1.63185, -1.27746, 1.89206, -2.26709, 4.65654, -0.0]","[-6.50532, -0.04376, 2.15038]",open,
54.85,1786779684.1018,sample,"[1.63185, -1.27745, 1.89207, -2.26709, 4.65654, -0.0]","[-6.50532, -0.04376, 2.15037]",open,
54.95,1786779684.1945,sample,"[1.63185, -1.27745, 1.89207, -2.26709, 4.65654, -0.0]","[-6.50532, -0.04376, 2.15037]",open,
55.05,1786779684.2838,sample,"[1.63184, -1.27745, 1.89207, -2.26709, 4.65654, -0.0]","[-6.50531, -0.04376, 2.15037]",open,
55.15,1786779684.3764,sample,"[1.63184, -1.27745, 1.89207, -2.26709, 4.65654, -0.0]","[-6.50531, -0.04377, 2.15037]",open,
55.25,1786779684.4704,sample,"[1.63185, -1.27745, 1.89207, -2.26709, 4.65654, -0.0]","[-6.50532, -0.04376, 2.15037]",open,
55.35,1786779684.5648,sample,"[1.63184, -1.27745, 1.89207, -2.26709, 4.65654, -0.0]","[-6.50531, -0.04376, 2.15037]",open,
55.45,1786779684.6706,sample,"[1.63184, -1.27745, 1.89207, -2.26709, 4.65654, -0.0]","[-6.50532, -0.04376, 2.15037]",open,
55.55,1786779684.7635,sample,"[1.63184, -1.27745, 1.89207, -2.26709, 4.65654, -0.0]","[-6.50531, -0.04376, 2.15037]",open,
55.65,1786779684.8626,sample,"[1.63184, -1.27745, 1.89207, -2.26709, 4.65654, -0.0]","[-6.50531, -0.04376, 2.15037]",open,
55.75,1786779684.9571,sample,"[1.63184, -1.27745, 1.89207, -2.26709, 4.65654, -0.0]","[-6.50531, -0.04376, 2.15037]",open,
55.85,1786779685.0528,sample,"[1.63184, -1.27745, 1.89207, -2.26709, 4.65654, -0.0]","[-6.50531, -0.04376, 2.15037]",open,
55.95,1786779685.1464,sample,"[1.63184, -1.27745, 1.89207, -2.26709, 4.65654, -0.0]","[-6.50531, -0.04376, 2.15037]",open,
56.05,1786779685.2413,sample,"[1.63184, -1.27745, 1.89207, -2.26709, 4.65654, -0.0]","[-6.50531, -0.04376, 2.15037]",open,
56.15,1786779685.3339,sample,"[1.63184, -1.27745, 1.89207, -2.26709, 4.65654, -0.0]","[-6.50532, -0.04376, 2.15037]",open,
56.25,1786779685.4313,sample,"[1.63185, -1.27745, 1.89207, -2.26709, 4.65654, -0.0]","[-6.50532, -0.04376, 2.15037]",open,
56.35,1786779685.5264,sample,"[1.63184, -1.27745, 1.89207, -2.26709, 4.65654, -0.0]","[-6.50532, -0.04376, 2.15037]",open,
56.45,1786779685.6228,sample,"[1.63184, -1.27745, 1.89207, -2.26709, 4.65654, -0.0]","[-6.50531, -0.04376, 2.15037]",open,
56.55,1786779685.7343,sample,"[1.63184, -1.27745, 1.89207, -2.26709, 4.65654, -0.0]","[-6.50531, -0.04376, 2.15037]",open,
56.65,1786779685.8243,sample,"[1.63184, -1.27745, 1.89207, -2.26709, 4.65654, -0.0]","[-6.50532, -0.04376, 2.15037]",open,
56.75,1786779685.9229,sample,"[1.63184, -1.27745, 1.89207, -2.26709, 4.65654, -0.0]","[-6.50531, -0.04376, 2.15037]",open,
56.85,1786779686.0223,sample,"[1.63184, -1.27745, 1.89207, -2.26709, 4.65654, -0.0]","[-6.50531, -0.04376, 2.15037]",open,
56.95,1786779686.1169,sample,"[1.63184, -1.27745, 1.89207, -2.26709, 4.65654, -0.0]","[-6.50531, -0.04376, 2.15037]",open,
57.05,1786779686.208,sample,"[1.63184, -1.27745, 1.89207, -2.26709, 4.65654, -0.0]","[-6.50531, -0.04376, 2.15037]",open,
57.15,1786779686.3017,sample,"[1.63184, -1.27745, 1.89207, -2.26709, 4.65654, -0.0]","[-6.50531, -0.04376, 2.15037]",open,
57.25,1786779686.3958,sample,"[1.63184, -1.27745, 1.89207, -2.26709, 4.65654, -0.0]","[-6.50531, -0.04376, 2.15037]",open,
57.35,1786779686.4884,sample,"[1.63184, -1.27745, 1.89207, -2.26709, 4.65654, -0.0]","[-6.50531, -0.04376, 2.15037]",open,
57.45,1786779686.5818,sample,"[1.63184, -1.27745, 1.89207, -2.26709, 4.65654, 0.0]","[-6.50531, -0.04376, 2.15037]",open,
57.55,1786779686.6773,sample,"[1.63184, -1.27745, 1.89207, -2.26709, 4.65654, 0.0]","[-6.50531, -0.04376, 2.15037]",open,
57.65,1786779686.7746,sample,"[1.63184, -1.27745, 1.89207, -2.26709, 4.65654, 0.0]","[-6.50531, -0.04376, 2.15037]",open,
57.75,1786779686.8678,sample,"[1.63184, -1.27745, 1.89207, -2.26709, 4.65654, -0.0]","[-6.50531, -0.04376, 2.15037]",open,
57.85,1786779686.9602,sample,"[1.63184, -1.27745, 1.89207, -2.26709, 4.65654, -0.0]","[-6.50531, -0.04376, 2.15037]",open,
57.95,1786779687.0539,sample,"[1.63184, -1.27745, 1.89207, -2.26709, 4.65654, -0.0]","[-6.50531, -0.04376, 2.15037]",open,
58.05,1786779687.1468,sample,"[1.63184, -1.27745, 1.89207, -2.26709, 4.65654, -0.0]","[-6.50531, -0.04376, 2.15037]",open,
58.15,1786779687.2447,sample,"[1.63184, -1.27745, 1.89207, -2.26709, 4.65654, -0.0]","[-6.50531, -0.04376, 2.15037]",open,
58.25,1786779687.3442,sample,"[1.63184, -1.27745, 1.89207, -2.26709, 4.65654, -0.0]","[-6.50531, -0.04376, 2.15037]",open,
58.35,1786779687.4371,sample,"[1.63184, -1.27745, 1.89207, -2.26709, 4.65654, -0.0]","[-6.50531, -0.04376, 2.15037]",open,
58.45,1786779687.5268,sample,"[1.63184, -1.27745, 1.89207, -2.26709, 4.65654, -0.0]","[-6.50531, -0.04376, 2.15037]",open,
58.55,1786779687.6193,sample,"[1.63184, -1.27745, 1.89207, -2.26709, 4.65654, -0.0]","[-6.50531, -0.04376, 2.15037]",open,
58.65,1786779687.7092,sample,"[1.63184, -1.27745, 1.89207, -2.26709, 4.65654, -0.0]","[-6.50531, -0.04376, 2.15037]",open,
58.75,1786779687.8263,sample,"[1.63184, -1.27745, 1.89207, -2.26709, 4.65654, -0.0]","[-6.50531, -0.04376, 2.15037]",open,
58.85,1786779687.9147,sample,"[1.63184, -1.27745, 1.89207, -2.26709, 4.65654, -0.0]","[-6.50531, -0.04376, 2.15037]",open,
58.95,1786779688.0039,sample,"[1.63184, -1.27745, 1.89207, -2.26709, 4.65654, -0.0]","[-6.50531, -0.04376, 2.15037]",open,
59.05,1786779688.0973,sample,"[1.63184, -1.27745, 1.89207, -2.26709, 4.65654, -0.0]","[-6.50531, -0.04376, 2.15037]",open,
59.15,1786779688.1857,sample,"[1.63184, -1.27745, 1.89207, -2.26709, 4.65654, -0.0]","[-6.50531, -0.04376, 2.15037]",open,
59.25,1786779688.2756,sample,"[1.63184, -1.27745, 1.89207, -2.26709, 4.65654, -0.0]","[-6.50531, -0.04376, 2.15037]",open,
59.35,1786779688.3624,sample,"[1.63184, -1.27745, 1.89207, -2.26709, 4.65654, -0.0]","[-6.50531, -0.04376, 2.15037]",open,
59.45,1786779688.4523,sample,"[1.63184, -1.27745, 1.89207, -2.26709, 4.65654, -0.0]","[-6.50531, -0.04376, 2.15037]",open,
59.55,1786779688.5442,sample,"[1.63184, -1.27745, 1.89207, -2.26709, 4.65654, -0.0]","[-6.50531, -0.04376, 2.15037]",open,
59.65,1786779688.634,sample,"[1.63184, -1.27745, 1.89207, -2.26709, 4.65654, -0.0]","[-6.50531, -0.04376, 2.15037]",open,
59.75,1786779688.721,sample,"[1.63184, -1.27745, 1.89207, -2.26709, 4.65654, -0.0]","[-6.50531, -0.04376, 2.15037]",open,
59.85,1786779688.8103,sample,"[1.63184, -1.27745, 1.89207, -2.26709, 4.65654, -0.0]","[-6.50531, -0.04376, 2.15037]",open,
59.95,1786779688.9011,sample,"[1.63184, -1.27745, 1.89207, -2.26709, 4.65654, -0.0]","[-6.50531, -0.04376, 2.15037]",open,
60.05,1786779688.988,sample,"[1.63184, -1.27745, 1.89207, -2.26709, 4.65654, -0.0]","[-6.50531, -0.04376, 2.15037]",open,
60.15,1786779689.0778,sample,"[1.63184, -1.27745, 1.89207, -2.26709, 4.65654, -0.0]","[-6.50531, -0.04376, 2.15037]",open,
60.25,1786779689.1692,sample,"[1.63184, -1.27745, 1.89207, -2.26709, 4.65654, -0.0]","[-6.50531, -0.04376, 2.15037]",open,
60.35,1786779689.2535,sample,"[1.63184, -1.27745, 1.89207, -2.26709, 4.65654, -0.0]","[-6.50531, -0.04376, 2.15037]",open,
60.45,1786779689.3403,sample,"[1.63184, -1.27745, 1.89207, -2.26709, 4.65654, -0.0]","[-6.50531, -0.04376, 2.15037]",open,
60.55,1786779689.4307,sample,"[1.63184, -1.27745, 1.89207, -2.26709, 4.65654, -0.0]","[-6.50531, -0.04376, 2.15037]",open,
60.65,1786779689.5181,sample,"[1.63184, -1.27745, 1.89207, -2.26709, 4.65654, -0.0]","[-6.50531, -0.04376, 2.15037]",open,
60.75,1786779689.6063,sample,"[1.63184, -1.27745, 1.89207, -2.26709, 4.65654, -0.0]","[-6.50531, -0.04376, 2.15037]",open,
60.85,1786779689.6956,sample,"[1.63184, -1.27745, 1.89207, -2.26709, 4.65654, -0.0]","[-6.50531, -0.04376, 2.15037]",open,
60.95,1786779689.782,sample,"[1.63184, -1.27745, 1.89207, -2.26709, 4.65654, -0.0]","[-6.50531, -0.04376, 2.15037]",open,
61.05,1786779689.8743,sample,"[1.63184, -1.27745, 1.89207, -2.26709, 4.65654, -0.0]","[-6.50531, -0.04376, 2.15037]",open,
61.15,1786779689.9755,sample,"[1.63184, -1.27745, 1.89207, -2.26709, 4.65654, -0.0]","[-6.50531, -0.04376, 2.15037]",open,
61.25,1786779690.0584,sample,"[1.63184, -1.27745, 1.89207, -2.26709, 4.65654, -0.0]","[-6.50531, -0.04376, 2.15037]",open,
61.35,1786779690.1624,sample,"[1.63184, -1.27745, 1.89207, -2.26709, 4.65654, -0.0]","[-6.50531, -0.04376, 2.15037]",open,
61.45,1786779690.2718,sample,"[1.63184, -1.27745, 1.89207, -2.26709, 4.65654, -0.0]","[-6.50531, -0.04376, 2.15037]",open,
61.55,1786779690.3846,sample,"[1.63184, -1.27745, 1.89207, -2.26709, 4.65654, -0.0]","[-6.50531, -0.04376, 2.15037]",open,
61.65,1786779690.5072,sample,"[1.63184, -1.27745, 1.89207, -2.26709, 4.65654, -0.0]","[-6.50531, -0.04376, 2.15037]",open,
61.75,1786779690.6144,sample,"[1.63184, -1.27745, 1.89207, -2.26709, 4.65654, -0.0]","[-6.50531, -0.04376, 2.15037]",open,
61.85,1786779690.7255,sample,"[1.63184, -1.27745, 1.89207, -2.26709, 4.65654, -0.0]","[-6.50531, -0.04376, 2.15037]",open,
61.95,1786779690.8324,sample,"[1.63184, -1.27745, 1.89207, -2.26709, 4.65654, -0.0]","[-6.50531, -0.04376, 2.15037]",open,
62.05,1786779690.9315,sample,"[1.63184, -1.27745, 1.89207, -2.26709, 4.65654, -0.0]","[-6.50531, -0.04376, 2.15037]",open,
62.15,1786779691.0372,sample,"[1.63184, -1.27745, 1.89207, -2.26709, 4.65654, -0.0]","[-6.50531, -0.04376, 2.15037]",open,
62.25,1786779691.1418,sample,"[1.63184, -1.27745, 1.89207, -2.26709, 4.65654, -0.0]","[-6.50531, -0.04376, 2.15037]",open,
62.35,1786779691.2491,sample,"[1.63184, -1.27745, 1.89207, -2.26709, 4.65654, -0.0]","[-6.50531, -0.04376, 2.15037]",open,
62.45,1786779691.3507,sample,"[1.63184, -1.27745, 1.89207, -2.26709, 4.65654, -0.0]","[-6.50531, -0.04376, 2.15037]",open,
62.55,1786779691.4458,sample,"[1.63184, -1.27745, 1.89207, -2.26709, 4.65654, -0.0]","[-6.50531, -0.04376, 2.15037]",open,
62.65,1786779691.5417,sample,"[1.63184, -1.27745, 1.89207, -2.26709, 4.65654, -0.0]","[-6.50531, -0.04376, 2.15037]",open,
62.75,1786779691.6347,sample,"[1.63184, -1.27745, 1.89207, -2.26709, 4.65654, -0.0]","[-6.50531, -0.04376, 2.15037]",open,
62.85,1786779691.7359,sample,"[1.63184, -1.27745, 1.89207, -2.26709, 4.65654, -0.0]","[-6.50531, -0.04376, 2.15037]",open,
62.95,1786779691.8486,sample,"[1.63184, -1.27745, 1.89207, -2.26709, 4.65654, -0.0]","[-6.50531, -0.04376, 2.15037]",open,
63.05,1786779691.9547,sample,"[1.63184, -1.27745, 1.89207, -2.26709, 4.65654, -0.0]","[-6.50531, -0.04376, 2.15037]",open,
63.15,1786779692.0716,sample,"[1.63184, -1.27745, 1.89207, -2.26709, 4.65654, -0.0]","[-6.50531, -0.04376, 2.15037]",open,
63.25,1786779692.1775,sample,"[1.63184, -1.27745, 1.89207, -2.26709, 4.65654, -0.0]","[-6.50531, -0.04376, 2.15037]",open,
63.35,1786779692.2743,sample,"[1.63184, -1.27745, 1.89207, -2.26709, 4.65654, -0.0]","[-6.50531, -0.04376, 2.15037]",open,
63.45,1786779692.3688,sample,"[1.63184, -1.27745, 1.89207, -2.26709, 4.65654, -0.0]","[-6.50531, -0.04376, 2.15037]",open,
63.55,1786779692.472,sample,"[1.63184, -1.27745, 1.89207, -2.26709, 4.65654, -0.0]","[-6.50531, -0.04376, 2.15037]",open,
63.65,1786779692.5687,sample,"[1.63184, -1.27745, 1.89207, -2.26709, 4.65654, -0.0]","[-6.50531, -0.04376, 2.15037]",open,
63.75,1786779692.6628,sample,"[1.63184, -1.27745, 1.89207, -2.26709, 4.65654, -0.0]","[-6.50531, -0.04376, 2.15037]",open,
63.85,1786779692.7665,sample,"[1.63184, -1.27745, 1.89207, -2.26709, 4.65654, -0.0]","[-6.50531, -0.04376, 2.15037]",open,
63.95,1786779692.8676,sample,"[1.63184, -1.27745, 1.89207, -2.26709, 4.65654, -0.0]","[-6.50531, -0.04376, 2.15037]",open,
64.05,1786779692.9612,sample,"[1.63184, -1.27745, 1.89207, -2.26709, 4.65654, -0.0]","[-6.50531, -0.04376, 2.15037]",open,
64.15,1786779693.0572,sample,"[1.63184, -1.27745, 1.89207, -2.26709, 4.65654, -0.0]","[-6.50531, -0.04376, 2.15037]",open,
64.25,1786779693.1528,sample,"[1.63184, -1.27745, 1.89207, -2.26709, 4.65654, -0.0]","[-6.50531, -0.04376, 2.15037]",open,
64.35,1786779693.2457,sample,"[1.63184, -1.27745, 1.89207, -2.26709, 4.65654, -0.0]","[-6.50531, -0.04376, 2.15037]",open,
64.45,1786779693.3439,sample,"[1.63184, -1.27745, 1.89207, -2.26709, 4.65654, -0.0]","[-6.50531, -0.04376, 2.15037]",open,
64.55,1786779693.4403,sample,"[1.63184, -1.27745, 1.89207, -2.26709, 4.65654, -0.0]","[-6.50531, -0.04376, 2.15037]",open,
64.65,1786779693.5378,sample,"[1.63184, -1.27745, 1.89207, -2.26709, 4.65654, -0.0]","[-6.50531, -0.04376, 2.15037]",open,
64.75,1786779693.6367,sample,"[1.63184, -1.27745, 1.89207, -2.26709, 4.65654, -0.0]","[-6.50531, -0.04376, 2.15037]",open,
64.85,1786779693.7349,sample,"[1.63184, -1.27745, 1.89207, -2.26709, 4.65654, -0.0]","[-6.50531, -0.04376, 2.15037]",open,
64.95,1786779693.8364,sample,"[1.63184, -1.27745, 1.89207, -2.26709, 4.65654, -0.0]","[-6.50531, -0.04376, 2.15037]",open,
65.05,1786779693.9371,sample,"[1.63184, -1.27745, 1.89207, -2.26709, 4.65654, -0.0]","[-6.50531, -0.04376, 2.15037]",open,
65.15,1786779694.0389,sample,"[1.63184, -1.27745, 1.89207, -2.26709, 4.65654, -0.0]","[-6.50531, -0.04376, 2.15037]",open,
65.25,1786779694.1411,sample,"[1.63184, -1.27745, 1.89207, -2.26709, 4.65654, -0.0]","[-6.50531, -0.04376, 2.15037]",open,
65.35,1786779694.247,sample,"[1.63184, -1.27745, 1.89207, -2.26709, 4.65654, -0.0]","[-6.50531, -0.04376, 2.15037]",open,
65.45,1786779694.3526,sample,"[1.63184, -1.27745, 1.89207, -2.26709, 4.65654, -0.0]","[-6.50531, -0.04376, 2.15037]",open,
65.55,1786779694.4632,sample,"[1.63184, -1.27745, 1.89207, -2.26709, 4.65654, -0.0]","[-6.50531, -0.04376, 2.15037]",open,
65.65,1786779694.5619,sample,"[1.63184, -1.27745, 1.89207, -2.26709, 4.65654, -0.0]","[-6.50531, -0.04376, 2.15037]",open,
65.75,1786779694.6606,sample,"[1.63184, -1.27745, 1.89207, -2.26709, 4.65654, -0.0]","[-6.50531, -0.04376, 2.15037]",open,
65.85,1786779694.7601,sample,"[1.63184, -1.27745, 1.89207, -2.26709, 4.65654, -0.0]","[-6.50531, -0.04376, 2.15037]",open,
65.95,1786779694.8542,sample,"[1.63184, -1.27745, 1.89207, -2.26709, 4.65654, -0.0]","[-6.50531, -0.04376, 2.15037]",open,
66.05,1786779694.9472,sample,"[1.63184, -1.27745, 1.89207, -2.26709, 4.65654, -0.0]","[-6.50531, -0.04376, 2.15037]",open,
66.15,1786779695.0382,sample,"[1.63184, -1.27745, 1.89207, -2.26709, 4.65654, -0.0]","[-6.50531, -0.04376, 2.15037]",open,
66.25,1786779695.1346,sample,"[1.63184, -1.27745, 1.89207, -2.26709, 4.65654, -0.0]","[-6.50531, -0.04376, 2.15037]",open,
66.35,1786779695.2309,sample,"[1.63184, -1.27745, 1.89207, -2.26709, 4.65654, -0.0]","[-6.50531, -0.04376, 2.15037]",open,
66.45,1786779695.3245,sample,"[1.63184, -1.27745, 1.89207, -2.26709, 4.65654, -0.0]","[-6.50531, -0.04376, 2.15037]",open,
66.55,1786779695.4141,sample,"[1.63184, -1.27745, 1.89207, -2.26709, 4.65654, -0.0]","[-6.50531, -0.04376, 2.15037]",open,
66.65,1786779695.593,sample,"[1.63184, -1.27745, 1.89207, -2.26709, 4.65654, 0.0]","[-6.50531, -0.04376, 2.15037]",open,
66.75,1786779695.687,sample,"[1.63184, -1.27745, 1.89207, -2.26709, 4.65654, 0.0]","[-6.50531, -0.04376, 2.15037]",open,
66.85,1786779695.7812,sample,"[1.63184, -1.27745, 1.89207, -2.26709, 4.65654, -0.0]","[-6.50531, -0.04376, 2.15037]",open,
66.95,1786779695.8797,sample,"[1.63184, -1.27745, 1.89207, -2.26709, 4.65654, -0.0]","[-6.50531, -0.04376, 2.15037]",open,
67.05,1786779695.9756,sample,"[1.63184, -1.27745, 1.89207, -2.26709, 4.65654, -0.0]","[-6.50531, -0.04376, 2.15037]",open,
67.15,1786779696.0747,sample,"[1.63184, -1.27745, 1.89207, -2.26709, 4.65654, -0.0]","[-6.50531, -0.04376, 2.15037]",open,
67.25,1786779696.1948,sample,"[1.63184, -1.27745, 1.89207, -2.26709, 4.65654, 0.0]","[-6.50531, -0.04376, 2.15037]",open,
67.35,1786779696.2916,sample,"[1.63184, -1.27745, 1.89207, -2.26709, 4.65654, 0.0]","[-6.50531, -0.04376, 2.15037]",open,
67.45,1786779696.3883,sample,"[1.63184, -1.27745, 1.89207, -2.26709, 4.65654, 0.0]","[-6.50531, -0.04376, 2.15037]",open,
67.55,1786779696.4832,sample,"[1.63184, -1.27745, 1.89207, -2.26709, 4.65654, 0.0]","[-6.50531, -0.04376, 2.15037]",open,
67.65,1786779696.5832,sample,"[1.63184, -1.27745, 1.89207, -2.26709, 4.65654, -0.0]","[-6.50531, -0.04376, 2.15037]",open,
67.75,1786779696.6821,sample,"[1.63184, -1.27745, 1.89207, -2.26709, 4.65654, -0.0]","[-6.50531, -0.04376, 2.15037]",open,
67.85,1786779696.7808,sample,"[1.63184, -1.27745, 1.89207, -2.26709, 4.65654, -0.0]","[-6.50531, -0.04376, 2.15037]",open,
67.95,1786779696.8885,sample,"[1.63184, -1.27745, 1.89207, -2.26709, 4.65654, -0.0]","[-6.50531, -0.04376, 2.15037]",open,
68.05,1786779696.9879,sample,"[1.63184, -1.27745, 1.89207, -2.26709, 4.65654, -0.0]","[-6.50531, -0.04376, 2.15037]",open,
68.15,1786779697.0827,sample,"[1.63184, -1.27745, 1.89207, -2.26709, 4.65654, -0.0]","[-6.50531, -0.04376, 2.15037]",open,
68.25,1786779697.1827,sample,"[1.63184, -1.27745, 1.89207, -2.26709, 4.65654, -0.0]","[-6.50531, -0.04376, 2.15037]",open,
68.35,1786779697.2767,sample,"[1.63184, -1.27745, 1.89207, -2.26709, 4.65654, -0.0]","[-6.50531, -0.04376, 2.15037]",open,
68.45,1786779697.3703,sample,"[1.63184, -1.27745, 1.89207, -2.26709, 4.65654, -0.0]","[-6.50531, -0.04376, 2.15037]",open,
68.55,1786779697.473,sample,"[1.63184, -1.27745, 1.89207, -2.26709, 4.65654, -0.0]","[-6.50531, -0.04376, 2.15037]",open,
68.65,1786779697.5797,sample,"[1.63184, -1.27745, 1.89207, -2.26709, 4.65654, -0.0]","[-6.50531, -0.04376, 2.15037]",open,
68.75,1786779697.6863,sample,"[1.63184, -1.27745, 1.89207, -2.26709, 4.65654, -0.0]","[-6.50531, -0.04376, 2.15037]",open,
68.85,1786779697.7857,sample,"[1.63184, -1.27745, 1.89207, -2.26709, 4.65654, -0.0]","[-6.50531, -0.04376, 2.15037]",open,
68.95,1786779697.8826,sample,"[1.63184, -1.27745, 1.89207, -2.26709, 4.65654, -0.0]","[-6.50531, -0.04376, 2.15037]",open,
69.05,1786779697.9812,sample,"[1.63184, -1.27745, 1.89206, -2.26709, 4.65654, -0.0]","[-6.50531, -0.04376, 2.15037]",open,
69.15,1786779698.0842,sample,"[1.63184, -1.27745, 1.89207, -2.26709, 4.65654, -0.0]","[-6.50531, -0.04376, 2.15037]",open,
69.25,1786779698.1881,sample,"[1.63184, -1.27745, 1.89207, -2.26709, 4.65654, -0.0]","[-6.50531, -0.04376, 2.15037]",open,
69.35,1786779698.2811,sample,"[1.63184, -1.27745, 1.89207, -2.26709, 4.65654, -0.0]","[-6.50531, -0.04376, 2.15037]",open,
69.45,1786779698.3824,sample,"[1.63184, -1.27745, 1.89207, -2.26709, 4.65654, -0.0]","[-6.50531, -0.04376, 2.15037]",open,
69.55,1786779698.4756,sample,"[1.63184, -1.27745, 1.89207, -2.26709, 4.65654, -0.0]","[-6.50531, -0.04376, 2.15037]",open,
69.65,1786779698.5713,sample,"[1.63184, -1.27745, 1.89207, -2.26709, 4.65654, 0.0]","[-6.50531, -0.04376, 2.15037]",open,
69.75,1786779698.6683,sample,"[1.63184, -1.27745, 1.89207, -2.26709, 4.65654, 0.0]","[-6.50531, -0.04376, 2.15037]",open,
69.85,1786779698.7611,sample,"[1.63184, -1.27745, 1.89207, -2.26709, 4.65654, -0.0]","[-6.50531, -0.04376, 2.15037]",open,
69.95,1786779698.8597,sample,"[1.63184, -1.27745, 1.89207, -2.26709, 4.65654, 0.0]","[-6.50531, -0.04376, 2.15037]",open,
70.05,1786779698.9611,sample,"[1.63184, -1.27745, 1.89207, -2.26709, 4.65654, 0.0]","[-6.50531, -0.04376, 2.15037]",open,
70.15,1786779699.054,sample,"[1.63184, -1.27745, 1.89207, -2.26709, 4.65654, 0.0]","[-6.50531, -0.04376, 2.15037]",open,
70.25,1786779699.1588,sample,"[1.63185, -1.29059, 1.8921, -2.26709, 4.65654, -0.0]","[-6.50518, -0.04612, 2.16042]",open,
70.35,1786779699.2498,sample,"[1.63186, -1.33268, 1.8921, -2.26709, 4.65655, -0.0]","[-6.50467, -0.05451, 2.19245]",open,
70.45,1786779699.3425,sample,"[1.63187, -1.3861, 1.89209, -2.26709, 4.65655, 0.0]","[-6.50391, -0.06707, 2.23254]",open,
70.55,1786779699.4388,sample,"[1.63186, -1.42488, 1.89207, -2.26709, 4.65655, 0.0]","[-6.50326, -0.07752, 2.26121]",open,
70.65,1786779699.5297,sample,"[1.63185, -1.43915, 1.89206, -2.26709, 4.65655, 0.0]","[-6.503, -0.08164, 2.27165]",open,
70.75,1786779699.6268,sample,"[1.63184, -1.44439, 1.89206, -2.26709, 4.65655, 0.0]","[-6.5029, -0.08319, 2.27547]",open,
70.85,1786779699.7167,sample,"[1.63184, -1.44632, 1.89207, -2.26709, 4.65655, 0.0]","[-6.50286, -0.08377, 2.27687]",open,
70.95,1786779699.8105,sample,"[1.63184, -1.44703, 1.89207, -2.26709, 4.65655, 0.0]","[-6.50285, -0.08398, 2.27739]",open,
71.05,1786779699.9118,sample,"[1.65066, -1.44729, 1.89207, -2.26709, 4.65654, 0.0]","[-6.51629, -0.088, 2.27758]",open,
71.15,1786779700.0067,sample,"[1.69115, -1.44738, 1.89207, -2.26709, 4.65654, 0.0]","[-6.54493, -0.09737, 2.27765]",open,
71.25,1786779700.1005,sample,"[1.71057, -1.44742, 1.89207, -2.26709, 4.65654, -0.0]","[-6.55852, -0.10227, 2.27767]",open,
71.35,1786779700.1901,sample,"[1.71771, -1.44745, 1.89207, -2.26709, 4.65654, -0.0]","[-6.5635, -0.10414, 2.27769]",open,
71.45,1786779700.28,sample,"[1.72034, -1.44745, 1.89207, -2.26709, 4.65654, 0.0]","[-6.56533, -0.10484, 2.2777]",open,
71.55,1786779700.372,sample,"[1.72131, -1.44745, 1.89207, -2.26709, 4.65654, 0.0]","[-6.566, -0.10509, 2.2777]",open,
71.65,1786779700.4698,sample,"[1.72167, -1.44745, 1.89207, -2.26709, 4.65654, 0.0]","[-6.56625, -0.10519, 2.2777]",open,
71.75,1786779700.5637,sample,"[1.72179, -1.44745, 1.89207, -2.26709, 4.65654, 0.0]","[-6.56633, -0.10522, 2.2777]",open,
71.85,1786779700.6554,sample,"[1.72184, -1.44745, 1.89207, -2.26709, 4.65654, 0.0]","[-6.56637, -0.10524, 2.2777]",open,
71.95,1786779700.7468,sample,"[1.72184, -1.44745, 1.89207, -2.26709, 4.65654, 0.0]","[-6.56637, -0.10523, 2.2777]",open,
72.05,1786779700.8488,sample,"[1.72184, -1.44745, 1.89207, -2.26709, 4.65654, 0.0]","[-6.56637, -0.10524, 2.2777]",open,
72.15,1786779700.941,sample,"[1.72184, -1.44745, 1.89207, -2.26709, 4.65654, 0.0]","[-6.56637, -0.10523, 2.2777]",open,
72.25,1786779701.0346,sample,"[1.72184, -1.44745, 1.90036, -2.26709, 4.65654, 0.0]","[-6.56598, -0.10777, 2.2723]",open,
72.35,1786779701.133,sample,"[1.72186, -1.4606, 1.93923, -2.26709, 4.65654, 0.0]","[-6.56356, -0.12382, 2.25665]",open,
72.45,1786779701.2266,sample,"[1.72188, -1.5027, 1.99145, -2.26709, 4.65655, 0.0]","[-6.5592, -0.15251, 2.25247]",open,
72.55,1786779701.3175,sample,"[1.72188, -1.55612, 2.04858, -2.26709, 4.65655, 0.0]","[-6.5541, -0.18604, 2.25146]",open,
72.65,1786779701.4089,sample,"[1.72189, -1.6137, 2.10753, -2.26709, 4.65656, 0.0]","[-6.54873, -0.22132, 2.2501]",open,
72.75,1786779701.5102,sample,"[1.72189, -1.64769, 2.14201, -2.26709, 4.65656, 0.0]","[-6.54558, -0.24201, 2.24853]",open,
72.85,1786779701.6056,sample,"[1.72189, -1.66019, 2.1547, -2.26709, 4.65656, 0.0]","[-6.54442, -0.24962, 2.24778]",open,
72.95,1786779701.6968,sample,"[1.72189, -1.6648, 2.15937, -2.26709, 4.65656, 0.0]","[-6.544, -0.25241, 2.24748]",open,
73.05,1786779701.7902,sample,"[1.72188, -1.6665, 2.16109, -2.26709, 4.65656, 0.0]","[-6.54384, -0.25344, 2.24737]",open,
73.15,1786779701.8829,sample,"[1.72188, -1.66712, 2.16173, -2.26709, 4.65656, 0.0]","[-6.54378, -0.25382, 2.24733]",open,
73.25,1786779701.9768,sample,"[1.72188, -1.66735, 2.16196, -2.26709, 4.65656, 0.0]","[-6.54376, -0.25396, 2.24731]",open,
73.35,1786779702.0732,sample,"[1.72188, -1.66744, 2.16202, -2.26709, 4.65656, 0.0]","[-6.54375, -0.254, 2.24733]",open,
73.45,1786779702.1717,sample,"[1.7219, -1.6631, 2.1489, -2.26709, 4.65656, 0.0]","[-6.5446, -0.24848, 2.25317]",open,
73.55,1786779702.2644,sample,"[1.72188, -1.6281, 2.10683, -2.26709, 4.65656, 0.0]","[-6.54816, -0.22505, 2.25929]",open,
73.65,1786779702.3557,sample,"[1.72188, -1.5773, 2.05342, -2.26709, 4.65655, 0.0]","[-6.55296, -0.19348, 2.26195]",open,
73.75,1786779702.4528,sample,"[1.72188, -1.52068, 1.99585, -2.26709, 4.65655, 0.0]","[-6.55822, -0.15893, 2.26181]",open,
73.85,1786779702.5484,sample,"[1.72188, -1.46191, 1.93674, -2.26709, 4.65655, 0.0]","[-6.56364, -0.12339, 2.25917]",open,
73.95,1786779702.6448,sample,"[1.72189, -1.40236, 1.87707, -2.26709, 4.65654, 0.0]","[-6.56908, -0.08767, 2.25421]",open,
74.05,1786779702.7478,sample,"[1.72189, -1.34252, 1.81719, -2.26709, 4.65654, 0.0]","[-6.57449, -0.05217, 2.24702]",open,
74.15,1786779702.8462,sample,"[1.72188, -1.29573, 1.78237, -2.26709, 4.65654, -0.0]","[-6.57806, -0.02865, 2.23223]",open,
74.25,1786779702.9442,sample,"[1.72186, -1.27784, 1.76956, -2.26709, 4.65654, -0.0]","[-6.57937, -0.01994, 2.22593]",open,
74.35,1786779703.0348,sample,"[1.72185, -1.27126, 1.76484, -2.26709, 4.65654, 0.0]","[-6.57985, -0.01675, 2.22356]",open,
74.45,1786779703.1283,sample,"[1.72184, -1.26883, 1.7631, -2.26709, 4.65654, 0.0]","[-6.58001, -0.01557, 2.22269]",open,
74.55,1786779703.2263,sample,"[1.72184, -1.26794, 1.76246, -2.26709, 4.65654, 0.0]","[-6.58008, -0.01514, 2.22237]",open,
74.65,1786779703.3198,sample,"[1.72184, -1.26762, 1.76222, -2.26709, 4.65654, 0.0]","[-6.5801, -0.01499, 2.22225]",open,
74.75,1786779703.4081,sample,"[1.72184, -1.2675, 1.76214, -2.26709, 4.65654, 0.0]","[-6.58011, -0.01493, 2.2222]",open,
74.85,1786779703.4979,sample,"[1.72184, -1.26745, 1.76212, -2.26709, 4.65654, 0.0]","[-6.58012, -0.01491, 2.22218]",open,
74.95,1786779703.5944,sample,"[1.72184, -1.26745, 1.76209, -2.26709, 4.65654, 0.0]","[-6.58012, -0.0149, 2.2222]",open,
75.05,1786779703.6909,sample,"[1.72184, -1.26745, 1.76207, -2.26709, 4.65654, 0.0]","[-6.58012, -0.01489, 2.22221]",open,
75.15,1786779703.791,sample,"[1.72031, -1.26745, 1.76207, -2.26709, 4.65654, -0.0]","[-6.57892, -0.01446, 2.22222]",open,
75.25,1786779703.8895,sample,"[1.68985, -1.26745, 1.76207, -2.26709, 4.65655, -0.0]","[-6.55487, -0.00633, 2.22222]",open,
75.35,1786779703.9855,sample,"[1.65387, -1.26745, 1.76207, -2.26709, 4.65655, 0.0]","[-6.52615, 0.00232, 2.22221]",open,
75.45,1786779704.0845,sample,"[1.64149, -1.26745, 1.76207, -2.26709, 4.65655, 0.0]","[-6.5162, 0.00506, 2.22221]",open,
75.55,1786779704.1918,sample,"[1.66685, -1.26745, 1.76207, -2.26709, 4.65655, 0.0]","[-6.53655, -0.00068, 2.22222]",open,
75.65,1786779704.2828,sample,"[1.71411, -1.26745, 1.76207, -2.2671, 4.65654, 0.0]","[-6.57404, -0.01275, 2.22222]",open,
75.75,1786779704.3738,sample,"[1.76942, -1.26745, 1.76207, -2.2671, 4.65654, 0.0]","[-6.61714, -0.0291, 2.22222]",open,
75.85,1786779704.4718,sample,"[1.8277, -1.26745, 1.76207, -2.2671, 4.65653, 0.0]","[-6.6615, -0.04888, 2.22222]",open,
75.95,1786779704.5706,sample,"[1.88706, -1.26745, 1.76207, -2.2671, 4.65652, -0.0]","[-6.70543, -0.07165, 2.22222]",open,
76.05,1786779704.6685,sample,"[1.93368, -1.26745, 1.76207, -2.2671, 4.65652, -0.0]","[-6.73893, -0.09134, 2.22222]",open,
76.15,1786779704.762,sample,"[1.9515, -1.26745, 1.76207, -2.2671, 4.65652, -0.0]","[-6.75149, -0.09927, 2.22222]",open,
76.25,1786779704.8645,sample,"[1.95805, -1.26745, 1.76207, -2.2671, 4.65652, -0.0]","[-6.75607, -0.10225, 2.22222]",open,
76.35,1786779704.9591,sample,"[1.93534, -1.26745, 1.76207, -2.26709, 4.65653, -0.0]","[-6.74011, -0.09207, 2.22221]",open,
76.45,1786779705.0577,sample,"[1.88906, -1.26745, 1.76207, -2.26709, 4.65654, -0.0]","[-6.70689, -0.07247, 2.22222]",open,
76.55,1786779705.1587,sample,"[1.83411, -1.26745, 1.76207, -2.26709, 4.65655, -0.0]","[-6.66631, -0.05122, 2.22222]",open,
76.65,1786779705.2534,sample,"[1.77596, -1.26745, 1.76207, -2.26709, 4.65656, 0.0]","[-6.62218, -0.03119, 2.22222]",open,
76.75,1786779705.3472,sample,"[1.71664, -1.26745, 1.76207, -2.26709, 4.65656, 0.0]","[-6.57604, -0.01345, 2.22221]",open,
76.85,1786779705.4617,sample,"[1.6569, -1.26745, 1.76207, -2.26709, 4.65657, 0.0]","[-6.52858, 0.00163, 2.22221]",open,
76.95,1786779705.5703,sample,"[1.59699, -1.26745, 1.76207, -2.26709, 4.65658, -0.0]","[-6.48018, 0.01388, 2.22221]",open,
77.05,1786779705.6748,sample,"[1.53702, -1.26745, 1.76207, -2.26709, 4.65659, -0.0]","[-6.43108, 0.02322, 2.22221]",open,
77.15,1786779705.7783,sample,"[1.48139, -1.26745, 1.76207, -2.2671, 4.6566, 0.0]","[-6.3851, 0.02923, 2.22221]",open,
77.25,1786779705.8707,sample,"[1.45641, -1.26745, 1.76207, -2.26709, 4.6566, 0.0]","[-6.36436, 0.0311, 2.22221]",open,
77.35,1786779705.9671,sample,"[1.44569, -1.26745, 1.76207, -2.26709, 4.6566, 0.0]","[-6.35545, 0.03174, 2.22222]",open,
77.45,1786779706.0619,sample,"[1.41183, -1.26745, 1.76207, -2.26709, 4.65661, -0.0]","[-6.32726, 0.03314, 2.22221]",open,
77.55,1786779706.1558,sample,"[1.36145, -1.26745, 1.76207, -2.26709, 4.65661, -0.0]","[-6.28527, 0.03346, 2.22222]",open,
77.65,1786779706.2496,sample,"[1.30498, -1.26745, 1.76207, -2.2671, 4.65662, -0.0]","[-6.23826, 0.0313, 2.22221]",open,
77.75,1786779706.3525,sample,"[1.24781, -1.26745, 1.76207, -2.26709, 4.65663, 0.0]","[-6.19086, 0.02641, 2.22221]",open,
77.85,1786779706.4479,sample,"[1.21877, -1.26745, 1.76207, -2.26709, 4.65663, 0.0]","[-6.16691, 0.02289, 2.22221]",open,
77.95,1786779706.5387,sample,"[1.20809, -1.26745, 1.76207, -2.26709, 4.65663, 0.0]","[-6.15812, 0.02142, 2.22221]",open,
78.05,1786779706.6346,sample,"[1.20416, -1.26745, 1.76207, -2.26709, 4.65663, 0.0]","[-6.1549, 0.02086, 2.22221]",open,
78.15,1786779706.7354,sample,"[1.19442, -1.26745, 1.76207, -2.26709, 4.65663, -0.0]","[-6.14691, 0.01941, 2.22221]",open,
78.25,1786779706.8313,sample,"[1.1594, -1.26745, 1.76207, -2.26709, 4.65664, -0.0]","[-6.11832, 0.01355, 2.22221]",open,
78.35,1786779706.9271,sample,"[1.142, -1.26745, 1.76207, -2.26709, 4.65664, 0.0]","[-6.10419, 0.01026, 2.22221]",open,
78.45,1786779707.0168,sample,"[1.13559, -1.26745, 1.76207, -2.26709, 4.65664, 0.0]","[-6.099, 0.00899, 2.22221]",open,
78.55,1786779707.1092,sample,"[1.13324, -1.26745, 1.76207, -2.26709, 4.65664, 0.0]","[-6.0971, 0.00851, 2.22221]",open,
78.65,1786779707.2025,sample,"[1.13237, -1.26745, 1.76207, -2.26709, 4.65664, 0.0]","[-6.0964, 0.00834, 2.22221]",open,
78.75,1786779707.2972,sample,"[1.13206, -1.26745, 1.76207, -2.26709, 4.65664, 0.0]","[-6.09614, 0.00827, 2.22221]",open,
78.85,1786779707.3937,sample,"[1.13193, -1.26745, 1.76207, -2.26709, 4.65664, 0.0]","[-6.09604, 0.00825, 2.22221]",open,
78.95,1786779707.4871,sample,"[1.13191, -1.26745, 1.76207, -2.26709, 4.65664, 0.0]","[-6.09602, 0.00824, 2.22221]",open,
79.05,1786779707.5839,sample,"[1.13189, -1.26745, 1.76207, -2.26709, 4.65664, 0.0]","[-6.09601, 0.00824, 2.22221]",open,
79.15,1786779707.6907,sample,"[1.13188, -1.26309, 1.76206, -2.26709, 4.65664, 0.0]","[-6.09555, 0.0092, 2.21865]",open,
79.25,1786779707.7889,sample,"[1.13189, -1.22807, 1.76206, -2.26709, 4.65664, 0.0]","[-6.09217, 0.01641, 2.18982]",open,
79.35,1786779707.8873,sample,"[1.13188, -1.18565, 1.76189, -2.26711, 4.65661, 0.0]","[-6.08861, 0.02397, 2.15464]",open,
79.45,1786779707.9886,sample,"[1.13188, -1.16812, 1.761, -2.26714, 4.65652, 0.0]","[-6.08718, 0.027, 2.1405]",open,
79.55,1786779708.0941,sample,"[1.13186, -1.16137, 1.76167, -2.26714, 4.65652, 0.0]","[-6.08682, 0.02773, 2.13443]",open,
79.65,1786779708.1939,sample,"[1.13187, -1.13386, 1.76174, -2.26715, 4.65652, 0.0]","[-6.08513, 0.03134, 2.11124]",open,
79.75,1786779708.2982,sample,"[1.13187, -1.09425, 1.75438, -2.26717, 4.6565, 0.0]","[-6.08177, 0.0385, 2.08191]",open,
79.85,1786779708.3991,sample,"[1.13185, -1.0773, 1.75924, -2.26717, 4.65651, 0.0]","[-6.08198, 0.03802, 2.06472]",open,
79.95,1786779708.4983,sample,"[1.13184, -1.07105, 1.76104, -2.26717, 4.65652, 0.0]","[-6.08209, 0.03776, 2.0584]",open,
80.05,1786779708.6013,sample,"[1.13184, -1.06876, 1.7617, -2.26716, 4.65652, 0.0]","[-6.08214, 0.03765, 2.05607]",open,
80.15,1786779708.7011,sample,"[1.13184, -1.06791, 1.76194, -2.26716, 4.65652, -0.0]","[-6.08216, 0.03761, 2.05522]",open,
80.25,1786779708.7984,sample,"[1.13184, -1.0676, 1.76202, -2.26716, 4.65652, -0.0]","[-6.08217, 0.0376, 2.05491]",open,
80.35,1786779708.8968,sample,"[1.13184, -1.06749, 1.76207, -2.26716, 4.65653, -0.0]","[-6.08217, 0.03759, 2.05479]",open,
80.45,1786779708.9916,sample,"[1.13184, -1.06745, 1.76207, -2.26715, 4.65653, -0.0]","[-6.08217, 0.03759, 2.05476]",open,
80.55,1786779709.092,sample,"[1.13184, -1.06745, 1.76207, -2.26715, 4.65653, -0.0]","[-6.08217, 0.03759, 2.05476]",open,
80.65,1786779709.1908,sample,"[1.13184, -1.06745, 1.76207, -2.26715, 4.65654, -0.0]","[-6.08217, 0.03759, 2.05476]",open,
80.75,1786779709.2902,sample,"[1.10674, -1.06745, 1.76206, -2.26714, 4.65655, -0.0]","[-6.06121, 0.03186, 2.05476]",open,
80.85,1786779709.3931,sample,"[1.05958, -1.06747, 1.76199, -2.26714, 4.65658, -0.0]","[-6.02226, 0.01971, 2.05481]",open,
80.95,1786779709.4966,sample,"[1.00434, -1.06779, 1.76121, -2.26714, 4.65672, -0.0]","[-5.97725, 0.00341, 2.05552]",open,
81.05,1786779709.6019,sample,"[0.97119, -1.06785, 1.76106, -2.26715, 4.65667, -0.0]","[-5.95076, -0.00768, 2.05566]",open,
81.15,1786779709.6983,sample,"[0.95893, -1.06784, 1.75729, -2.28129, 4.6565, 0.0]","[-5.93934, -0.00957, 2.0594]",open,
81.25,1786779709.7956,sample,"[0.95446, -1.06758, 1.76032, -2.27237, 4.65651, 0.0]","[-5.93706, -0.01295, 2.05644]",open,
81.35,1786779709.8893,sample,"[0.95282, -1.06748, 1.76143, -2.26909, 4.65651, 0.0]","[-5.93623, -0.0142, 2.05536]",open,
81.45,1786779709.9768,sample,"[0.95222, -1.06745, 1.76184, -2.26788, 4.65651, 0.0]","[-5.93593, -0.01466, 2.05496]",open,
81.55,1786779710.0647,sample,"[0.95199, -1.06745, 1.76199, -2.26744, 4.65651, 0.0]","[-5.93582, -0.01483, 2.05483]",open,
81.65,1786779710.1544,sample,"[0.95191, -1.06745, 1.76205, -2.26727, 4.65652, -0.0]","[-5.93578, -0.0149, 2.05478]",open,
81.75,1786779710.2433,sample,"[0.95189, -1.06745, 1.76207, -2.26726, 4.65652, -0.0]","[-5.93577, -0.01491, 2.05477]",open,
81.85,1786779710.3307,sample,"[0.95187, -1.06745, 1.76207, -2.26725, 4.65652, -0.0]","[-5.93575, -0.01492, 2.05477]",open,
81.95,1786779710.4193,sample,"[0.95186, -1.06745, 1.76207, -2.26724, 4.65653, -0.0]","[-5.93575, -0.01492, 2.05477]",open,
82.05,1786779710.5048,sample,"[0.95186, -1.06745, 1.76207, -2.26724, 4.65653, -0.0]","[-5.93575, -0.01492, 2.05477]",open,
82.15,1786779710.5942,sample,"[0.95186, -1.06745, 1.76207, -2.26723, 4.65653, -0.0]","[-5.93575, -0.01492, 2.05477]",open,
82.25,1786779710.6846,sample,"[0.95186, -1.06745, 1.76207, -2.26723, 4.65653, -0.0]","[-5.93575, -0.01492, 2.05476]",open,
82.35,1786779710.7745,sample,"[0.95186, -1.06745, 1.76207, -2.26722, 4.65654, -0.0]","[-5.93575, -0.01492, 2.05476]",open,
82.45,1786779710.8684,sample,"[0.95186, -1.06745, 1.76207, -2.26722, 4.65654, -0.0]","[-5.93575, -0.01492, 2.05476]",open,
82.55,1786779710.9531,sample,"[0.95186, -1.06745, 1.76207, -2.26721, 4.65654, -0.0]","[-5.93575, -0.01492, 2.05476]",open,
82.65,1786779711.0425,sample,"[0.95186, -1.06745, 1.76207, -2.26721, 4.65655, -0.0]","[-5.93575, -0.01492, 2.05476]",open,
82.75,1786779711.1313,sample,"[0.95186, -1.06745, 1.76207, -2.2672, 4.65655, -0.0]","[-5.93575, -0.01492, 2.05476]",open,
82.85,1786779711.2157,sample,"[0.95186, -1.06745, 1.76207, -2.2672, 4.65655, -0.0]","[-5.93575, -0.01492, 2.05476]",open,
82.95,1786779711.3106,sample,"[0.95186, -1.07572, 1.76209, -2.26719, 4.65655, -0.0]","[-5.93615, -0.01548, 2.06178]",open,
83.05,1786779711.4008,sample,"[0.95187, -1.11456, 1.7621, -2.26719, 4.65656, -0.0]","[-5.93844, -0.01869, 2.09472]",open,
83.15,1786779711.4902,sample,"[0.95188, -1.16678, 1.76208, -2.26718, 4.65656, -0.0]","[-5.94269, -0.02464, 2.13873]",open,
83.25,1786779711.5845,sample,"[0.95188, -1.22391, 1.76208, -2.26718, 4.65656, -0.0]","[-5.94885, -0.03328, 2.18637]",open,
83.35,1786779711.6733,sample,"[0.95188, -1.28286, 1.76208, -2.26717, 4.65657, -0.0]","[-5.95684, -0.0445, 2.2348]",open,
83.45,1786779711.7654,sample,"[0.95189, -1.34248, 1.76208, -2.26717, 4.65657, 0.0]","[-5.9666, -0.0582, 2.28287]",open,
83.55,1786779711.8726,sample,"[0.95188, -1.38919, 1.76206, -2.26716, 4.65657, 0.0]","[-5.97539, -0.07055, 2.31979]",open,
83.65,1786779711.9729,sample,"[0.95187, -1.40705, 1.76205, -2.26716, 4.65656, 0.0]","[-5.97901, -0.07564, 2.33371]",open,
83.75,1786779712.0662,sample,"[0.95186, -1.41361, 1.76206, -2.26716, 4.65656, 0.0]","[-5.98037, -0.07756, 2.33879]",open,
83.85,1786779712.1556,sample,"[0.95186, -1.41602, 1.76207, -2.26715, 4.65656, 0.0]","[-5.98088, -0.07828, 2.34066]",open,
83.95,1786779712.2499,sample,"[0.95186, -1.41691, 1.76207, -2.26715, 4.65656, 0.0]","[-5.98107, -0.07854, 2.34134]",open,
84.05,1786779712.3433,sample,"[0.95186, -1.41724, 1.76207, -2.26715, 4.65655, 0.0]","[-5.98113, -0.07864, 2.34159]",open,
84.15,1786779712.4402,sample,"[0.96502, -1.41736, 1.76207, -2.26715, 4.65655, 0.0]","[-5.99068, -0.07454, 2.34169]",open,
84.25,1786779712.533,sample,"[1.00712, -1.41739, 1.76207, -2.26715, 4.65654, 0.0]","[-6.02149, -0.06218, 2.34171]",open,
84.35,1786779712.6295,sample,"[1.06053, -1.41741, 1.76207, -2.26715, 4.65653, 0.0]","[-6.06128, -0.04837, 2.34172]",open,
84.45,1786779712.7243,sample,"[1.10982, -1.41742, 1.76207, -2.26715, 4.65652, -0.0]","[-6.0986, -0.03752, 2.34174]",open,
84.55,1786779712.8187,sample,"[1.13008, -1.41744, 1.76207, -2.26715, 4.65652, -0.0]","[-6.11409, -0.0336, 2.34175]",open,
84.65,1786779712.9236,sample,"[1.13753, -1.41745, 1.76207, -2.26714, 4.65652, 0.0]","[-6.11981, -0.03224, 2.34175]",open,
84.75,1786779713.0178,sample,"[1.14028, -1.41745, 1.76207, -2.26714, 4.65652, 0.0]","[-6.12192, -0.03175, 2.34175]",open,
84.85,1786779713.1142,sample,"[1.14564, -1.41745, 1.76207, -2.26714, 4.65652, 0.0]","[-6.12605, -0.03081, 2.34175]",open,
84.95,1786779713.2129,sample,"[1.18102, -1.41745, 1.76207, -2.26714, 4.65651, 0.0]","[-6.15336, -0.02514, 2.34176]",open,
85.05,1786779713.3114,sample,"[1.23197, -1.41745, 1.76207, -2.26714, 4.6565, 0.0]","[-6.19301, -0.01868, 2.34176]",open,
85.15,1786779713.4073,sample,"[1.28864, -1.41745, 1.76206, -2.26714, 4.65649, -0.0]","[-6.23743, -0.01387, 2.34176]",open,
85.25,1786779713.5006,sample,"[1.34741, -1.41745, 1.76206, -2.26715, 4.65649, 0.0]","[-6.28372, -0.01155, 2.34176]",open,
85.35,1786779713.5944,sample,"[1.40696, -1.41745, 1.76206, -2.26715, 4.65648, 0.0]","[-6.33067, -0.01198, 2.34176]",open,
85.45,1786779713.6988,sample,"[1.46679, -1.41745, 1.76206, -2.26715, 4.65647, 0.0]","[-6.37774, -0.01523, 2.34176]",open,
85.55,1786779713.7987,sample,"[1.52673, -1.41745, 1.76206, -2.26715, 4.65647, 0.0]","[-6.42461, -0.02129, 2.34176]",open,
85.65,1786779713.902,sample,"[1.58671, -1.41745, 1.76206, -2.26715, 4.65646, -0.0]","[-6.47106, -0.03016, 2.34176]",open,
85.75,1786779714.0038,sample,"[1.6467, -1.41745, 1.76206, -2.26715, 4.65646, 0.0]","[-6.51691, -0.0418, 2.34176]",open,
85.85,1786779714.1047,sample,"[1.7067, -1.41745, 1.76206, -2.26715, 4.65645, 0.0]","[-6.56198, -0.05617, 2.34176]",open,
85.95,1786779714.2021,sample,"[1.75841, -1.41745, 1.76207, -2.26715, 4.65645, -0.0]","[-6.60007, -0.07071, 2.34176]",open,
86.05,1786779714.2944,sample,"[1.77956, -1.41745, 1.76207, -2.26715, 4.65645, -0.0]","[-6.61543, -0.07722, 2.34176]",open,
86.15,1786779714.3872,sample,"[1.78734, -1.41745, 1.76207, -2.26715, 4.65645, -0.0]","[-6.62105, -0.07969, 2.34176]",open,
86.25,1786779714.4786,sample,"[1.79021, -1.41745, 1.76207, -2.26715, 4.65645, 0.0]","[-6.62311, -0.08062, 2.34176]",open,
86.35,1786779714.5673,sample,"[1.79126, -1.41745, 1.76207, -2.26714, 4.65645, 0.0]","[-6.62387, -0.08096, 2.34176]",open,
86.45,1786779714.6602,sample,"[1.79165, -1.41745, 1.76207, -2.26714, 4.65645, 0.0]","[-6.62415, -0.08108, 2.34175]",open,
86.55,1786779714.7575,sample,"[1.79178, -1.41745, 1.76207, -2.26714, 4.65645, 0.0]","[-6.62424, -0.08113, 2.34175]",open,
86.65,1786779714.8498,sample,"[1.79184, -1.41745, 1.76207, -2.26713, 4.65645, 0.0]","[-6.62428, -0.08114, 2.34175]",open,
86.75,1786779714.9438,sample,"[1.79184, -1.41745, 1.76207, -2.26713, 4.65645, 0.0]","[-6.62428, -0.08114, 2.34175]",open,
86.85,1786779715.0408,sample,"[1.81698, -1.41745, 1.76207, -2.26713, 4.65644, 0.0]","[-6.64225, -0.08952, 2.34176]",open,
86.95,1786779715.1413,sample,"[1.86416, -1.41745, 1.76207, -2.26714, 4.65644, 0.0]","[-6.67538, -0.10645, 2.34176]",open,
87.05,1786779715.2326,sample,"[1.91944, -1.41745, 1.76207, -2.26714, 4.65643, 0.0]","[-6.71312, -0.12826, 2.34176]",open,
87.15,1786779715.3247,sample,"[1.97771, -1.41745, 1.76206, -2.26714, 4.65643, 0.0]","[-6.75154, -0.15345, 2.34176]",open,
87.25,1786779715.4158,sample,"[2.02392, -1.41745, 1.76207, -2.26714, 4.65643, -0.0]","[-6.78092, -0.175, 2.34176]",open,
87.35,1786779715.5067,sample,"[2.04159, -1.41745, 1.76207, -2.26713, 4.65643, -0.0]","[-6.79189, -0.1836, 2.34175]",open,
87.45,1786779715.5981,sample,"[2.04809, -1.41745, 1.76207, -2.26713, 4.65643, 0.0]","[-6.79589, -0.18681, 2.34175]",open,
87.55,1786779715.6878,sample,"[2.05048, -1.41745, 1.76207, -2.26713, 4.65644, 0.0]","[-6.79736, -0.18799, 2.34175]",open,
87.65,1786779715.7803,sample,"[2.07016, -1.41745, 1.76207, -2.26713, 4.65643, 0.0]","[-6.8093, -0.1979, 2.34176]",open,
87.75,1786779715.8711,sample,"[2.11533, -1.41745, 1.76207, -2.26713, 4.65643, 0.0]","[-6.83597, -0.22151, 2.34176]",open,
87.85,1786779715.9618,sample,"[2.16987, -1.41745, 1.76207, -2.26714, 4.65642, 0.0]","[-6.86671, -0.25159, 2.34176]",open,
87.95,1786779716.053,sample,"[2.21958, -1.41745, 1.76207, -2.26713, 4.65642, -0.0]","[-6.89326, -0.28042, 2.34176]",open,
88.05,1786779716.1458,sample,"[2.23999, -1.41745, 1.76207, -2.26713, 4.65642, -0.0]","[-6.90374, -0.29264, 2.34176]",open,
88.15,1786779716.2316,sample,"[2.2475, -1.41745, 1.76207, -2.26713, 4.65642, 0.0]","[-6.90753, -0.29719, 2.34175]",open,
88.25,1786779716.3164,sample,"[2.25027, -1.41745, 1.76207, -2.26713, 4.65643, 0.0]","[-6.90892, -0.29887, 2.34175]",open,
88.35,1786779716.4042,sample,"[2.25128, -1.41745, 1.76207, -2.26713, 4.65643, 0.0]","[-6.90943, -0.29949, 2.34175]",open,
88.45,1786779716.4971,sample,"[2.25165, -1.41745, 1.76207, -2.26713, 4.65643, 0.0]","[-6.90961, -0.29972, 2.34175]",open,
88.55,1786779716.5875,sample,"[2.25179, -1.41745, 1.76207, -2.26713, 4.65644, 0.0]","[-6.90969, -0.2998, 2.34175]",open,
88.65,1786779716.6803,sample,"[2.25179, -1.41745, 1.76207, -2.26712, 4.65644, 0.0]","[-6.90968, -0.2998, 2.34175]",open,
88.75,1786779716.7707,sample,"[2.27696, -1.41745, 1.76207, -2.26713, 4.65643, 0.0]","[-6.92208, -0.31531, 2.34175]",open,
88.85,1786779716.8669,sample,"[2.32415, -1.41745, 1.76207, -2.26713, 4.65643, 0.0]","[-6.94425, -0.34519, 2.34176]",open,
88.95,1786779716.9543,sample,"[2.37944, -1.41745, 1.76207, -2.26713, 4.65642, 0.0]","[-6.9684, -0.38148, 2.34176]",open,
89.05,1786779717.0462,sample,"[2.43334, -1.41745, 1.76207, -2.26713, 4.65642, -0.0]","[-6.98998, -0.41811, 2.34176]",open,
89.15,1786779717.1395,sample,"[2.4577, -1.41745, 1.76207, -2.26713, 4.65642, -0.0]","[-6.99907, -0.43502, 2.34175]",open,
89.25,1786779717.2348,sample,"[2.46665, -1.42572, 1.76209, -2.26713, 4.65643, -0.0]","[-6.99993, -0.4432, 2.34811]",open,
89.35,1786779717.3297,sample,"[2.46995, -1.46021, 1.76209, -2.26712, 4.65643, 0.0]","[-6.99073, -0.45377, 2.37442]",open,
89.45,1786779717.4179,sample,"[2.47117, -1.47742, 1.76207, -2.26712, 4.65643, 0.0]","[-6.9857, -0.45892, 2.38739]",open,
89.55,1786779717.5082,sample,"[2.47009, -1.48375, 1.76206, -2.26712, 4.65643, 0.0]","[-6.98329, -0.45981, 2.39213]",open,
89.65,1786779717.5975,sample,"[2.43977, -1.48608, 1.76207, -2.26712, 4.65644, -0.0]","[-6.97192, -0.43988, 2.39386]",open,
89.75,1786779717.6894,sample,"[2.39069, -1.48693, 1.76207, -2.26711, 4.65645, 0.0]","[-6.95318, -0.40759, 2.3945]",open,
89.85,1786779717.7801,sample,"[2.33624, -1.48725, 1.76207, -2.26711, 4.65645, 0.0]","[-6.93077, -0.37272, 2.39473]",open,
89.95,1786779717.8765,sample,"[2.30819, -1.48736, 1.76207, -2.26711, 4.65645, 0.0]","[-6.9185, -0.35524, 2.39482]",open,
90.05,1786779717.9728,sample,"[2.29941, -1.48739, 1.76207, -2.2671, 4.65645, 0.0]","[-6.91457, -0.34983, 2.39484]",open,
90.15,1786779718.0612,sample,"[2.32609, -1.48741, 1.76207, -2.26711, 4.65644, 0.0]","[-6.92635, -0.36639, 2.39486]",open,
90.25,1786779718.152,sample,"[2.37383, -1.48743, 1.76206, -2.26711, 4.65643, 0.0]","[-6.94632, -0.39678, 2.39487]",open,
90.35,1786779718.2443,sample,"[2.42496, -1.48744, 1.76206, -2.26711, 4.65643, -0.0]","[-6.96608, -0.43034, 2.39488]",open,
90.45,1786779718.3377,sample,"[2.4483, -1.48745, 1.76207, -2.26711, 4.65643, -0.0]","[-6.97452, -0.44599, 2.39489]",open,
90.55,1786779718.4273,sample,"[2.45688, -1.48745, 1.76207, -2.26711, 4.65643, 0.0]","[-6.97754, -0.45179, 2.39489]",open,
90.65,1786779718.5157,sample,"[2.46004, -1.48745, 1.76207, -2.2671, 4.65643, 0.0]","[-6.97863, -0.45393, 2.39488]",open,
90.75,1786779718.603,sample,"[2.43608, -1.48745, 1.76207, -2.2671, 4.65644, 0.0]","[-6.97015, -0.43777, 2.39488]",open,
90.85,1786779718.6908,sample,"[2.38933, -1.48745, 1.76207, -2.2671, 4.65644, 0.0]","[-6.95249, -0.40685, 2.39488]",open,
90.95,1786779718.7773,sample,"[2.33421, -1.48745, 1.76207, -2.26709, 4.65645, 0.0]","[-6.92984, -0.3715, 2.39488]",open,
91.05,1786779718.8737,sample,"[2.276, -1.48745, 1.76207, -2.26709, 4.65645, 0.0]","[-6.90385, -0.33559, 2.39488]",open,
91.15,1786779718.9639,sample,"[2.21666, -1.48745, 1.76207, -2.26709, 4.65646, 0.0]","[-6.87524, -0.30059, 2.39488]",open,
91.25,1786779719.0562,sample,"[2.15691, -1.48745, 1.76207, -2.26709, 4.65647, 0.0]","[-6.84439, -0.26713, 2.39488]",open,
91.35,1786779719.1585,sample,"[2.097, -1.48745, 1.76207, -2.26709, 4.65647, 0.0]","[-6.81151, -0.23549, 2.39488]",open,
91.45,1786779719.2599,sample,"[2.03703, -1.48745, 1.76207, -2.26709, 4.65648, 0.0]","[-6.77676, -0.20585, 2.39488]",open,
91.55,1786779719.3608,sample,"[1.97704, -1.48745, 1.76207, -2.26709, 4.65648, 0.0]","[-6.74028, -0.17834, 2.39488]",open,
91.65,1786779719.4608,sample,"[1.91705, -1.48745, 1.76207, -2.26709, 4.65649, 0.0]","[-6.70222, -0.15306, 2.39488]",open,
91.75,1786779719.5629,sample,"[1.85705, -1.48745, 1.76207, -2.26709, 4.65649, 0.0]","[-6.6627, -0.1301, 2.39488]",open,
91.85,1786779719.6633,sample,"[1.79705, -1.48745, 1.76207, -2.26709, 4.6565, 0.0]","[-6.62188, -0.10956, 2.39488]",open,
91.95,1786779719.7671,sample,"[1.73705, -1.48745, 1.76207, -2.26709, 4.65651, 0.0]","[-6.5799, -0.0915, 2.39488]",open,
92.05,1786779719.8855,sample,"[1.67705, -1.48745, 1.76207, -2.26709, 4.65651, 0.0]","[-6.53691, -0.07599, 2.39488]",open,
92.15,1786779719.9913,sample,"[1.61705, -1.48745, 1.76207, -2.26709, 4.65652, 0.0]","[-6.49307, -0.06309, 2.39488]",open,
92.25,1786779720.0927,sample,"[1.55858, -1.48745, 1.76207, -2.26709, 4.65652, 0.0]","[-6.44968, -0.05307, 2.39488]",open,
92.35,1786779720.1866,sample,"[1.52906, -1.48745, 1.76207, -2.26709, 4.65652, 0.0]","[-6.42756, -0.04898, 2.39488]",open,
92.45,1786779720.2823,sample,"[1.5182, -1.48745, 1.76207, -2.26709, 4.65652, 0.0]","[-6.4194, -0.04763, 2.39488]",open,
92.55,1786779720.3827,sample,"[1.5142, -1.48745, 1.76207, -2.26709, 4.65652, 0.0]","[-6.41639, -0.04716, 2.39488]",open,
92.65,1786779720.4796,sample,"[1.51273, -1.48745, 1.76207, -2.26709, 4.65652, 0.0]","[-6.41529, -0.04699, 2.39488]",open,
92.75,1786779720.5895,sample,"[1.51219, -1.49623, 1.76208, -2.26709, 4.65652, 0.0]","[-6.41509, -0.05063, 2.4014]",open,
92.85,1786779720.6948,sample,"[1.512, -1.50331, 1.76206, -2.26709, 4.65652, 0.0]","[-6.41513, -0.05362, 2.40665]",open,
92.95,1786779720.793,sample,"[1.51193, -1.50592, 1.76206, -2.26709, 4.65652, 0.0]","[-6.41514, -0.05473, 2.40857]",open,
93.05,1786779720.8947,sample,"[1.51191, -1.50687, 1.76207, -2.26709, 4.65652, 0.0]","[-6.41516, -0.05514, 2.40927]",open,
93.15,1786779720.9924,sample,"[1.51191, -1.49526, 1.76208, -2.26709, 4.65652, 0.0]","[-6.41486, -0.05018, 2.40068]",open,
93.25,1786779721.0903,sample,"[1.5119, -1.49031, 1.76207, -2.26709, 4.65652, 0.0]","[-6.41473, -0.04809, 2.39701]",open,
93.35,1786779721.1866,sample,"[1.51189, -1.48849, 1.76207, -2.26709, 4.65652, 0.0]","[-6.41468, -0.04733, 2.39565]",open,
93.45,1786779721.29,sample,"[1.51188, -1.48783, 1.77036, -2.26709, 4.65652, 0.0]","[-6.41475, -0.04866, 2.38942]",open,
93.55,1786779721.3883,sample,"[1.51187, -1.5127, 1.80923, -2.26709, 4.65652, 0.0]","[-6.4158, -0.06664, 2.38081]",open,
93.65,1786779721.4821,sample,"[1.51188, -1.55978, 1.86145, -2.26709, 4.65653, 0.0]","[-6.41757, -0.09646, 2.37827]",open,
93.75,1786779721.5754,sample,"[1.51189, -1.61504, 1.91858, -2.26709, 4.65653, 0.0]","[-6.41959, -0.13061, 2.37641]",open,
93.85,1786779721.672,sample,"[1.51189, -1.6733, 1.97753, -2.26709, 4.65653, 0.0]","[-6.4217, -0.16624, 2.37333]",open,
93.95,1786779721.7658,sample,"[1.5119, -1.73266, 2.03714, -2.26709, 4.65654, 0.0]","[-6.42382, -0.20224, 2.36837]",open,
94.05,1786779721.8612,sample,"[1.51191, -1.77362, 2.07819, -2.26709, 4.65653, 0.0]","[-6.42528, -0.22687, 2.36377]",open,
94.15,1786779721.9575,sample,"[1.51192, -1.7887, 2.0933, -2.26709, 4.65653, 0.0]","[-6.42582, -0.23589, 2.36182]",open,
94.25,1786779722.0529,sample,"[1.51193, -1.79425, 2.09886, -2.26709, 4.65653, 0.0]","[-6.42602, -0.2392, 2.36107]",open,
94.35,1786779722.1472,sample,"[1.51193, -1.79629, 2.1009, -2.26709, 4.65653, 0.0]","[-6.42609, -0.24042, 2.36079]",open,
94.45,1786779722.239,sample,"[1.51193, -1.79705, 2.10166, -2.26709, 4.65652, 0.0]","[-6.42612, -0.24087, 2.36068]",open,
94.55,1786779722.3338,sample,"[1.51193, -1.79732, 2.10193, -2.26709, 4.65652, 0.0]","[-6.42612, -0.24103, 2.36065]",open,
94.65,1786779722.4407,sample,"[1.51192, -1.79305, 2.08888, -2.26709, 4.65652, 0.0]","[-6.42586, -0.23665, 2.36727]",open,
94.75,1786779722.5355,sample,"[1.5119, -1.75808, 2.04682, -2.26709, 4.65651, 0.0]","[-6.42453, -0.21428, 2.37653]",open,
94.85,1786779722.6299,sample,"[1.51188, -1.70729, 1.99342, -2.26709, 4.6565, 0.0]","[-6.42268, -0.18314, 2.38334]",open,
94.95,1786779722.7268,sample,"[1.51188, -1.65067, 1.93585, -2.26709, 4.6565, 0.0]","[-6.42064, -0.14856, 2.38774]",open,
95.05,1786779722.8216,sample,"[1.51188, -1.59191, 1.87674, -2.26709, 4.65649, 0.0]","[-6.41852, -0.11265, 2.38979]",open,
95.15,1786779722.9198,sample,"[1.51188, -1.53236, 1.81707, -2.26709, 4.65649, 0.0]","[-6.41638, -0.07625, 2.38956]",open,
95.25,1786779723.0207,sample,"[1.51189, -1.47252, 1.75719, -2.26709, 4.65648, 0.0]","[-6.41423, -0.03977, 2.38708]",open,
95.35,1786779723.1292,sample,"[1.51189, -1.41257, 1.69724, -2.26709, 4.65648, 0.0]","[-6.41209, -0.00345, 2.3824]",open,
95.45,1786779723.2357,sample,"[1.51189, -1.35258, 1.63725, -2.26709, 4.65648, 0.0]","[-6.40997, 0.03254, 2.37553]",open,
95.55,1786779723.3416,sample,"[1.5119, -1.29258, 1.57726, -2.26709, 4.65647, 0.0]","[-6.40788, 0.06807, 2.3665]",open,
95.65,1786779723.4429,sample,"[1.51189, -1.24085, 1.51881, -2.26709, 4.65647, 0.0]","[-6.40601, 0.09954, 2.36168]",open,
95.75,1786779723.5368,sample,"[1.51188, -1.2197, 1.48928, -2.26709, 4.65647, 0.0]","[-6.40519, 0.11332, 2.36317]",open,
95.85,1786779723.6342,sample,"[1.51186, -1.21191, 1.47842, -2.26709, 4.65647, 0.0]","[-6.40488, 0.11836, 2.36365]",open,
95.95,1786779723.7357,sample,"[1.51033, -1.20905, 1.47441, -2.26709, 4.65647, 0.0]","[-6.40336, 0.12036, 2.36383]",open,
96.05,1786779723.8322,sample,"[1.47986, -1.20799, 1.47294, -2.2671, 4.65648, -0.0]","[-6.37521, 0.12377, 2.36389]",open,
96.15,1786779723.9295,sample,"[1.43072, -1.2076, 1.4724, -2.2671, 4.65649, -0.0]","[-6.32971, 0.12659, 2.36391]",open,
96.25,1786779724.0258,sample,"[1.37472, -1.20745, 1.4722, -2.2671, 4.65649, -0.0]","[-6.27778, 0.1269, 2.36391]",open,
96.35,1786779724.1247,sample,"[1.31619, -1.20741, 1.47214, -2.2671, 4.6565, 0.0]","[-6.22359, 0.12404, 2.36392]",open,
96.45,1786779724.2235,sample,"[1.27553, -1.20738, 1.47211, -2.26709, 4.6565, 0.0]","[-6.18609, 0.12019, 2.36391]",open,
96.55,1786779724.3245,sample,"[1.26886, -1.20737, 1.47209, -2.2671, 4.6565, 0.0]","[-6.17996, 0.11941, 2.36391]",open,
96.65,1786779724.4198,sample,"[1.30221, -1.20737, 1.47207, -2.2671, 4.65649, 0.0]","[-6.21067, 0.1229, 2.36393]",open,
96.75,1786779724.5187,sample,"[1.3524, -1.20737, 1.47206, -2.2671, 4.65648, 0.0]","[-6.25709, 0.12622, 2.36393]",open,
96.85,1786779724.619,sample,"[1.40879, -1.20737, 1.47206, -2.2671, 4.65647, 0.0]","[-6.30936, 0.12717, 2.36393]",open,
96.95,1786779724.7328,sample,"[1.46747, -1.20737, 1.47206, -2.26711, 4.65646, 0.0]","[-6.36372, 0.12503, 2.36393]",open,
97.05,1786779724.8418,sample,"[1.52698, -1.20737, 1.47206, -2.26711, 4.65645, 0.0]","[-6.41862, 0.1196, 2.36394]",open,
97.15,1786779724.9432,sample,"[1.568, -1.20737, 1.47207, -2.26711, 4.65645, -0.0]","[-6.45623, 0.11396, 2.36393]",open,
97.25,1786779725.051,sample,"[1.58309, -1.20737, 1.47207, -2.26711, 4.65645, -0.0]","[-6.47001, 0.1115, 2.36393]",open,
97.35,1786779725.1508,sample,"[1.58864, -1.20737, 1.47207, -2.26711, 4.65645, 0.0]","[-6.47506, 0.11054, 2.36393]",open,
97.45,1786779725.2482,sample,"[1.59068, -1.20737, 1.47207, -2.2671, 4.65645, 0.0]","[-6.47692, 0.11018, 2.36393]",open,
97.55,1786779725.3555,sample,"[1.58708, -1.20737, 1.47207, -2.2671, 4.65646, -0.0]","[-6.47364, 0.11081, 2.36393]",open,
97.65,1786779725.4543,sample,"[1.55234, -1.20737, 1.47207, -2.2671, 4.65647, -0.0]","[-6.44191, 0.11629, 2.36393]",open,
97.75,1786779725.5548,sample,"[1.50164, -1.20737, 1.47207, -2.2671, 4.65648, 0.0]","[-6.39528, 0.12231, 2.36392]",open,
97.85,1786779725.6547,sample,"[1.45821, -1.20737, 1.47207, -2.26709, 4.65648, 0.0]","[-6.35515, 0.12558, 2.36393]",open,
97.95,1786779725.7521,sample,"[1.44156, -1.20737, 1.47207, -2.26709, 4.65648, 0.0]","[-6.33973, 0.12637, 2.36393]",open,
98.05,1786779725.8529,sample,"[1.43543, -1.20737, 1.47207, -2.26709, 4.65648, 0.0]","[-6.33406, 0.12659, 2.36393]",open,
98.15,1786779725.9489,sample,"[1.43318, -1.20737, 1.47207, -2.26709, 4.65648, 0.0]","[-6.33197, 0.12667, 2.36393]",open,
98.25,1786779726.0498,sample,"[1.43236, -1.18859, 1.47205, -2.26709, 4.65648, 0.0]","[-6.33023, 0.13374, 2.34672]",open,
98.35,1786779726.1488,sample,"[1.43205, -1.14374, 1.47206, -2.26709, 4.65648, 0.0]","[-6.32778, 0.14925, 2.30507]",open,
98.45,1786779726.2466,sample,"[1.43194, -1.08931, 1.47206, -2.26709, 4.65648, 0.0]","[-6.32539, 0.16556, 2.25364]",open,
98.55,1786779726.3445,sample,"[1.43191, -1.03136, 1.47207, -2.2671, 4.65648, 0.0]","[-6.32336, 0.17986, 2.19799]",open,
98.65,1786779726.4428,sample,"[1.4319, -0.97211, 1.47207, -2.2671, 4.65648, 0.0]","[-6.32178, 0.19115, 2.14033]",open,
98.75,1786779726.5456,sample,"[1.43189, -0.91673, 1.47209, -2.2671, 4.65648, 0.0]","[-6.32072, 0.19861, 2.0859]",open,
98.85,1786779726.6454,sample,"[1.43188, -0.89183, 1.47209, -2.2671, 4.65648, 0.0]","[-6.32037, 0.201, 2.06131]",open,
98.95,1786779726.7468,sample,"[1.43186, -0.88269, 1.47208, -2.2671, 4.65648, -0.0]","[-6.32026, 0.20173, 2.05228]",open,
99.05,1786779726.8487,sample,"[1.43185, -0.87933, 1.47207, -2.2671, 4.65648, 0.0]","[-6.32021, 0.20198, 2.04896]",open,
99.15,1786779726.9511,sample,"[1.43184, -0.87809, 1.47207, -2.2671, 4.65648, -0.0]","[-6.32019, 0.20207, 2.04774]",open,
99.25,1786779727.0609,sample,"[1.43184, -0.87764, 1.47207, -2.2671, 4.65648, -0.0]","[-6.32018, 0.2021, 2.04729]",open,
99.35,1786779727.1665,sample,"[1.43184, -0.87747, 1.47207, -2.2671, 4.65648, -0.0]","[-6.32018, 0.20211, 2.04713]",open,
99.45,1786779727.2758,sample,"[1.43184, -0.87893, 1.47208, -2.2671, 4.65649, -0.0]","[-6.3202, 0.202, 2.04856]",open,
99.55,1786779727.3825,sample,"[1.43185, -0.90937, 1.4721, -2.26709, 4.65649, -0.0]","[-6.32057, 0.19938, 2.07864]",open,
99.65,1786779727.4863,sample,"[1.43185, -0.95851, 1.47208, -2.26709, 4.65649, -0.0]","[-6.32143, 0.19325, 2.127]",open,
99.75,1786779727.5857,sample,"[1.43186, -1.01452, 1.47207, -2.26709, 4.65649, 0.0]","[-6.32281, 0.18341, 2.18167]",open,
99.85,1786779727.6856,sample,"[1.43185, -1.05427, 1.47205, -2.26709, 4.65649, 0.0]","[-6.32404, 0.17459, 2.2201]",open,
99.95,1786779727.7887,sample,"[1.43184, -1.06888, 1.47205, -2.26709, 4.65649, 0.0]","[-6.32454, 0.17097, 2.23413]",open,
100.05,1786779727.8933,sample,"[1.43184, -1.07425, 1.47206, -2.26709, 4.65649, 0.0]","[-6.32473, 0.16959, 2.23926]",open,
100.15,1786779727.9898,sample,"[1.43184, -1.07623, 1.47207, -2.26709, 4.65649, 0.0]","[-6.3248, 0.16907, 2.24115]",open,
100.25,1786779728.0892,sample,"[1.43184, -1.07695, 1.47207, -2.26709, 4.65649, 0.0]","[-6.32483, 0.16888, 2.24184]",open,
100.35,1786779728.1957,sample,"[1.43184, -1.07722, 1.47207, -2.26709, 4.65649, 0.0]","[-6.32484, 0.16881, 2.24209]",open,
100.45,1786779728.3005,sample,"[1.45262, -1.07731, 1.47207, -2.26709, 4.65649, 0.0]","[-6.34497, 0.16806, 2.24218]",open,
100.55,1786779728.4053,sample,"[1.47794, -1.07736, 1.47207, -2.26709, 4.65648, 0.0]","[-6.36946, 0.1666, 2.24223]",open,
100.65,1786779728.5023,sample,"[1.49939, -1.07737, 1.47207, -2.26709, 4.65649, 0.0]","[-6.39018, 0.16488, 2.24224]",open,
100.75,1786779728.6017,sample,"[1.50881, -1.07737, 1.47207, -2.26709, 4.65649, 0.0]","[-6.39926, 0.16399, 2.24224]",open,
100.85,1786779728.6971,sample,"[1.54218, -1.07737, 1.47207, -2.26709, 4.65648, 0.0]","[-6.43138, 0.16014, 2.24224]",open,
100.95,1786779728.7963,sample,"[1.57924, -1.07737, 1.47207, -2.26709, 4.65648, -0.0]","[-6.46686, 0.15462, 2.24224]",open,
101.05,1786779728.8922,sample,"[1.59355, -1.07737, 1.47207, -2.26709, 4.65648, -0.0]","[-6.4805, 0.15213, 2.24224]",open,
101.15,1786779728.9906,sample,"[1.6071, -1.07737, 1.47207, -2.26709, 4.65648, 0.0]","[-6.49338, 0.1496, 2.24224]",open,
101.25,1786779729.0873,sample,"[1.64788, -1.07737, 1.47207, -2.2671, 4.65647, 0.0]","[-6.53193, 0.14093, 2.24224]",open,
101.35,1786779729.1847,sample,"[1.67569, -1.07737, 1.47207, -2.26709, 4.65647, -0.0]","[-6.55801, 0.13411, 2.24224]",open,
101.45,1786779729.2806,sample,"[1.68592, -1.07737, 1.47207, -2.26709, 4.65648, -0.0]","[-6.56755, 0.13142, 2.24224]",open,
101.55,1786779729.3763,sample,"[1.68968, -1.07737, 1.47207, -2.26709, 4.65648, 0.0]","[-6.57105, 0.13041, 2.24224]",open,
101.65,1786779729.4707,sample,"[1.69107, -1.07737, 1.47207, -2.26709, 4.65648, 0.0]","[-6.57234, 0.13003, 2.24224]",open,
101.75,1786779729.5696,sample,"[1.69157, -1.07737, 1.47207, -2.26709, 4.65649, 0.0]","[-6.57282, 0.1299, 2.24224]",open,
101.85,1786779729.6608,sample,"[1.69176, -1.07737, 1.47207, -2.26709, 4.65649, 0.0]","[-6.57299, 0.12985, 2.24224]",open,
101.95,1786779729.7603,sample,"[1.69184, -1.07737, 1.47207, -2.26709, 4.65649, 0.0]","[-6.57306, 0.12982, 2.24224]",open,
102.05,1786779729.8541,sample,"[1.69184, -1.07737, 1.47207, -2.26709, 4.65649, 0.0]","[-6.57306, 0.12982, 2.24224]",open,
102.15,1786779729.9504,sample,"[1.69184, -1.07737, 1.47207, -2.26709, 4.65649, 0.0]","[-6.57306, 0.12982, 2.24224]",open,
102.25,1786779730.0537,sample,"[1.69184, -1.07301, 1.45891, -2.26709, 4.65649, 0.0]","[-6.57363, 0.13452, 2.24684]",open,
102.35,1786779730.1516,sample,"[1.69185, -1.038, 1.41682, -2.26709, 4.65649, 0.0]","[-6.57612, 0.15489, 2.24103]",open,
102.45,1786779730.2469,sample,"[1.69184, -1.00034, 1.38224, -2.26709, 4.65649, 0.0]","[-6.57839, 0.17357, 2.22689]",open,
102.55,1786779730.3438,sample,"[1.69183, -0.98581, 1.36951, -2.26709, 4.65649, 0.0]","[-6.57922, 0.18049, 2.22082]",open,
102.65,1786779730.4386,sample,"[1.69184, -0.98046, 1.36482, -2.26709, 4.65649, 0.0]","[-6.57953, 0.18302, 2.21856]",open,
102.75,1786779730.5333,sample,"[1.69184, -0.97849, 1.36309, -2.26709, 4.65649, 0.0]","[-6.57964, 0.18395, 2.21773]",open,
102.85,1786779730.6383,sample,"[1.69184, -0.97778, 1.36398, -2.26709, 4.65649, 0.0]","[-6.57964, 0.18388, 2.21641]",open,
102.95,1786779730.737,sample,"[1.69185, -0.99631, 1.39425, -2.26709, 4.65649, 0.0]","[-6.57812, 0.17132, 2.21484]",open,
103.05,1786779730.8377,sample,"[1.69186, -1.04106, 1.4433, -2.26709, 4.65649, 0.0]","[-6.57517, 0.14699, 2.22634]",open,
103.15,1786779730.9348,sample,"[1.69185, -1.08716, 1.48044, -2.26709, 4.65649, 0.0]","[-6.57248, 0.12495, 2.246]",open,
103.25,1786779731.0313,sample,"[1.69184, -1.10626, 1.49411, -2.26709, 4.65649, 0.0]","[-6.57139, 0.11609, 2.25496]",open,
103.35,1786779731.1288,sample,"[1.69184, -1.11329, 1.49915, -2.26709, 4.6565, 0.0]","[-6.57099, 0.1128, 2.2582]",open,
103.45,1786779731.2246,sample,"[1.69184, -1.11587, 1.501, -2.26709, 4.6565, 0.0]","[-6.57084, 0.11158, 2.25938]",open,
103.55,1786779731.3223,sample,"[1.69184, -1.11682, 1.50169, -2.26709, 4.6565, 0.0]","[-6.57079, 0.11113, 2.25981]",open,
103.65,1786779731.4232,sample,"[1.69184, -1.11718, 1.50194, -2.26709, 4.6565, 0.0]","[-6.57077, 0.11097, 2.25997]",open,
103.75,1786779731.516,sample,"[1.69184, -1.1173, 1.50203, -2.26709, 4.6565, 0.0]","[-6.57076, 0.11091, 2.26004]",open,
103.85,1786779731.6148,sample,"[1.69184, -1.11736, 1.50207, -2.26709, 4.6565, 0.0]","[-6.57076, 0.11088, 2.26006]",open,
103.95,1786779731.7091,sample,"[1.69184, -1.11737, 1.50207, -2.26709, 4.6565, 0.0]","[-6.57076, 0.11088, 2.26007]",open,
104.05,1786779731.8084,sample,"[1.69184, -1.11737, 1.50207, -2.26709, 4.6565, 0.0]","[-6.57076, 0.11088, 2.26007]",open,
104.15,1786779731.9047,sample,"[1.69184, -1.11737, 1.50207, -2.26709, 4.6565, 0.0]","[-6.57076, 0.11088, 2.26007]",open,
104.25,1786779732.0066,sample,"[1.69184, -1.11737, 1.50207, -2.26709, 4.6565, 0.0]","[-6.57076, 0.11088, 2.26007]",open,
104.35,1786779732.1039,sample,"[1.69184, -1.11737, 1.50206, -2.29228, 4.6565, 0.0]","[-6.57091, 0.11214, 2.26358]",open,
104.45,1786779732.2033,sample,"[1.69184, -1.11737, 1.50206, -2.32065, 4.6565, 0.0]","[-6.57107, 0.11345, 2.26756]",open,
104.55,1786779732.3046,sample,"[1.69184, -1.11737, 1.50206, -2.3311, 4.6565, 0.0]","[-6.57113, 0.11391, 2.26903]",open,
104.65,1786779732.4033,sample,"[1.69184, -1.11737, 1.50207, -2.33494, 4.6565, 0.0]","[-6.57115, 0.11407, 2.26958]",open,
104.75,1786779732.4993,sample,"[1.69184, -1.11737, 1.50207, -2.33636, 4.6565, 0.0]","[-6.57115, 0.11413, 2.26978]",open,
104.85,1786779732.5947,sample,"[1.69184, -1.11737, 1.50207, -2.33688, 4.6565, 0.0]","[-6.57116, 0.11416, 2.26985]",open,
104.95,1786779732.698,sample,"[1.69184, -1.11737, 1.50207, -2.33708, 4.6565, 0.0]","[-6.57116, 0.11416, 2.26988]",open,
105.05,1786779732.7955,sample,"[1.69184, -1.11737, 1.50207, -2.3371, 4.6565, 0.0]","[-6.57116, 0.11417, 2.26988]",open,
105.15,1786779732.8967,sample,"[1.69184, -1.11737, 1.50207, -2.3371, 4.6565, 0.0]","[-6.57116, 0.11416, 2.26988]",open,
105.25,1786779732.9965,sample,"[1.69184, -1.11737, 1.50207, -2.3371, 4.6565, 0.0]","[-6.57116, 0.11417, 2.26988]",open,
105.35,1786779733.0964,sample,"[1.69184, -1.11737, 1.50207, -2.32883, 4.6565, 0.0]","[-6.57111, 0.11381, 2.26871]",open,
105.45,1786779733.1934,sample,"[1.69184, -1.11737, 1.50207, -2.29438, 4.6565, 0.0]","[-6.57092, 0.11224, 2.26386]",open,
105.55,1786779733.2963,sample,"[1.69184, -1.11737, 1.50208, -2.25838, 4.6565, 0.0]","[-6.5707, 0.11042, 2.25886]",open,
105.65,1786779733.3972,sample,"[1.69184, -1.11737, 1.50207, -2.21884, 4.6565, 0.0]","[-6.57044, 0.10822, 2.25345]",open,
105.75,1786779733.4946,sample,"[1.69184, -1.11737, 1.50208, -2.1737, 4.65651, 0.0]","[-6.5701, 0.10545, 2.24739]",open,
105.85,1786779733.5928,sample,"[1.69184, -1.11737, 1.50207, -2.1443, 4.65651, 0.0]","[-6.56986, 0.1035, 2.24351]",open,
105.95,1786779733.6927,sample,"[1.69184, -1.11737, 1.50207, -2.13348, 4.65651, 0.0]","[-6.56977, 0.10276, 2.24211]",open,
106.05,1786779733.7881,sample,"[1.69184, -1.11737, 1.50207, -2.1295, 4.65652, 0.0]","[-6.56974, 0.10248, 2.24159]",open,
106.15,1786779733.8914,sample,"[1.69184, -1.10424, 1.50206, -2.12803, 4.65652, 0.0]","[-6.57014, 0.10575, 2.22919]",open,
106.25,1786779733.9908,sample,"[1.69185, -1.06215, 1.50206, -2.12749, 4.65652, 0.0]","[-6.57132, 0.11543, 2.1897]",open,
106.35,1786779734.0887,sample,"[1.69184, -1.02751, 1.5021, -2.12728, 4.65652, -0.0]","[-6.57213, 0.12215, 2.15691]",open,
106.45,1786779734.1854,sample,"[1.69184, -1.01478, 1.5021, -2.12726, 4.65652, -0.0]","[-6.5724, 0.12435, 2.14483]",open,
106.55,1786779734.2848,sample,"[1.69184, -1.0101, 1.50209, -2.12725, 4.65652, -0.0]","[-6.57249, 0.12513, 2.14038]",open,
106.65,1786779734.3827,sample,"[1.69184, -1.00838, 1.50208, -2.12724, 4.65652, -0.0]","[-6.57253, 0.12541, 2.13875]",open,
106.75,1786779734.478,sample,"[1.69184, -1.00774, 1.50207, -2.12723, 4.65652, -0.0]","[-6.57254, 0.12551, 2.13814]",open,
106.85,1786779734.5767,sample,"[1.69184, -1.00752, 1.50207, -2.12723, 4.65652, -0.0]","[-6.57254, 0.12555, 2.13793]",open,
106.95,1786779734.6776,sample,"[1.69184, -0.9943, 1.50206, -2.12722, 4.65652, -0.0]","[-6.57279, 0.12758, 2.12534]",open,
107.05,1786779734.7754,sample,"[1.69183, -0.97727, 1.50209, -2.12722, 4.65652, -0.0]","[-6.57307, 0.12994, 2.10907]",open,
107.15,1786779734.8814,sample,"[1.69184, -0.97102, 1.50208, -2.12721, 4.65652, -0.0]","[-6.57317, 0.13075, 2.10309]",open,
107.25,1786779734.9798,sample,"[1.69184, -0.96872, 1.50207, -2.12721, 4.65652, -0.0]","[-6.57321, 0.13104, 2.10089]",open,
107.35,1786779735.0748,sample,"[1.69184, -0.96787, 1.50207, -2.1272, 4.65652, -0.0]","[-6.57322, 0.13114, 2.10008]",open,
107.45,1786779735.1737,sample,"[1.69184, -0.96757, 1.50207, -2.1272, 4.65652, -0.0]","[-6.57323, 0.13118, 2.09979]",open,
107.55,1786779735.2737,sample,"[1.69184, -0.96745, 1.50207, -2.1272, 4.65652, -0.0]","[-6.57323, 0.13119, 2.09968]",open,
107.65,1786779735.3733,sample,"[1.69184, -0.96741, 1.50207, -2.12719, 4.65652, -0.0]","[-6.57323, 0.1312, 2.09964]",open,
107.75,1786779735.4718,sample,"[1.69184, -0.96739, 1.50207, -2.12719, 4.65652, -0.0]","[-6.57323, 0.1312, 2.09962]",open,
107.85,1786779735.5739,sample,"[1.69184, -0.96739, 1.50207, -2.12718, 4.65652, -0.0]","[-6.57323, 0.1312, 2.09961]",open,
107.95,1786779735.6784,sample,"[1.69184, -0.96739, 1.50207, -2.12718, 4.65652, -0.0]","[-6.57323, 0.1312, 2.09961]",open,
108.05,1786779735.7763,sample,"[1.69184, -0.96739, 1.50207, -2.12718, 4.65652, -0.0]","[-6.57323, 0.1312, 2.09961]",open,
108.15,1786779735.8732,sample,"[1.69184, -0.96739, 1.50207, -2.12717, 4.65652, -0.0]","[-6.57323, 0.1312, 2.09961]",open,
108.25,1786779735.9671,sample,"[1.69184, -0.96739, 1.50207, -2.12717, 4.65652, -0.0]","[-6.57323, 0.1312, 2.09961]",open,
108.35,1786779736.0611,sample,"[1.69184, -0.96739, 1.50207, -2.12717, 4.65652, -0.0]","[-6.57323, 0.1312, 2.09961]",open,
108.45,1786779736.1576,sample,"[1.69185, -0.98052, 1.50211, -2.12717, 4.65652, -0.0]","[-6.57303, 0.1295, 2.11215]",open,
108.55,1786779736.2531,sample,"[1.69185, -1.02262, 1.5021, -2.12716, 4.65652, -0.0]","[-6.57225, 0.123, 2.15225]",open,
108.65,1786779736.3518,sample,"[1.69185, -1.0629, 1.50208, -2.12716, 4.65652, -0.0]","[-6.5713, 0.11524, 2.19035]",open,
108.75,1786779736.4496,sample,"[1.69184, -1.07839, 1.50207, -2.12716, 4.65652, 0.0]","[-6.57088, 0.11185, 2.20491]",open,
108.85,1786779736.5431,sample,"[1.69184, -1.08408, 1.50207, -2.12716, 4.65652, 0.0]","[-6.57072, 0.11054, 2.21024]",open,
108.95,1786779736.6403,sample,"[1.69184, -1.08617, 1.50207, -2.12715, 4.65652, 0.0]","[-6.57066, 0.11006, 2.2122]",open,
109.05,1786779736.7337,sample,"[1.69184, -1.08693, 1.50207, -2.12715, 4.65652, 0.0]","[-6.57064, 0.10988, 2.21291]",open,
109.15,1786779736.8322,sample,"[1.69184, -1.08722, 1.50207, -2.12715, 4.65652, 0.0]","[-6.57063, 0.10981, 2.21318]",open,
109.25,1786779736.9307,sample,"[1.69184, -1.08732, 1.50207, -2.12715, 4.65652, 0.0]","[-6.57063, 0.10979, 2.21327]",open,
109.35,1786779737.033,sample,"[1.69031, -1.08737, 1.50207, -2.12715, 4.65652, -0.0]","[-6.56924, 0.11019, 2.21332]",open,
109.45,1786779737.1355,sample,"[1.66421, -1.08737, 1.50207, -2.12714, 4.65653, -0.0]","[-6.54539, 0.1169, 2.21332]",open,
109.55,1786779737.2384,sample,"[1.65009, -1.08737, 1.50207, -2.12714, 4.65653, 0.0]","[-6.53242, 0.12028, 2.21332]",open,
109.65,1786779737.3365,sample,"[1.64489, -1.08737, 1.50207, -2.12714, 4.65653, 0.0]","[-6.52763, 0.12147, 2.21332]",open,
109.75,1786779737.4395,sample,"[1.64298, -1.08737, 1.50207, -2.12714, 4.65653, 0.0]","[-6.52587, 0.1219, 2.21332]",open,
109.85,1786779737.5372,sample,"[1.64228, -1.08737, 1.50207, -2.12714, 4.65653, 0.0]","[-6.52522, 0.12206, 2.21332]",open,
109.95,1786779737.6356,sample,"[1.64202, -1.08737, 1.50207, -2.12713, 4.65653, 0.0]","[-6.52498, 0.12212, 2.21332]",open,
110.05,1786779737.7319,sample,"[1.64192, -1.08737, 1.50207, -2.12713, 4.65653, 0.0]","[-6.5249, 0.12214, 2.21332]",open,
110.15,1786779737.8348,sample,"[1.62874, -1.08737, 1.50207, -2.12713, 4.65653, -0.0]","[-6.51272, 0.12503, 2.21332]",open,
110.25,1786779737.9343,sample,"[1.58663, -1.08737, 1.50207, -2.12712, 4.65654, -0.0]","[-6.4736, 0.13316, 2.21332]",open,
110.35,1786779738.0297,sample,"[1.53321, -1.08737, 1.50207, -2.12712, 4.65655, -0.0]","[-6.42352, 0.1411, 2.21332]",open,
110.45,1786779738.1314,sample,"[1.47563, -1.08737, 1.50207, -2.12711, 4.65656, 0.0]","[-6.36916, 0.14665, 2.21332]",open,
110.55,1786779738.2322,sample,"[1.44164, -1.08737, 1.50207, -2.12711, 4.65656, 0.0]","[-6.33695, 0.14845, 2.21332]",open,
110.65,1786779738.3384,sample,"[1.42914, -1.08737, 1.50207, -2.12711, 4.65656, 0.0]","[-6.32509, 0.14884, 2.21332]",open,
110.75,1786779738.4403,sample,"[1.43769, -1.08737, 1.50207, -2.12711, 4.65655, 0.0]","[-6.3332, 0.14859, 2.21332]",open,
110.85,1786779738.5354,sample,"[1.4781, -1.08737, 1.50207, -2.12711, 4.65654, 0.0]","[-6.37149, 0.14647, 2.21332]",open,
110.95,1786779738.6347,sample,"[1.53089, -1.08737, 1.50207, -2.12712, 4.65654, -0.0]","[-6.42133, 0.14138, 2.21332]",open,
111.05,1786779738.7264,sample,"[1.58824, -1.08737, 1.50207, -2.12712, 4.65653, -0.0]","[-6.47509, 0.13288, 2.21332]",open,
111.15,1786779738.8218,sample,"[1.64726, -1.08737, 1.50207, -2.12712, 4.65653, 0.0]","[-6.52982, 0.12093, 2.21332]",open,
111.25,1786779738.9207,sample,"[1.7069, -1.08737, 1.50207, -2.12712, 4.65652, -0.0]","[-6.5843, 0.10559, 2.21332]",open,
111.35,1786779739.0235,sample,"[1.76241, -1.08737, 1.50207, -2.12713, 4.65652, -0.0]","[-6.63411, 0.08842, 2.21332]",open,
111.45,1786779739.1193,sample,"[1.78736, -1.08737, 1.50207, -2.12712, 4.65652, -0.0]","[-6.65616, 0.07981, 2.21332]",open,
111.55,1786779739.2168,sample,"[1.79653, -1.08737, 1.50207, -2.12712, 4.65652, -0.0]","[-6.66422, 0.07651, 2.21332]",open,
111.65,1786779739.3107,sample,"[1.79991, -1.08737, 1.50207, -2.12712, 4.65652, -0.0]","[-6.66717, 0.07528, 2.21332]",open,
111.75,1786779739.4114,sample,"[1.80944, -1.08737, 1.50207, -2.12712, 4.65652, 0.0]","[-6.6755, 0.07174, 2.21332]",open,
111.85,1786779739.5078,sample,"[1.84874, -1.08737, 1.50207, -2.12713, 4.65651, 0.0]","[-6.70946, 0.05631, 2.21332]",open,
111.95,1786779739.6003,sample,"[1.876, -1.08737, 1.50207, -2.12712, 4.65651, -0.0]","[-6.73265, 0.04483, 2.21332]",open,
112.05,1786779739.6998,sample,"[1.88603, -1.08737, 1.50207, -2.12712, 4.65652, -0.0]","[-6.7411, 0.04045, 2.21332]",open,
112.15,1786779739.7957,sample,"[1.88972, -1.08737, 1.50207, -2.12712, 4.65652, -0.0]","[-6.7442, 0.03881, 2.21332]",open,
112.25,1786779739.8901,sample,"[1.89108, -1.08737, 1.50207, -2.12712, 4.65652, -0.0]","[-6.74534, 0.03821, 2.21332]",open,
112.35,1786779739.981,sample,"[1.89158, -1.08737, 1.50207, -2.12712, 4.65652, -0.0]","[-6.74576, 0.03799, 2.21332]",open,
112.45,1786779740.0733,sample,"[1.89176, -1.08737, 1.50207, -2.12712, 4.65652, 0.0]","[-6.74591, 0.03791, 2.21332]",open,
112.55,1786779740.1664,sample,"[1.89184, -1.08737, 1.50207, -2.12712, 4.65652, 0.0]","[-6.74597, 0.03787, 2.21332]",open,
112.65,1786779740.2623,sample,"[1.89184, -1.08737, 1.50207, -2.12711, 4.65652, 0.0]","[-6.74597, 0.03787, 2.21332]",open,
112.75,1786779740.3627,sample,"[1.89184, -1.0791, 1.50206, -2.12711, 4.65652, 0.0]","[-6.74658, 0.0397, 2.20558]",open,
112.85,1786779740.459,sample,"[1.89184, -1.04026, 1.50205, -2.12711, 4.65652, 0.0]","[-6.74917, 0.04746, 2.16899]",open,
112.95,1786779740.5554,sample,"[1.89183, -1.01314, 1.5021, -2.12711, 4.65652, -0.0]","[-6.75069, 0.05206, 2.14325]",open,
113.05,1786779740.6518,sample,"[1.89184, -1.00317, 1.5021, -2.12711, 4.65652, 0.0]","[-6.7512, 0.05359, 2.13376]",open,
113.15,1786779740.7447,sample,"[1.89184, -0.99951, 1.5021, -2.12711, 4.65651, 0.0]","[-6.75138, 0.05412, 2.13027]",open,
113.25,1786779740.8431,sample,"[1.89184, -0.99817, 1.50209, -2.12711, 4.65651, 0.0]","[-6.75145, 0.05432, 2.129]",open,
113.35,1786779740.9434,sample,"[1.89184, -0.99767, 1.50207, -2.12712, 4.6565, -0.0]","[-6.75147, 0.0544, 2.12854]",open,
113.45,1786779741.0383,sample,"[1.89184, -0.99749, 1.50207, -2.12712, 4.6565, 0.0]","[-6.75148, 0.05443, 2.12837]",open,
113.55,1786779741.1347,sample,"[1.89184, -0.99743, 1.50206, -2.12712, 4.6565, 0.0]","[-6.75148, 0.05444, 2.12831]",open,
113.65,1786779741.23,sample,"[1.89184, -0.9974, 1.50206, -2.12712, 4.6565, 0.0]","[-6.75148, 0.05444, 2.12829]",open,
113.75,1786779741.3289,sample,"[1.89184, -0.9974, 1.50206, -2.12712, 4.6565, -0.0]","[-6.75148, 0.05445, 2.12828]",open,
113.85,1786779741.4243,sample,"[1.89184, -0.9974, 1.50206, -2.12712, 4.6565, 0.0]","[-6.75149, 0.05445, 2.12828]",open,
113.95,1786779741.5247,sample,"[1.89184, -0.9974, 1.50206, -2.12712, 4.65649, -0.0]","[-6.75149, 0.05444, 2.12828]",open,
114.05,1786779741.6242,sample,"[1.89184, -0.9974, 1.50206, -2.12712, 4.65649, 0.0]","[-6.75149, 0.05444, 2.12828]",open,
114.15,1786779741.7234,sample,"[1.89184, -0.9974, 1.50205, -2.12712, 4.65649, 0.0]","[-6.75149, 0.05445, 2.12829]",open,
114.25,1786779741.8203,sample,"[1.89184, -0.9974, 1.50204, -2.12712, 4.65649, -0.0]","[-6.75149, 0.05445, 2.1283]",open,
114.35,1786779741.9192,sample,"[1.89184, -0.9974, 1.50205, -2.12712, 4.6565, -0.0]","[-6.75149, 0.05445, 2.12829]",open,
114.45,1786779742.018,sample,"[1.89184, -0.9974, 1.50205, -2.12712, 4.6565, -0.0]","[-6.75149, 0.05445, 2.12829]",open,
114.55,1786779742.1158,sample,"[1.89184, -0.9974, 1.50205, -2.12712, 4.6565, -0.0]","[-6.75149, 0.05445, 2.1283]",open,
114.65,1786779742.2128,sample,"[1.89184, -0.9974, 1.50205, -2.12712, 4.65649, -0.0]","[-6.75149, 0.05445, 2.1283]",open,
114.75,1786779742.318,sample,"[1.89185, -1.01053, 1.50209, -2.12712, 4.6565, -0.0]","[-6.75084, 0.05247, 2.14077]",open,
114.85,1786779742.4216,sample,"[1.89184, -1.03383, 1.50208, -2.12712, 4.6565, -0.0]","[-6.74954, 0.0486, 2.1629]",open,
114.95,1786779742.5223,sample,"[1.89184, -1.0424, 1.50207, -2.12712, 4.6565, -0.0]","[-6.74903, 0.04706, 2.17101]",open,
115.05,1786779742.6216,sample,"[1.89184, -1.04555, 1.50207, -2.12712, 4.6565, -0.0]","[-6.74884, 0.04648, 2.17399]",open,
115.15,1786779742.7179,sample,"[1.89184, -1.04671, 1.50207, -2.12712, 4.6565, -0.0]","[-6.74876, 0.04626, 2.17508]",open,
115.25,1786779742.8126,sample,"[1.89184, -1.04713, 1.50207, -2.12711, 4.6565, -0.0]","[-6.74874, 0.04618, 2.17548]",open,
115.35,1786779742.9148,sample,"[1.89184, -1.04729, 1.50207, -2.12711, 4.6565, -0.0]","[-6.74873, 0.04615, 2.17563]",open,
115.45,1786779743.0156,sample,"[1.89184, -1.04735, 1.50207, -2.12711, 4.6565, -0.0]","[-6.74872, 0.04614, 2.17569]",open,
115.55,1786779743.1156,sample,"[1.89184, -1.04737, 1.50207, -2.12711, 4.6565, -0.0]","[-6.74872, 0.04614, 2.17571]",open,
115.65,1786779743.2133,sample,"[1.89184, -1.04737, 1.50207, -2.12711, 4.6565, -0.0]","[-6.74872, 0.04614, 2.17571]",open,
115.75,1786779743.3144,sample,"[1.89184, -1.04737, 1.50207, -2.12711, 4.6565, -0.0]","[-6.74872, 0.04614, 2.17571]",open,
115.85,1786779743.414,sample,"[1.89184, -1.04737, 1.50207, -2.12711, 4.6565, -0.0]","[-6.74872, 0.04614, 2.17571]",open,
115.95,1786779743.5094,sample,"[1.89184, -1.04737, 1.50207, -2.1271, 4.6565, -0.0]","[-6.74872, 0.04614, 2.17571]",open,
116.05,1786779743.6164,sample,"[1.89184, -1.04737, 1.50207, -2.1271, 4.6565, -0.0]","[-6.74872, 0.04613, 2.17571]",open,
116.15,1786779743.7172,sample,"[1.89184, -1.04737, 1.50207, -2.1271, 4.6565, -0.0]","[-6.74872, 0.04614, 2.17571]",open,
116.25,1786779743.818,sample,"[1.89184, -1.04737, 1.50207, -2.1271, 4.6565, -0.0]","[-6.74872, 0.04613, 2.17571]",open,
116.35,1786779743.9154,sample,"[1.89184, -1.04737, 1.50207, -2.1271, 4.6565, -0.0]","[-6.74872, 0.04614, 2.17571]",open,
116.45,1786779744.0111,sample,"[1.89184, -1.04737, 1.50207, -2.1271, 4.6565, -0.0]","[-6.74872, 0.04613, 2.17571]",open,
116.55,1786779744.1155,sample,"[1.89184, -1.04737, 1.50207, -2.11397, 4.65651, -0.0]","[-6.74838, 0.04513, 2.17408]",open,
116.65,1786779744.2128,sample,"[1.89184, -1.04737, 1.50207, -2.09704, 4.65651, -0.0]","[-6.74795, 0.0438, 2.172]",open,
116.75,1786779744.3113,sample,"[1.89184, -1.04737, 1.50207, -2.09081, 4.65651, -0.0]","[-6.74778, 0.04331, 2.17124]",open,
116.85,1786779744.4181,sample,"[1.89184, -1.04737, 1.50207, -2.08852, 4.65651, -0.0]","[-6.74772, 0.04312, 2.17096]",open,
116.95,1786779744.5157,sample,"[1.89184, -1.04737, 1.50207, -2.08767, 4.65651, -0.0]","[-6.7477, 0.04306, 2.17086]",open,
117.05,1786779744.6188,sample,"[1.89184, -1.04737, 1.50207, -2.08737, 4.65651, -0.0]","[-6.74769, 0.04303, 2.17083]",open,
117.15,1786779744.7164,sample,"[1.89184, -1.04737, 1.50207, -2.08727, 4.65651, -0.0]","[-6.74769, 0.04302, 2.17081]",open,
117.25,1786779744.8132,sample,"[1.89184, -1.04737, 1.50207, -2.08726, 4.65651, -0.0]","[-6.74769, 0.04302, 2.17081]",open,
117.35,1786779744.9126,sample,"[1.89184, -1.04737, 1.50207, -2.08725, 4.65651, -0.0]","[-6.74769, 0.04302, 2.17081]",open,
117.45,1786779745.0119,sample,"[1.89184, -1.04737, 1.50207, -2.08724, 4.65651, -0.0]","[-6.74769, 0.04302, 2.17081]",open,
117.55,1786779745.1123,sample,"[1.89184, -1.04737, 1.50207, -2.08723, 4.65651, -0.0]","[-6.74768, 0.04302, 2.17081]",open,
117.65,1786779745.2101,sample,"[1.89184, -1.04737, 1.50207, -2.08723, 4.65651, -0.0]","[-6.74769, 0.04302, 2.17081]",open,
117.75,1786779745.3048,sample,"[1.89184, -1.04737, 1.50207, -2.08722, 4.65651, -0.0]","[-6.74769, 0.04302, 2.17081]",open,
117.85,1786779745.4102,sample,"[1.89185, -1.06464, 1.50211, -2.08721, 4.65651, -0.0]","[-6.74659, 0.03969, 2.18701]",open,
117.95,1786779745.5111,sample,"[1.89184, -1.07903, 1.5021, -2.08721, 4.65652, -0.0]","[-6.7456, 0.03674, 2.20048]",open,
118.05,1786779745.6096,sample,"[1.89184, -1.08431, 1.50209, -2.08721, 4.65652, -0.0]","[-6.74522, 0.0356, 2.20542]",open,
118.15,1786779745.7046,sample,"[1.89184, -1.08625, 1.50209, -2.0872, 4.65652, 0.0]","[-6.74508, 0.03518, 2.20723]",open,
118.25,1786779745.8018,sample,"[1.89184, -1.08697, 1.50209, -2.0872, 4.65652, -0.0]","[-6.74503, 0.03503, 2.2079]",open,
118.35,1786779745.9033,sample,"[1.89184, -1.0741, 1.50207, -2.08719, 4.65652, 0.0]","[-6.74595, 0.03778, 2.19588]",open,
118.45,1786779745.9998,sample,"[1.89183, -1.0572, 1.5021, -2.08719, 4.65652, -0.0]","[-6.74706, 0.04116, 2.18003]",open,
118.55,1786779746.0958,sample,"[1.89184, -1.05099, 1.50209, -2.08719, 4.65652, -0.0]","[-6.74746, 0.04234, 2.17419]",open,
118.65,1786779746.1928,sample,"[1.89184, -1.04871, 1.50209, -2.08718, 4.65652, -0.0]","[-6.7476, 0.04276, 2.17205]",open,
118.75,1786779746.2905,sample,"[1.89184, -1.04787, 1.50209, -2.08718, 4.65652, -0.0]","[-6.74765, 0.04292, 2.17126]",open,
118.85,1786779746.3888,sample,"[1.89184, -1.04756, 1.50209, -2.08718, 4.65652, -0.0]","[-6.74767, 0.04298, 2.17096]",open,
118.95,1786779746.4847,sample,"[1.89184, -1.04745, 1.50208, -2.08717, 4.65652, -0.0]","[-6.74768, 0.043, 2.17087]",open,
119.05,1786779746.582,sample,"[1.89184, -1.04742, 1.50208, -2.08717, 4.65652, -0.0]","[-6.74768, 0.043, 2.17084]",open,
119.15,1786779746.6839,sample,"[1.89184, -1.03426, 1.50207, -2.08717, 4.65652, 0.0]","[-6.74846, 0.04535, 2.15844]",open,
119.25,1786779746.7857,sample,"[1.89184, -1.01094, 1.5021, -2.08717, 4.65652, 0.0]","[-6.74971, 0.04912, 2.13637]",open,
119.35,1786779746.8835,sample,"[1.89184, -1.00236, 1.50212, -2.08716, 4.65652, 0.0]","[-6.75013, 0.05037, 2.12823]",open,
119.45,1786779746.9828,sample,"[1.89184, -0.99921, 1.50212, -2.08716, 4.65651, 0.0]","[-6.75028, 0.05082, 2.12524]",open,
119.55,1786779747.0846,sample,"[1.89185, -0.99806, 1.5021, -2.08716, 4.65651, 0.0]","[-6.75034, 0.05099, 2.12415]",open,
119.65,1786779747.1874,sample,"[1.89184, -0.99763, 1.50209, -2.08716, 4.65651, 0.0]","[-6.75036, 0.05105, 2.12376]",open,
119.75,1786779747.2863,sample,"[1.89184, -0.99748, 1.50207, -2.08716, 4.6565, 0.0]","[-6.75037, 0.05108, 2.12362]",open,
119.85,1786779747.3825,sample,"[1.89184, -0.99742, 1.50207, -2.08716, 4.6565, 0.0]","[-6.75037, 0.05109, 2.12357]",open,
119.95,1786779747.4844,sample,"[1.89185, -1.01467, 1.50209, -2.08716, 4.65651, -0.0]","[-6.74953, 0.04854, 2.13991]",open,
120.05,1786779747.5871,sample,"[1.89184, -1.02904, 1.50208, -2.08715, 4.65651, -0.0]","[-6.74876, 0.04623, 2.1535]",open,
120.15,1786779747.6813,sample,"[1.89184, -1.03432, 1.50208, -2.08715, 4.65651, -0.0]","[-6.74846, 0.04534, 2.15849]",open,
120.25,1786779747.7775,sample,"[1.89184, -1.03626, 1.50207, -2.08715, 4.65651, -0.0]","[-6.74834, 0.045, 2.16032]",open,
120.35,1786779747.8755,sample,"[1.89184, -1.03697, 1.50207, -2.08715, 4.65651, -0.0]","[-6.7483, 0.04488, 2.161]",open,
120.45,1786779747.9708,sample,"[1.89184, -1.03723, 1.50207, -2.08715, 4.65651, -0.0]","[-6.74829, 0.04483, 2.16124]",open,
120.55,1786779748.0667,sample,"[1.89184, -1.03732, 1.50207, -2.08715, 4.65651, -0.0]","[-6.74828, 0.04482, 2.16133]",open,
120.65,1786779748.1645,sample,"[1.89184, -1.03737, 1.50207, -2.08715, 4.65651, -0.0]","[-6.74828, 0.04481, 2.16137]",open,
120.75,1786779748.2738,sample,"[1.89184, -1.03737, 1.50207, -2.08714, 4.65651, -0.0]","[-6.74828, 0.04481, 2.16138]",closed,pkg_002
120.85,1786779748.4242,sample,"[1.89192, -1.03728, 1.50202, -2.08708, 4.65639, 0.0]","[-6.74835, 0.0448, 2.16132]",closed,pkg_002
120.95,1786779748.5301,sample,"[1.89196, -1.03725, 1.50197, -2.08704, 4.65628, 0.0]","[-6.74838, 0.0448, 2.16132]",closed,pkg_002
121.05,1786779748.6355,sample,"[1.89199, -1.03724, 1.50195, -2.08702, 4.65623, 0.0]","[-6.7484, 0.0448, 2.16132]",closed,pkg_002
121.15,1786779748.7423,sample,"[1.892, -1.03723, 1.50194, -2.08701, 4.65621, 0.0]","[-6.74841, 0.0448, 2.16132]",closed,pkg_002
121.25,1786779748.8468,sample,"[1.89201, -1.03723, 1.50193, -2.087, 4.65619, 0.0]","[-6.74842, 0.0448, 2.16132]",closed,pkg_002
121.35,1786779748.9488,sample,"[1.89202, -1.03723, 1.50193, -2.087, 4.65617, 0.0]","[-6.74842, 0.0448, 2.16132]",closed,pkg_002
121.45,1786779749.0498,sample,"[1.89202, -1.03723, 1.50192, -2.08699, 4.65616, 0.0]","[-6.74842, 0.0448, 2.16132]",closed,pkg_002
121.55,1786779749.1466,sample,"[1.89202, -1.03723, 1.50192, -2.08698, 4.65613, 0.0]","[-6.74843, 0.0448, 2.16132]",closed,pkg_002
121.65,1786779749.2519,sample,"[1.89203, -1.03722, 1.50192, -2.08698, 4.65613, 0.0]","[-6.74843, 0.0448, 2.16132]",closed,pkg_002
121.75,1786779749.3578,sample,"[1.89202, -1.03869, 1.50387, -2.08699, 4.65619, 0.0]","[-6.74813, 0.04391, 2.16147]",closed,pkg_002
121.85,1786779749.4658,sample,"[1.89201, -1.04486, 1.51275, -2.08699, 4.65626, 0.0]","[-6.7468, 0.03993, 2.16166]",closed,pkg_002
121.95,1786779749.5676,sample,"[1.89196, -1.04662, 1.51526, -2.08701, 4.65603, 0.0]","[-6.74637, 0.03883, 2.16173]",closed,pkg_002
122.05,1786779749.6715,sample,"[1.89197, -1.04711, 1.51596, -2.08699, 4.6558, 0.0]","[-6.74625, 0.03852, 2.16174]",closed,pkg_002
122.15,1786779749.7698,sample,"[1.89199, -1.04724, 1.51615, -2.08696, 4.65566, 0.0]","[-6.74623, 0.03843, 2.16175]",closed,pkg_002
122.25,1786779749.8718,sample,"[1.89201, -1.04726, 1.51618, -2.08693, 4.65557, 0.0]","[-6.74623, 0.0384, 2.16175]",closed,pkg_002
122.35,1786779749.9798,sample,"[1.89203, -1.04726, 1.51617, -2.08691, 4.65553, 0.0]","[-6.74624, 0.0384, 2.16175]",closed,pkg_002
122.45,1786779750.0772,sample,"[1.89203, -1.04725, 1.51616, -2.08689, 4.65551, 0.0]","[-6.74624, 0.0384, 2.16175]",closed,pkg_002
122.55,1786779750.1746,sample,"[1.89204, -1.04725, 1.51614, -2.08688, 4.6555, 0.0]","[-6.74625, 0.03841, 2.16175]",closed,pkg_002
122.65,1786779750.2735,sample,"[1.89204, -1.04724, 1.51614, -2.08687, 4.6555, 0.0]","[-6.74625, 0.03841, 2.16175]",closed,pkg_002
122.75,1786779750.3743,sample,"[1.89204, -1.04724, 1.51613, -2.08687, 4.65549, 0.0]","[-6.74625, 0.03841, 2.16175]",closed,pkg_002
122.85,1786779750.4754,sample,"[1.89204, -1.04723, 1.51613, -2.08687, 4.6555, 0.0]","[-6.74625, 0.03841, 2.16175]",closed,pkg_002
122.95,1786779750.5773,sample,"[1.89204, -1.04723, 1.51612, -2.08686, 4.6555, 0.0]","[-6.74625, 0.03841, 2.16175]",closed,pkg_002
123.05,1786779750.6765,sample,"[1.89204, -1.04723, 1.51612, -2.08686, 4.65549, 0.0]","[-6.74625, 0.03841, 2.16175]",closed,pkg_002
123.15,1786779750.7828,sample,"[1.89204, -1.04723, 1.51612, -2.08686, 4.65549, 0.0]","[-6.74625, 0.03842, 2.16175]",closed,pkg_002
123.25,1786779750.9008,sample,"[1.89204, -1.04723, 1.51612, -2.08686, 4.65549, 0.0]","[-6.74625, 0.03842, 2.16175]",closed,pkg_002
123.35,1786779751.0063,sample,"[1.89204, -1.04723, 1.51612, -2.08686, 4.65549, 0.0]","[-6.74625, 0.03842, 2.16175]",closed,pkg_002
123.45,1786779751.1139,sample,"[1.89204, -1.04723, 1.51612, -2.08686, 4.65549, 0.0]","[-6.74625, 0.03842, 2.16175]",closed,pkg_002
123.55,1786779751.2238,sample,"[1.89204, -1.04723, 1.51612, -2.08686, 4.65549, 0.0]","[-6.74625, 0.03842, 2.16175]",closed,pkg_002
123.65,1786779751.3339,sample,"[1.89204, -1.04723, 1.51612, -2.08686, 4.65549, 0.0]","[-6.74625, 0.03842, 2.16175]",closed,pkg_002
123.75,1786779751.4456,sample,"[1.89204, -1.04723, 1.51612, -2.08686, 4.65549, 0.0]","[-6.74625, 0.03842, 2.16175]",closed,pkg_002
123.85,1786779751.5483,sample,"[1.89204, -1.04723, 1.51612, -2.08686, 4.65549, 0.0]","[-6.74625, 0.03842, 2.16175]",closed,pkg_002
123.95,1786779751.6598,sample,"[1.89204, -1.04723, 1.51612, -2.08686, 4.65549, 0.0]","[-6.74625, 0.03842, 2.16175]",closed,pkg_002
124.05,1786779751.7677,sample,"[1.89204, -1.04723, 1.51612, -2.08686, 4.65549, 0.0]","[-6.74625, 0.03842, 2.16175]",closed,pkg_002
124.15,1786779751.8745,sample,"[1.89204, -1.04723, 1.51612, -2.08686, 4.65549, 0.0]","[-6.74625, 0.03842, 2.16175]",closed,pkg_002
124.25,1786779751.9748,sample,"[1.89204, -1.04723, 1.51612, -2.08686, 4.65549, 0.0]","[-6.74625, 0.03842, 2.16175]",closed,pkg_002
124.35,1786779752.0744,sample,"[1.89204, -1.04723, 1.51612, -2.08686, 4.65549, 0.0]","[-6.74625, 0.03842, 2.16175]",closed,pkg_002
124.45,1786779752.1738,sample,"[1.86724, -1.05482, 1.52764, -2.09054, 4.65824, -1e-05]","[-6.72409, 0.0443, 2.16201]",closed,pkg_002
124.55,1786779752.2747,sample,"[1.82332, -1.09369, 1.58913, -2.11486, 4.66463, -3e-05]","[-6.68049, 0.03601, 2.16205]",closed,pkg_002
124.65,1786779752.3724,sample,"[1.77318, -1.1288, 1.64381, -2.13548, 4.66524, -3e-05]","[-6.63321, 0.02994, 2.16191]",closed,pkg_002
124.75,1786779752.4668,sample,"[1.71899, -1.16674, 1.7013, -2.15555, 4.66518, -3e-05]","[-6.58382, 0.02033, 2.16182]",closed,pkg_002
124.85,1786779752.5667,sample,"[1.66077, -1.20774, 1.76119, -2.17413, 4.6658, -3e-05]","[-6.53307, 0.00668, 2.16191]",closed,pkg_002
124.95,1786779752.679,sample,"[1.59853, -1.25173, 1.82467, -2.19528, 4.66593, -4e-05]","[-6.48159, -0.01156, 2.16169]",closed,pkg_002
125.05,1786779752.7798,sample,"[1.54083, -1.29761, 1.8874, -2.2113, 4.66395, -3e-05]","[-6.43661, -0.03461, 2.16173]",closed,pkg_002
125.15,1786779752.8823,sample,"[1.51587, -1.33785, 1.94137, -2.2258, 4.66142, -2e-05]","[-6.41877, -0.0596, 2.1615]",closed,pkg_002
125.25,1786779752.9812,sample,"[1.50664, -1.36804, 1.98018, -2.23431, 4.6598, -1e-05]","[-6.41313, -0.07937, 2.16144]",closed,pkg_002
125.35,1786779753.0806,sample,"[1.50334, -1.39281, 2.0115, -2.24135, 4.65819, -1e-05]","[-6.41175, -0.09598, 2.16132]",closed,pkg_002
125.45,1786779753.177,sample,"[1.50228, -1.42406, 2.04962, -2.24849, 4.65673, -0.0]","[-6.41231, -0.11696, 2.16125]",closed,pkg_002
125.55,1786779753.2771,sample,"[1.50204, -1.4626, 2.09477, -2.25528, 4.65608, 0.0]","[-6.41385, -0.14248, 2.16122]",closed,pkg_002
125.65,1786779753.384,sample,"[1.50199, -1.5061, 2.14342, -2.26072, 4.65598, 0.0]","[-6.41575, -0.17065, 2.16117]",closed,pkg_002
125.75,1786779753.4796,sample,"[1.5268, -1.55771, 2.19761, -2.26303, 4.65393, 1e-05]","[-6.43256, -0.20616, 2.16119]",closed,pkg_002
125.85,1786779753.5728,sample,"[1.57385, -1.6296, 2.26759, -2.26135, 4.65128, 2e-05]","[-6.45997, -0.25635, 2.16111]",closed,pkg_002
125.95,1786779753.6681,sample,"[1.62916, -1.70829, 2.33575, -2.25038, 4.65147, 2e-05]","[-6.48721, -0.31034, 2.16119]",closed,pkg_002
126.05,1786779753.7658,sample,"[1.68306, -1.79175, 2.3995, -2.23061, 4.65256, 2e-05]","[-6.50852, -0.36459, 2.16127]",closed,pkg_002
126.15,1786779753.8655,sample,"[1.70768, -1.86283, 2.44797, -2.20947, 4.65786, -0.01248]","[-6.51493, -0.40427, 2.1611]",closed,pkg_002
126.25,1786779753.9683,sample,"[1.71596, -1.86284, 2.44771, -2.20861, 4.65925, -0.01648]","[-6.51832, -0.40605, 2.16114]",closed,pkg_002
126.35,1786779754.0703,sample,"[1.71922, -1.86585, 2.44928, -2.20745, 4.65891, -0.03058]","[-6.51939, -0.40804, 2.16133]",closed,pkg_002
126.45,1786779754.1732,sample,"[1.7203, -1.86746, 2.45012, -2.20709, 4.65916, -0.03242]","[-6.51974, -0.40894, 2.16146]",closed,pkg_002
126.55,1786779754.2767,sample,"[1.72078, -1.86694, 2.45018, -2.20804, 4.66018, -0.03516]","[-6.52004, -0.4089, 2.16132]",closed,pkg_002
126.65,1786779754.3746,sample,"[1.72103, -1.86673, 2.44998, -2.20782, 4.65957, -0.0356]","[-6.5201, -0.40885, 2.16133]",closed,pkg_002
126.75,1786779754.477,sample,"[1.72114, -1.86681, 2.44999, -2.20771, 4.65958, -0.03595]","[-6.52013, -0.4089, 2.16134]",closed,pkg_002
126.85,1786779754.5803,sample,"[1.72117, -1.86686, 2.45002, -2.20772, 4.65958, -0.03612]","[-6.52014, -0.40893, 2.16135]",closed,pkg_002
126.95,1786779754.6807,sample,"[1.72119, -1.86691, 2.45006, -2.20772, 4.65961, -0.03633]","[-6.52015, -0.40895, 2.16135]",closed,pkg_002
127.05,1786779754.7886,sample,"[1.72119, -1.86691, 2.45005, -2.20769, 4.65961, -0.03634]","[-6.52015, -0.40895, 2.16135]",closed,pkg_002
127.15,1786779754.898,sample,"[1.72119, -1.86692, 2.45006, -2.20771, 4.65961, -0.03637]","[-6.52015, -0.40896, 2.16135]",closed,pkg_002
127.25,1786779755.0143,sample,"[1.72938, -1.86573, 2.44977, -2.20904, 4.65779, -0.03652]","[-6.52325, -0.41031, 2.16119]",closed,pkg_002
127.35,1786779755.1182,sample,"[1.76804, -1.85471, 2.44275, -2.21246, 4.65205, -0.03018]","[-6.53864, -0.41407, 2.16117]",closed,pkg_002
127.45,1786779755.2256,sample,"[1.81997, -1.83607, 2.42837, -2.21261, 4.6526, -0.01114]","[-6.56068, -0.41801, 2.16174]",closed,pkg_002
127.55,1786779755.3303,sample,"[1.87639, -1.81278, 2.41383, -2.22323, 4.65332, -0.00651]","[-6.58523, -0.42271, 2.16139]",closed,pkg_002
127.65,1786779755.4393,sample,"[1.90419, -1.79635, 2.40298, -2.22866, 4.64966, -0.00238]","[-6.59789, -0.42316, 2.16109]",closed,pkg_002
127.75,1786779755.5608,sample,"[1.91529, -1.78675, 2.39651, -2.23164, 4.64992, -0.00085]","[-6.60366, -0.42207, 2.16089]",closed,pkg_002
127.85,1786779755.6777,sample,"[1.92637, -1.77679, 2.38774, -2.23016, 4.64817, 0.00177]","[-6.60954, -0.4204, 2.1613]",closed,pkg_002
127.95,1786779755.7968,sample,"[1.93083, -1.78148, 2.39325, -2.23443, 4.64767, 0.02609]","[-6.6102, -0.42437, 2.16074]",closed,pkg_002
128.05,1786779755.9137,sample,"[1.93001, -1.77859, 2.39106, -2.23435, 4.65023, 0.01552]","[-6.61062, -0.42286, 2.16067]",closed,pkg_002
128.15,1786779756.0312,sample,"[1.92912, -1.77866, 2.3908, -2.23364, 4.65177, 0.01259]","[-6.61043, -0.4226, 2.16077]",closed,pkg_002
128.25,1786779756.1412,sample,"[1.92954, -1.77858, 2.39077, -2.23378, 4.65108, 0.01179]","[-6.61054, -0.42267, 2.16076]",closed,pkg_002
128.35,1786779756.2515,sample,"[1.92929, -1.77903, 2.39113, -2.23406, 4.65186, 0.01182]","[-6.61044, -0.42281, 2.16079]",closed,pkg_002
128.45,1786779756.3635,sample,"[1.93115, -1.77798, 2.3899, -2.23297, 4.65259, 0.02053]","[-6.61142, -0.42285, 2.16089]",closed,pkg_002
128.55,1786779756.4709,sample,"[1.9318, -1.77782, 2.39075, -2.23526, 4.65069, 0.01268]","[-6.61146, -0.4231, 2.1606]",closed,pkg_002
128.65,1786779756.5778,sample,"[1.92959, -1.77726, 2.38878, -2.23084, 4.6504, 0.01493]","[-6.61079, -0.4219, 2.16097]",closed,pkg_002
128.75,1786779756.6787,sample,"[1.93156, -1.77678, 2.38866, -2.23197, 4.65219, 0.01296]","[-6.61177, -0.42235, 2.16095]",closed,pkg_002
128.85,1786779756.7841,sample,"[1.93034, -1.77846, 2.39064, -2.2336, 4.64849, 0.01476]","[-6.61064, -0.42278, 2.16077]",closed,pkg_002
128.95,1786779756.9007,sample,"[1.92971, -1.77936, 2.39209, -2.2358, 4.65114, 0.0166]","[-6.61043, -0.42321, 2.16059]",closed,pkg_002
129.05,1786779757.003,sample,"[1.93163, -1.77665, 2.38902, -2.23256, 4.64981, 0.01486]","[-6.61156, -0.42237, 2.16076]",closed,pkg_002
129.15,1786779757.1082,sample,"[1.93036, -1.77712, 2.38906, -2.2318, 4.64939, 0.01234]","[-6.61099, -0.42212, 2.16087]",closed,pkg_002
129.25,1786779757.2101,sample,"[1.93128, -1.77874, 2.39162, -2.23602, 4.65171, 0.02042]","[-6.61118, -0.42341, 2.1606]",closed,pkg_002
129.35,1786779757.3163,sample,"[1.93009, -1.77945, 2.39162, -2.23485, 4.65255, 0.01761]","[-6.61073, -0.42328, 2.16079]",closed,pkg_002
129.45,1786779757.4223,sample,"[1.93057, -1.77912, 2.39192, -2.23614, 4.65235, 0.01885]","[-6.61091, -0.42339, 2.16061]",closed,pkg_002
129.55,1786779757.5342,sample,"[1.93057, -1.77892, 2.39117, -2.23468, 4.65256, 0.01878]","[-6.611, -0.42318, 2.16079]",closed,pkg_002
129.65,1786779757.6401,sample,"[1.93127, -1.77777, 2.39056, -2.23465, 4.64966, 0.0134]","[-6.61118, -0.42287, 2.16062]",closed,pkg_002
129.75,1786779757.7458,sample,"[1.92934, -1.78001, 2.39224, -2.23517, 4.6518, 0.01459]","[-6.61026, -0.42334, 2.16072]",closed,pkg_002
129.85,1786779757.8558,sample,"[1.93153, -1.77743, 2.39016, -2.2342, 4.64961, 0.01463]","[-6.61134, -0.42277, 2.16065]",closed,pkg_002
129.95,1786779757.9648,sample,"[1.92904, -1.77747, 2.38852, -2.22952, 4.65153, 0.01868]","[-6.61066, -0.42181, 2.16106]",closed,pkg_002
130.05,1786779758.0812,sample,"[1.92761, -1.77976, 2.38986, -2.22912, 4.65041, 0.0148]","[-6.60967, -0.42228, 2.16129]",closed,pkg_002
130.15,1786779758.1901,sample,"[1.92828, -1.77906, 2.39013, -2.23091, 4.65039, 0.01414]","[-6.60998, -0.42232, 2.16102]",closed,pkg_002
130.25,1786779758.3065,sample,"[1.93118, -1.77775, 2.39021, -2.23425, 4.65211, 0.01147]","[-6.6114, -0.42282, 2.16076]",closed,pkg_002
130.35,1786779758.4108,sample,"[1.93139, -1.778, 2.3909, -2.23574, 4.65139, 0.01749]","[-6.61134, -0.42305, 2.16065]",closed,pkg_002
130.45,1786779758.5173,sample,"[1.92927, -1.78021, 2.39254, -2.23526, 4.64949, 0.01336]","[-6.60998, -0.42338, 2.16066]",closed,pkg_002
130.55,1786779758.6282,sample,"[1.92828, -1.77824, 2.38862, -2.22851, 4.65005, 0.01004]","[-6.61015, -0.42178, 2.16125]",closed,pkg_002
130.65,1786779758.7498,sample,"[1.92766, -1.77935, 2.38978, -2.22938, 4.65048, 0.01597]","[-6.60974, -0.42217, 2.16118]",closed,pkg_002
130.75,1786779758.8643,sample,"[1.92845, -1.77789, 2.38825, -2.22808, 4.65134, 0.01861]","[-6.61039, -0.4217, 2.16125]",closed,pkg_002
130.85,1786779758.9703,sample,"[1.9278, -1.77968, 2.38987, -2.22929, 4.65035, 0.01528]","[-6.60975, -0.42231, 2.16127]",closed,pkg_002
130.95,1786779759.0768,sample,"[1.93121, -1.77857, 2.39142, -2.23592, 4.65192, 0.01864]","[-6.61121, -0.4233, 2.16063]",closed,pkg_002
131.05,1786779759.1897,sample,"[1.92779, -1.78041, 2.39229, -2.2343, 4.65183, 0.01528]","[-6.60962, -0.42301, 2.16077]",closed,pkg_002
131.15,1786779759.2905,sample,"[1.92727, -1.77855, 2.38965, -2.23154, 4.6567, 0.00924]","[-6.61027, -0.42188, 2.16111]",closed,pkg_002
131.25,1786779759.3993,sample,"[1.92687, -1.7798, 2.39054, -2.23164, 4.65652, 0.01029]","[-6.60989, -0.42231, 2.16118]",closed,pkg_002
131.35,1786779759.5128,sample,"[1.92658, -1.7796, 2.39116, -2.23349, 4.6569, 0.00993]","[-6.60979, -0.42229, 2.16094]",closed,pkg_002
131.45,1786779759.6187,sample,"[1.92666, -1.77922, 2.39105, -2.2338, 4.65684, 0.00956]","[-6.60987, -0.42218, 2.16086]",closed,pkg_002
131.55,1786779759.7206,sample,"[1.92661, -1.7792, 2.39097, -2.2336, 4.65689, 0.01]","[-6.60986, -0.42214, 2.16088]",closed,pkg_002
131.65,1786779759.8213,sample,"[1.92659, -1.77927, 2.39106, -2.2337, 4.65689, 0.00996]","[-6.60984, -0.42218, 2.16087]",closed,pkg_002
131.75,1786779759.9201,sample,"[1.92661, -1.77927, 2.39107, -2.23376, 4.65687, 0.0097]","[-6.60984, -0.42218, 2.16087]",closed,pkg_002
131.85,1786779760.0622,sample,"[1.9715, -1.82384, 2.35493, -2.17559, 4.68775, 0.00645]","[-6.62924, -0.43726, 2.19609]",open,
131.95,1786779760.1847,sample,"[2.17787, -2.01306, 2.08585, -2.08181, 4.73754, 0.00238]","[-6.69482, -0.523, 2.45397]",open,
132.05,1786779760.288,sample,"[2.38712, -2.21524, 1.79498, -2.04729, 4.75588, 0.00087]","[-6.63291, -0.71757, 2.73249]",open,
132.15,1786779760.3903,sample,"[2.52291, -2.37303, 1.48723, -2.03459, 4.76263, 0.00032]","[-6.42818, -0.91567, 2.93812]",open,
132.25,1786779760.4932,sample,"[2.5729, -2.43295, 1.20493, -2.02991, 4.7651, 0.00012]","[-6.2272, -1.04686, 3.03974]",open,
132.35,1786779760.5945,sample,"[2.59127, -2.45498, 1.08286, -2.02819, 4.76603, 4e-05]","[-6.13179, -1.10134, 3.06124]",open,
132.45,1786779760.6979,sample,"[2.59801, -2.46302, 1.038, -2.02756, 4.76638, 2e-05]","[-6.09548, -1.12096, 3.06553]",open,
132.55,1786779760.7957,sample,"[2.60048, -2.46594, 1.02151, -2.02732, 4.76638, 1e-05]","[-6.08201, -1.12807, 3.06662]",open,
132.65,1786779760.8991,sample,"[2.60139, -2.46701, 1.01545, -2.02726, 4.76637, 0.0]","[-6.07704, -1.13067, 3.06696]",open,
132.75,1786779760.9975,sample,"[2.60171, -2.4674, 1.01323, -2.02726, 4.76637, 0.0]","[-6.07522, -1.13162, 3.06708]",open,
132.85,1786779761.0953,sample,"[2.60181, -2.46753, 1.01241, -2.02726, 4.76636, 0.0]","[-6.07457, -1.13197, 3.06712]",open,
132.95,1786779761.1963,sample,"[2.60185, -2.46757, 1.01211, -2.02725, 4.76636, 0.0]","[-6.07433, -1.1321, 3.06714]",open,
133.05,1786779761.2997,sample,"[2.60189, -2.46761, 1.01199, -2.02725, 4.76636, 0.0]","[-6.07422, -1.13215, 3.06714]",open,
133.15,1786779761.4102,sample,"[2.60192, -2.46765, 1.01197, -2.02725, 4.76636, 0.0]","[-6.07416, -1.13218, 3.06713]",open,
133.25,1786779761.5216,sample,"[2.60194, -2.46767, 1.01196, -2.02725, 4.76636, 0.0]","[-6.07412, -1.13219, 3.06712]",open,
133.35,1786779761.6265,sample,"[2.60197, -2.46767, 1.01195, -2.02724, 4.76636, 0.0]","[-6.07411, -1.13218, 3.06712]",open,
133.45,1786779761.7354,sample,"[2.60197, -2.46767, 1.01194, -2.02724, 4.76636, 0.0]","[-6.0741, -1.13219, 3.06712]",open,
133.55,1786779761.8478,sample,"[2.60197, -2.46767, 1.01194, -2.02724, 4.76636, 0.0]","[-6.0741, -1.13219, 3.06712]",open,
133.65,1786779761.9578,sample,"[2.60197, -2.46767, 1.01193, -2.02724, 4.76636, 0.0]","[-6.0741, -1.13219, 3.06712]",open,
133.75,1786779762.0687,sample,"[2.60197, -2.46767, 1.01193, -2.02724, 4.76636, 0.0]","[-6.07409, -1.13219, 3.06712]",open,
133.85,1786779762.1769,sample,"[2.60197, -2.46767, 1.01192, -2.02724, 4.76636, 0.0]","[-6.07409, -1.13219, 3.06712]",open,
133.95,1786779762.292,sample,"[2.60197, -2.46767, 1.01192, -2.02724, 4.76636, 0.0]","[-6.07409, -1.13219, 3.06712]",open,
134.05,1786779762.4048,sample,"[2.60197, -2.46767, 1.01192, -2.02723, 4.76636, 0.0]","[-6.07409, -1.13219, 3.06713]",open,
134.15,1786779762.5223,sample,"[2.60197, -2.46767, 1.01191, -2.02723, 4.76636, 0.0]","[-6.07409, -1.1322, 3.06712]",open,
134.25,1786779762.6403,sample,"[2.60197, -2.46767, 1.01191, -2.02723, 4.76636, 0.0]","[-6.07409, -1.1322, 3.06713]",open,
134.35,1786779762.7541,sample,"[2.60197, -2.46767, 1.01191, -2.02723, 4.76636, 0.0]","[-6.07408, -1.1322, 3.06712]",open,
134.45,1786779762.8728,sample,"[2.58313, -2.46765, 1.01191, -2.02723, 4.76636, 0.0]","[-6.0804, -1.13638, 3.06713]",open,
134.55,1786779762.9885,sample,"[2.53828, -2.46764, 1.01191, -2.02722, 4.76637, 0.0]","[-6.09572, -1.14588, 3.06714]",open,
134.65,1786779763.0996,sample,"[2.48385, -2.46764, 1.01191, -2.02722, 4.76637, 0.0]","[-6.11484, -1.15648, 3.06714]",open,
134.75,1786779763.2091,sample,"[2.4259, -2.46764, 1.01191, -2.02722, 4.76637, 0.0]","[-6.1358, -1.16661, 3.06714]",open,
134.85,1786779763.3219,sample,"[2.36665, -2.46764, 1.01191, -2.02722, 4.76637, 0.0]","[-6.15779, -1.17569, 3.06714]",open,
134.95,1786779763.4448,sample,"[2.30693, -2.46764, 1.01191, -2.02721, 4.76637, 0.0]","[-6.18047, -1.18351, 3.06714]",open,
135.05,1786779763.5663,sample,"[2.24703, -2.46764, 1.01191, -2.02721, 4.76637, 0.0]","[-6.20364, -1.18997, 3.06714]",open,
135.15,1786779763.6903,sample,"[2.18707, -2.46764, 1.01191, -2.02721, 4.76637, 0.0]","[-6.22719, -1.19504, 3.06714]",open,
135.25,1786779763.8077,sample,"[2.12708, -2.46764, 1.01191, -2.0272, 4.76637, 0.0]","[-6.251, -1.1987, 3.06714]",open,
135.35,1786779763.9329,sample,"[2.06708, -2.46764, 1.01191, -2.0272, 4.76637, 0.0]","[-6.27499, -1.20092, 3.06714]",open,
135.45,1786779764.0532,sample,"[2.00709, -2.46764, 1.01191, -2.0272, 4.76637, 0.0]","[-6.29908, -1.2017, 3.06714]",open,
135.55,1786779764.1572,sample,"[1.95538, -2.46765, 1.01191, -2.0272, 4.76636, 0.0]","[-6.31984, -1.20122, 3.06713]",open,
135.65,1786779764.2607,sample,"[1.93423, -2.46766, 1.01191, -2.02719, 4.76636, 0.0]","[-6.32831, -1.20072, 3.06713]",open,
135.75,1786779764.3608,sample,"[1.92645, -2.46767, 1.01191, -2.02719, 4.76636, 0.0]","[-6.33143, -1.2005, 3.06713]",open,
135.85,1786779764.4543,sample,"[1.92358, -2.46766, 1.0119, -2.02719, 4.76636, 0.0]","[-6.33257, -1.20041, 3.06713]",open,
135.95,1786779764.5543,sample,"[1.92253, -2.46767, 1.0119, -2.02719, 4.76636, 0.0]","[-6.33299, -1.20038, 3.06713]",open,
136.05,1786779764.6521,sample,"[1.92214, -2.46767, 1.0119, -2.02719, 4.76636, 0.0]","[-6.33315, -1.20036, 3.06713]",open,
136.15,1786779764.7582,sample,"[1.922, -2.46767, 1.0119, -2.02719, 4.76636, 0.0]","[-6.33321, -1.20036, 3.06713]",open,
136.25,1786779764.8575,sample,"[1.92194, -2.46767, 1.0119, -2.02719, 4.76636, 0.0]","[-6.33323, -1.20036, 3.06713]",open,
136.35,1786779764.9598,sample,"[1.92192, -2.46767, 1.0119, -2.02718, 4.76636, 0.0]","[-6.33324, -1.20036, 3.06713]",open,
136.45,1786779765.0605,sample,"[1.92192, -2.46767, 1.0119, -2.02718, 4.76636, 0.0]","[-6.33324, -1.20036, 3.06713]",open,
136.55,1786779765.1617,sample,"[1.92192, -2.46767, 1.01189, -2.02718, 4.76636, 0.0]","[-6.33324, -1.20036, 3.06713]",open,
136.65,1786779765.2648,sample,"[1.92192, -2.46767, 1.01189, -2.02718, 4.76636, 0.0]","[-6.33324, -1.20036, 3.06713]",open,
136.75,1786779765.3666,sample,"[1.92192, -2.46767, 1.01189, -2.02718, 4.76636, 0.0]","[-6.33324, -1.20036, 3.06713]",open,
136.85,1786779765.4695,sample,"[1.92192, -2.46767, 1.01189, -2.02718, 4.76636, 0.0]","[-6.33324, -1.20036, 3.06713]",open,
136.95,1786779765.5728,sample,"[1.92192, -2.46767, 1.01189, -2.02718, 4.76636, 0.0]","[-6.33324, -1.20036, 3.06713]",open,
137.05,1786779765.6813,sample,"[1.90876, -2.46765, 1.0119, -2.02717, 4.76636, 0.0]","[-6.33851, -1.19987, 3.06713]",open,
137.15,1786779765.7826,sample,"[1.86667, -2.46764, 1.01191, -2.02717, 4.76636, 0.0]","[-6.35531, -1.19788, 3.06713]",open,
137.25,1786779765.8848,sample,"[1.81325, -2.46764, 1.01191, -2.02717, 4.76637, 0.0]","[-6.37647, -1.19435, 3.06713]",open,
137.35,1786779765.9867,sample,"[1.75568, -2.46764, 1.01191, -2.02717, 4.76637, 0.0]","[-6.39904, -1.1893, 3.06713]",open,
137.45,1786779766.0844,sample,"[1.69657, -2.46764, 1.01191, -2.02717, 4.76637, 0.0]","[-6.42186, -1.18276, 3.06713]",open,
137.55,1786779766.1903,sample,"[1.63689, -2.47196, 1.01195, -2.02717, 4.76636, 0.0]","[-6.44417, -1.17949, 3.06554]",open,
137.65,1786779766.2937,sample,"[1.57701, -2.50696, 1.01196, -2.02716, 4.76637, 0.0]","[-6.46638, -1.20804, 3.05196]",open,
137.75,1786779766.3962,sample,"[1.51706, -2.55779, 1.01195, -2.02716, 4.76636, 0.0]","[-6.49344, -1.25137, 3.02989]",open,
137.85,1786779766.4985,sample,"[1.45707, -2.61444, 1.01194, -2.02716, 4.76636, 0.0]","[-6.52683, -1.29747, 3.0021]",open,
137.95,1786779766.5989,sample,"[1.39708, -2.67322, 1.01191, -2.02715, 4.76636, 0.0]","[-6.56651, -1.34143, 2.96977]",open,
138.05,1786779766.7063,sample,"[1.33708, -2.73279, 1.01188, -2.02715, 4.76637, 0.0]","[-6.61195, -1.381, 2.93352]",open,
138.15,1786779766.8233,sample,"[1.27708, -2.79113, 1.01185, -2.02715, 4.76637, 0.0]","[-6.66208, -1.41363, 2.89472]",open,
138.25,1786779766.9247,sample,"[1.22537, -2.82062, 1.01183, -2.02715, 4.76637, 0.0]","[-6.70238, -1.41929, 2.87391]",open,
138.35,1786779767.0246,sample,"[1.20421, -2.83145, 1.01184, -2.02715, 4.76637, 0.0]","[-6.71885, -1.41965, 2.86608]",open,
138.45,1786779767.1243,sample,"[1.19642, -2.83542, 1.01185, -2.02714, 4.76637, 0.0]","[-6.72495, -1.41965, 2.86317]",open,
138.55,1786779767.2241,sample,"[1.19356, -2.83688, 1.01186, -2.02714, 4.76637, 0.0]","[-6.7272, -1.41963, 2.86211]",open,
138.65,1786779767.3241,sample,"[1.1925, -2.83742, 1.01187, -2.02714, 4.76637, 0.0]","[-6.72802, -1.41961, 2.86171]",open,
138.75,1786779767.4304,sample,"[1.19211, -2.83762, 1.01188, -2.02714, 4.76637, 0.0]","[-6.72833, -1.4196, 2.86157]",open,
138.85,1786779767.5433,sample,"[1.19199, -2.83335, 1.01185, -2.02714, 4.76638, 0.0]","[-6.72702, -1.41606, 2.86469]",open,
138.95,1786779767.6422,sample,"[1.19192, -2.79838, 1.01183, -2.02715, 4.76638, 0.0]","[-6.71542, -1.38679, 2.88968]",open,
139.05,1786779767.7476,sample,"[1.19191, -2.74756, 1.01185, -2.02715, 4.76638, 0.0]","[-6.69793, -1.34285, 2.924]",open,
139.15,1786779767.8543,sample,"[1.1919, -2.69092, 1.01187, -2.02715, 4.76638, 0.0]","[-6.67771, -1.29205, 2.95937]",open,
139.25,1786779767.9537,sample,"[1.1919, -2.63214, 1.01188, -2.02716, 4.76637, 0.0]","[-6.65598, -1.23746, 2.99273]",open,
139.35,1786779768.061,sample,"[1.19189, -2.57258, 1.01189, -2.02716, 4.76637, 0.0]","[-6.63325, -1.18038, 3.02296]",open,
139.45,1786779768.1653,sample,"[1.19189, -2.51273, 1.01191, -2.02716, 4.76637, 0.0]","[-6.60979, -1.12143, 3.0496]",open,
139.55,1786779768.2692,sample,"[1.19188, -2.45277, 1.01194, -2.02716, 4.76637, 0.0]","[-6.58573, -1.061, 3.07243]",open,
139.65,1786779768.3766,sample,"[1.19188, -2.39277, 1.01195, -2.02716, 4.76637, 0.0]","[-6.5612, -0.99938, 3.09133]",open,
139.75,1786779768.4864,sample,"[1.1919, -2.33276, 1.01195, -2.02716, 4.76637, 0.0]","[-6.53628, -0.93681, 3.10623]",open,
139.85,1786779768.5978,sample,"[1.19192, -2.27274, 1.01195, -2.02716, 4.76637, 0.0]","[-6.51108, -0.87352, 3.11706]",open,
139.95,1786779768.7097,sample,"[1.19193, -2.21272, 1.01196, -2.02716, 4.76637, 0.0]","[-6.48568, -0.80973, 3.12379]",open,
140.05,1786779768.8212,sample,"[1.19193, -2.15271, 1.01196, -2.02715, 4.76637, 0.0]","[-6.46018, -0.74567, 3.12638]",open,
140.15,1786779768.9316,sample,"[1.19194, -2.09269, 1.01198, -2.02715, 4.76637, 0.0]","[-6.43467, -0.68158, 3.12483]",open,
140.25,1786779769.0405,sample,"[1.19196, -2.03266, 1.01201, -2.02715, 4.76637, 0.0]","[-6.40924, -0.61769, 3.11914]",open,
140.35,1786779769.1535,sample,"[1.19196, -1.97264, 1.01203, -2.02715, 4.76637, 0.0]","[-6.38398, -0.55424, 3.10934]",open,
140.45,1786779769.2595,sample,"[1.19196, -1.91262, 1.01203, -2.02715, 4.76638, 0.0]","[-6.35898, -0.49145, 3.09546]",open,
140.55,1786779769.3703,sample,"[1.19195, -1.8526, 1.01204, -2.02715, 4.76638, 0.0]","[-6.33434, -0.42955, 3.07756]",open,
140.65,1786779769.4803,sample,"[1.19195, -1.79258, 1.01204, -2.02715, 4.76638, 0.0]","[-6.31014, -0.36876, 3.05569]",open,
140.75,1786779769.5957,sample,"[1.19193, -1.73256, 1.01204, -2.02715, 4.76638, 0.0]","[-6.28646, -0.3093, 3.02994]",open,
140.85,1786779769.7076,sample,"[1.19191, -1.67255, 1.01204, -2.02715, 4.76638, 0.0]","[-6.26339, -0.25138, 3.0004]",open,
140.95,1786779769.8179,sample,"[1.19192, -1.61253, 1.01205, -2.02715, 4.76638, 0.0]","[-6.24104, -0.19521, 2.96717]",open,
141.05,1786779769.9308,sample,"[1.19191, -1.55252, 1.01207, -2.02714, 4.76638, 0.0]","[-6.21945, -0.141, 2.93036]",open,
141.15,1786779770.0413,sample,"[1.19188, -1.4925, 1.01209, -2.02714, 4.76638, 0.0]","[-6.1987, -0.08894, 2.89012]",open,
141.25,1786779770.1511,sample,"[1.19188, -1.43249, 1.01212, -2.02714, 4.76638, 0.0]","[-6.1789, -0.03921, 2.84659]",open,
141.35,1786779770.2564,sample,"[1.19188, -1.37248, 1.01212, -2.02714, 4.76638, 0.0]","[-6.16011, 0.008, 2.79995]",open,
141.45,1786779770.3745,sample,"[1.19189, -1.31247, 1.01212, -2.02714, 4.76638, 0.0]","[-6.14238, 0.05252, 2.75034]",open,
141.55,1786779770.4856,sample,"[1.19189, -1.25246, 1.01212, -2.02714, 4.76638, 0.0]","[-6.1258, 0.0942, 2.69795]",open,
141.65,1786779770.597,sample,"[1.1919, -1.19245, 1.01212, -2.02714, 4.76638, 0.0]","[-6.1104, 0.13288, 2.64296]",open,
141.75,1786779770.7148,sample,"[1.1919, -1.13245, 1.01212, -2.02714, 4.76638, 0.0]","[-6.09625, 0.16843, 2.58558]",open,
141.85,1786779770.8272,sample,"[1.1919, -1.07244, 1.01212, -2.02714, 4.76638, 0.0]","[-6.08339, 0.20072, 2.52601]",open,
141.95,1786779770.9438,sample,"[1.1919, -1.01243, 1.01212, -2.02714, 4.76639, 0.0]","[-6.07188, 0.22963, 2.46446]",open,
142.05,1786779771.0577,sample,"[1.1919, -0.95243, 1.01212, -2.02714, 4.76639, 0.0]","[-6.06176, 0.25505, 2.40115]",open,
142.15,1786779771.1692,sample,"[1.1919, -0.89243, 1.01212, -2.02714, 4.76639, 0.0]","[-6.05306, 0.27691, 2.33633]",open,
142.25,1786779771.2833,sample,"[1.1919, -0.83243, 1.01212, -2.02714, 4.76639, 0.0]","[-6.04581, 0.29511, 2.27021]",open,
142.35,1786779771.3912,sample,"[1.19189, -0.77243, 1.01212, -2.02714, 4.76639, 0.0]","[-6.04004, 0.30959, 2.20303]",open,
142.45,1786779771.507,sample,"[1.19189, -0.71243, 1.01212, -2.02714, 4.76639, 0.0]","[-6.03577, 0.32031, 2.13504]",open,
142.55,1786779771.6113,sample,"[1.19188, -0.66553, 1.01216, -2.02714, 4.7664, 0.0]","[-6.03348, 0.32602, 2.08147]",open,
142.65,1786779771.7147,sample,"[1.19187, -0.64763, 1.01217, -2.02714, 4.7664, 0.0]","[-6.03285, 0.32759, 2.06095]",open,
142.75,1786779771.8141,sample,"[1.19186, -0.64107, 1.01216, -2.02714, 4.7664, 0.0]","[-6.03264, 0.32808, 2.05343]",open,
142.85,1786779771.9153,sample,"[1.19185, -0.63866, 1.01215, -2.02714, 4.7664, 0.0]","[-6.03256, 0.32825, 2.05067]",open,
142.95,1786779772.0173,sample,"[1.19185, -0.63778, 1.01213, -2.02714, 4.76643, -0.0]","[-6.03254, 0.32831, 2.04968]",open,
143.05,1786779772.1206,sample,"[1.19186, -0.63745, 1.01213, -2.02714, 4.76643, -0.0]","[-6.03254, 0.32834, 2.04931]",open,
143.15,1786779772.2223,sample,"[1.19187, -0.63734, 1.01212, -2.02714, 4.76645, -0.0]","[-6.03255, 0.32835, 2.04918]",open,
143.25,1786779772.3295,sample,"[1.19186, -0.63729, 1.01212, -2.02714, 4.76647, -0.0]","[-6.03254, 0.32835, 2.04913]",open,
143.35,1786779772.4323,sample,"[1.19187, -0.63727, 1.01212, -2.02714, 4.76648, -0.0]","[-6.03254, 0.32836, 2.04911]",open,
143.45,1786779772.5387,sample,"[1.18752, -0.63727, 1.01211, -2.02714, 4.7665, -0.0]","[-6.02764, 0.32718, 2.04911]",open,
143.55,1786779772.643,sample,"[1.15252, -0.63727, 1.01211, -2.02714, 4.76651, -0.0]","[-5.98836, 0.31696, 2.0491]",open,
143.65,1786779772.7454,sample,"[1.11485, -0.63727, 1.01212, -2.02714, 4.76652, -0.0]","[-5.94652, 0.30443, 2.0491]",open,
143.75,1786779772.8483,sample,"[1.10032, -0.63727, 1.01212, -2.02714, 4.76652, -0.0]","[-5.93052, 0.29919, 2.0491]",open,
143.85,1786779772.9504,sample,"[1.09498, -0.63727, 1.01211, -2.02714, 4.76653, -0.0]","[-5.92465, 0.2972, 2.04911]",open,
143.95,1786779773.0518,sample,"[1.09302, -0.63727, 1.01211, -2.02714, 4.76653, -0.0]","[-5.9225, 0.29646, 2.04911]",open,
144.05,1786779773.1558,sample,"[1.0923, -0.63294, 1.01209, -2.02714, 4.76653, -0.0]","[-5.92156, 0.29646, 2.04415]",open,
144.15,1786779773.2577,sample,"[1.09204, -0.59817, 1.01176, -2.02707, 4.76615, 0.0]","[-5.92045, 0.29789, 2.00443]",open,
144.25,1786779773.362,sample,"[1.09202, -0.54811, 0.91258, -2.02682, 4.765, 1e-05]","[-5.90588, 0.32569, 2.01063]",open,
144.35,1786779773.4643,sample,"[1.09202, -0.50496, 0.83822, -2.02681, 4.76491, 1e-05]","[-5.8958, 0.34508, 2.00848]",open,
144.45,1786779773.5677,sample,"[1.09202, -0.48846, 0.81814, -2.02684, 4.76504, 0.0]","[-5.89316, 0.35019, 2.002]",open,
144.55,1786779773.6701,sample,"[1.09194, -0.49108, 0.877, -2.01367, 4.7657, 0.0]","[-5.90126, 0.33452, 1.96469]",open,
144.65,1786779773.7744,sample,"[1.09199, -0.51097, 0.91587, -2.0214, 4.76622, 0.0]","[-5.90642, 0.3248, 1.96399]",open,
144.75,1786779773.8844,sample,"[1.092, -0.51403, 0.92209, -2.02503, 4.76637, 0.0]","[-5.90719, 0.3234, 1.96402]",open,
144.85,1786779773.9903,sample,"[1.09201, -0.51684, 0.92799, -2.02637, 4.7664, 0.0]","[-5.90798, 0.32189, 1.96368]",open,
144.95,1786779774.1007,sample,"[1.09202, -0.52721, 0.94837, -2.02686, 4.76641, 0.0]","[-5.91091, 0.31629, 1.96281]",open,
145.05,1786779774.2034,sample,"[1.09202, -0.53399, 0.96199, -2.02532, 4.76643, 0.0]","[-5.91295, 0.31234, 1.96183]",open,
145.15,1786779774.3113,sample,"[1.09203, -0.55005, 0.98732, -2.02649, 4.76644, 0.0]","[-5.91666, 0.30523, 1.96448]",open,
145.25,1786779774.4147,sample,"[1.09201, -0.55939, 0.99799, -2.02691, 4.76645, 0.0]","[-5.91822, 0.30219, 1.96855]",open,
145.35,1786779774.513,sample,"[1.092, -0.51754, 0.92836, -2.02708, 4.76647, 0.0]","[-5.908, 0.32185, 1.96436]",open,
145.45,1786779774.6139,sample,"[1.09199, -0.49389, 0.86641, -2.02712, 4.76651, -0.0]","[-5.89941, 0.33837, 1.97661]",open,
145.55,1786779774.7153,sample,"[1.09195, -0.48442, 0.83536, -2.02715, 4.76654, -0.0]","[-5.8953, 0.3462, 1.98572]",open,
145.65,1786779774.8183,sample,"[1.09187, -0.49974, 0.89278, -2.02715, 4.76656, -0.0]","[-5.90288, 0.3314, 1.96636]",open,
145.75,1786779774.9207,sample,"[1.09185, -0.54256, 0.9638, -2.02715, 4.76657, 0.0]","[-5.91293, 0.31198, 1.97088]",open,
145.85,1786779775.0236,sample,"[1.09185, -0.5959, 0.99436, -2.02715, 4.76657, 0.0]","[-5.91773, 0.30273, 2.01306]",open,
145.95,1786779775.122,sample,"[1.09185, -0.65348, 1.00559, -2.02714, 4.76657, 0.0]","[-5.92099, 0.29646, 2.07201]",open,
146.05,1786779775.2238,sample,"[1.09185, -0.7126, 1.00972, -2.02714, 4.76657, 0.0]","[-5.92496, 0.28881, 2.13686]",open,
146.15,1786779775.3307,sample,"[1.09185, -0.77228, 1.01123, -2.02714, 4.76657, 0.0]","[-5.93044, 0.27828, 2.20348]",open,
146.25,1786779775.437,sample,"[1.09185, -0.83216, 1.0118, -2.02714, 4.76657, 0.0]","[-5.93766, 0.26436, 2.27014]",open,
146.35,1786779775.5458,sample,"[1.09185, -0.89061, 1.01198, -2.02713, 4.76656, 0.0]","[-5.94644, 0.24746, 2.33444]",open,
146.45,1786779775.6463,sample,"[1.09184, -0.92014, 1.01203, -2.02713, 4.76656, 0.0]","[-5.95152, 0.23766, 2.36651]",open,
146.55,1786779775.7466,sample,"[1.09184, -0.93098, 1.01206, -2.02713, 4.76656, 0.0]","[-5.95349, 0.23385, 2.37819]",open,
146.65,1786779775.8475,sample,"[1.09184, -0.93496, 1.01209, -2.02713, 4.76656, 0.0]","[-5.95423, 0.23242, 2.38245]",open,
146.75,1786779775.9525,sample,"[1.08357, -0.93642, 1.01211, -2.02713, 4.76656, 0.0]","[-5.94598, 0.229, 2.384]",open,
146.85,1786779776.0528,sample,"[1.04473, -0.93695, 1.01212, -2.02713, 4.76656, -0.0]","[-5.90641, 0.21429, 2.38456]",open,
146.95,1786779776.1563,sample,"[0.99252, -0.93715, 1.01214, -2.02713, 4.76657, 0.0]","[-5.85405, 0.1923, 2.38476]",open,
147.05,1786779776.2608,sample,"[0.95418, -0.93722, 1.01215, -2.02713, 4.76657, 0.0]","[-5.81636, 0.17445, 2.38483]",open,
147.15,1786779776.3608,sample,"[0.94007, -0.93724, 1.01215, -2.02713, 4.76656, 0.0]","[-5.80267, 0.16752, 2.38486]",open,
147.25,1786779776.4658,sample,"[0.93489, -0.93725, 1.01215, -2.02713, 4.76656, 0.0]","[-5.79766, 0.16493, 2.38487]",open,
147.35,1786779776.5648,sample,"[0.93298, -0.93726, 1.01215, -2.02713, 4.76656, 0.0]","[-5.79582, 0.16397, 2.38488]",open,
147.45,1786779776.6673,sample,"[0.93228, -0.93726, 1.01215, -2.02713, 4.76656, 0.0]","[-5.79515, 0.16361, 2.38488]",open,
147.55,1786779776.7656,sample,"[0.93202, -0.93726, 1.01215, -2.02713, 4.76655, 0.0]","[-5.7949, 0.16348, 2.38488]",open,
147.65,1786779776.8674,sample,"[0.93193, -0.93726, 1.01215, -2.02713, 4.76655, 0.0]","[-5.79481, 0.16343, 2.38488]",open,
147.75,1786779776.9684,sample,"[0.9319, -0.93726, 1.01215, -2.02713, 4.76655, 0.0]","[-5.79478, 0.16342, 2.38488]",open,
147.85,1786779777.0707,sample,"[0.93188, -0.93726, 1.01215, -2.02713, 4.76654, 0.0]","[-5.79477, 0.16341, 2.38488]",open,
147.95,1786779777.1726,sample,"[0.93187, -0.93726, 1.01215, -2.02713, 4.76654, 0.0]","[-5.79475, 0.16341, 2.38488]",open,
148.05,1786779777.2815,sample,"[0.93186, -0.93575, 1.01213, -2.02713, 4.76654, 0.0]","[-5.79438, 0.1639, 2.38327]",open,
148.15,1786779777.3824,sample,"[0.93187, -0.9053, 1.01209, -2.02713, 4.76654, 0.0]","[-5.7873, 0.17344, 2.35037]",open,
148.25,1786779777.4848,sample,"[0.93187, -0.85614, 1.0121, -2.02713, 4.76653, 0.0]","[-5.77714, 0.18711, 2.29649]",open,
148.35,1786779777.5877,sample,"[0.93186, -0.82519, 1.01216, -2.02713, 4.76653, 0.0]","[-5.77155, 0.19462, 2.26213]",open,
148.45,1786779777.6895,sample,"[0.93186, -0.81384, 1.01217, -2.02713, 4.76653, 0.0]","[-5.76966, 0.19716, 2.24946]",open,
148.55,1786779777.7948,sample,"[0.93186, -0.80967, 1.01215, -2.02713, 4.76653, 0.0]","[-5.76899, 0.19807, 2.24482]",open,
148.65,1786779777.9032,sample,"[0.93186, -0.80663, 1.01213, -2.02713, 4.76653, 0.0]","[-5.7685, 0.19872, 2.24143]",open,
148.75,1786779778.0146,sample,"[0.93186, -0.77562, 1.01209, -2.02713, 4.76652, 0.0]","[-5.76393, 0.20488, 2.20665]",open,
148.85,1786779778.1201,sample,"[0.93186, -0.72626, 1.0121, -2.02713, 4.76652, 0.0]","[-5.75799, 0.21288, 2.15079]",open,
148.95,1786779778.2248,sample,"[0.93186, -0.69524, 1.01216, -2.02713, 4.76652, 0.0]","[-5.7551, 0.21676, 2.11542]",open,
149.05,1786779778.3257,sample,"[0.93186, -0.68386, 1.01216, -2.02713, 4.76652, 0.0]","[-5.75421, 0.21796, 2.10242]",open,
149.15,1786779778.429,sample,"[0.93186, -0.67968, 1.01215, -2.02713, 4.76652, 0.0]","[-5.7539, 0.21838, 2.09765]",open,
149.25,1786779778.5303,sample,"[0.93186, -0.67815, 1.01215, -2.02713, 4.76652, 0.0]","[-5.75379, 0.21853, 2.09591]",open,
149.35,1786779778.6322,sample,"[0.93186, -0.67759, 1.01215, -2.02713, 4.76652, 0.0]","[-5.75375, 0.21858, 2.09527]",open,
149.45,1786779778.7335,sample,"[0.93186, -0.67738, 1.01215, -2.02713, 4.76652, 0.0]","[-5.75374, 0.2186, 2.09503]",open,
149.55,1786779778.8348,sample,"[0.93186, -0.6773, 1.01215, -2.02713, 4.76652, 0.0]","[-5.75373, 0.21861, 2.09494]",open,
149.65,1786779778.9402,sample,"[0.93186, -0.67728, 1.01215, -2.02713, 4.76652, 0.0]","[-5.75373, 0.21861, 2.09491]",open,
149.75,1786779779.0496,sample,"[0.93186, -0.67878, 1.01216, -2.02713, 4.76652, 0.0]","[-5.75384, 0.21847, 2.09662]",open,
149.85,1786779779.1508,sample,"[0.93187, -0.70922, 1.01217, -2.02713, 4.76652, 0.0]","[-5.75634, 0.21511, 2.13136]",open,
149.95,1786779779.2558,sample,"[0.93187, -0.75405, 1.01212, -2.02713, 4.76652, 0.0]","[-5.76114, 0.20864, 2.18228]",open,
150.05,1786779779.3607,sample,"[0.93186, -0.77508, 1.0121, -2.02713, 4.76652, 0.0]","[-5.76386, 0.20498, 2.20602]",open,
150.15,1786779779.462,sample,"[0.93186, -0.78279, 1.01212, -2.02713, 4.76652, 0.0]","[-5.76494, 0.20353, 2.21469]",open,
150.25,1786779779.5638,sample,"[0.93186, -0.78562, 1.01214, -2.02713, 4.76652, 0.0]","[-5.76534, 0.20298, 2.21786]",open,
150.35,1786779779.6717,sample,"[0.93034, -0.78666, 1.01214, -2.02713, 4.76652, 0.0]","[-5.76396, 0.20196, 2.21903]",open,
150.45,1786779779.7732,sample,"[0.9014, -0.78704, 1.01215, -2.02713, 4.76653, 0.0]","[-5.73525, 0.18596, 2.21945]",open,
150.55,1786779779.8745,sample,"[0.88273, -0.78718, 1.01215, -2.02713, 4.76653, 0.0]","[-5.71697, 0.17522, 2.21961]",open,
150.65,1786779779.9785,sample,"[0.87586, -0.78723, 1.01215, -2.02713, 4.76653, 0.0]","[-5.71029, 0.17118, 2.21967]",open,
150.75,1786779780.0894,sample,"[0.87334, -0.78725, 1.01215, -2.02713, 4.76653, 0.0]","[-5.70785, 0.16969, 2.21969]",open,
150.85,1786779780.1993,sample,"[0.87677, -0.78725, 1.01215, -2.02713, 4.76653, 0.0]","[-5.71117, 0.17171, 2.2197]",open,
150.95,1786779780.3017,sample,"[0.91143, -0.78726, 1.01214, -2.02713, 4.76651, 0.0]","[-5.7452, 0.19153, 2.2197]",open,
151.05,1786779780.401,sample,"[0.94332, -0.78726, 1.01215, -2.02713, 4.76651, 0.0]","[-5.7771, 0.20872, 2.2197]",open,
151.15,1786779780.5058,sample,"[0.95505, -0.78726, 1.01215, -2.02713, 4.76651, 0.0]","[-5.78897, 0.21478, 2.2197]",open,
151.25,1786779780.6087,sample,"[0.96372, -0.78726, 1.01215, -2.02713, 4.76651, 0.0]","[-5.79778, 0.21917, 2.2197]",open,
151.35,1786779780.7097,sample,"[0.99878, -0.78726, 1.01214, -2.02713, 4.76649, 0.0]","[-5.83382, 0.23615, 2.2197]",open,
151.45,1786779780.8125,sample,"[1.01971, -0.78726, 1.01215, -2.02713, 4.76649, 0.0]","[-5.8556, 0.24568, 2.2197]",open,
151.55,1786779780.9203,sample,"[1.0274, -0.78726, 1.01215, -2.02713, 4.76649, 0.0]","[-5.86366, 0.24907, 2.2197]",open,
151.65,1786779781.0403,sample,"[1.03023, -0.78726, 1.01215, -2.02713, 4.76649, 0.0]","[-5.86663, 0.2503, 2.2197]",open,
151.75,1786779781.1502,sample,"[1.03127, -0.78726, 1.01215, -2.02713, 4.76649, 0.0]","[-5.86772, 0.25075, 2.2197]",open,
151.85,1786779781.2514,sample,"[1.03165, -0.78726, 1.01215, -2.02713, 4.76649, 0.0]","[-5.86812, 0.25091, 2.2197]",open,
151.95,1786779781.3543,sample,"[1.03178, -0.78726, 1.01215, -2.02713, 4.76649, 0.0]","[-5.86826, 0.25097, 2.2197]",open,
152.05,1786779781.4546,sample,"[1.03184, -0.78726, 1.01215, -2.02713, 4.76649, 0.0]","[-5.86832, 0.25099, 2.2197]",open,
152.15,1786779781.5613,sample,"[1.03184, -0.79159, 1.01217, -2.02713, 4.76649, 0.0]","[-5.86887, 0.25008, 2.22454]",open,
152.25,1786779781.6692,sample,"[1.03185, -0.82658, 1.01217, -2.02713, 4.76649, 0.0]","[-5.87368, 0.24206, 2.26367]",open,
152.35,1786779781.7727,sample,"[1.03184, -0.85233, 1.01211, -2.02713, 4.76649, 0.0]","[-5.87765, 0.2354, 2.29228]",open,
152.45,1786779781.877,sample,"[1.03184, -0.86178, 1.01212, -2.02713, 4.76649, 0.0]","[-5.8792, 0.2328, 2.3027]",open,
152.55,1786779781.9779,sample,"[1.03184, -0.86525, 1.01214, -2.02713, 4.76649, 0.0]","[-5.87978, 0.23182, 2.30651]",open,
152.65,1786779782.0822,sample,"[1.03184, -0.85341, 1.01209, -2.02713, 4.76649, 0.0]","[-5.87782, 0.23511, 2.29348]",open,
152.75,1786779782.1846,sample,"[1.03185, -0.81178, 1.01209, -2.02713, 4.76649, 0.0]","[-5.87155, 0.2456, 2.24721]",open,
152.85,1786779782.2854,sample,"[1.03184, -0.76285, 1.01214, -2.02713, 4.76649, 0.0]","[-5.86545, 0.2558, 2.1922]",open,
152.95,1786779782.3858,sample,"[1.03183, -0.74032, 1.01216, -2.02713, 4.76649, 0.0]","[-5.8631, 0.25971, 2.1667]",open,
153.05,1786779782.4872,sample,"[1.03184, -0.73205, 1.01216, -2.02713, 4.76649, 0.0]","[-5.86232, 0.26102, 2.15732]",open,
153.15,1786779782.5885,sample,"[1.03184, -0.72902, 1.01215, -2.02713, 4.76649, 0.0]","[-5.86204, 0.26149, 2.15388]",open,
153.25,1786779782.6913,sample,"[1.03184, -0.71965, 1.01211, -2.02713, 4.76649, 0.0]","[-5.86121, 0.26288, 2.14327]",open,
153.35,1786779782.7902,sample,"[1.03184, -0.69351, 1.01213, -2.02713, 4.76649, 0.0]","[-5.85918, 0.26627, 2.11346]",open,
153.45,1786779782.8892,sample,"[1.03184, -0.68322, 1.01215, -2.02713, 4.76649, 0.0]","[-5.85849, 0.26742, 2.1017]",open,
153.55,1786779782.9881,sample,"[1.03184, -0.67945, 1.01215, -2.02713, 4.76649, 0.0]","[-5.85825, 0.26782, 2.09739]",open,
153.65,1786779783.0864,sample,"[1.03184, -0.67806, 1.01215, -2.02713, 4.76649, 0.0]","[-5.85817, 0.26796, 2.09581]",open,
153.75,1786779783.1903,sample,"[1.03184, -0.67755, 1.01215, -2.02713, 4.76649, 0.0]","[-5.85814, 0.26802, 2.09523]",open,
153.85,1786779783.2992,sample,"[1.03184, -0.67737, 1.01215, -2.02713, 4.76649, 0.0]","[-5.85813, 0.26804, 2.09502]",open,
153.95,1786779783.4041,sample,"[1.03184, -0.70238, 1.01217, -2.02713, 4.76649, 0.0]","[-5.85984, 0.26519, 2.12355]",open,
154.05,1786779783.5099,sample,"[1.03185, -0.74954, 1.01215, -2.02713, 4.76649, 0.0]","[-5.86404, 0.25817, 2.17716]",open,
154.15,1786779783.6143,sample,"[1.03184, -0.78607, 1.01209, -2.02713, 4.76649, 0.0]","[-5.86817, 0.25125, 2.2184]",open,
154.25,1786779783.7197,sample,"[1.03184, -0.79948, 1.01211, -2.02713, 4.76649, 0.0]","[-5.86988, 0.24838, 2.23344]",open,
154.35,1786779783.8245,sample,"[1.03184, -0.8044, 1.01213, -2.02713, 4.76649, 0.0]","[-5.87054, 0.24728, 2.23894]",open,
154.45,1786779783.9288,sample,"[1.05065, -0.80621, 1.01214, -2.02713, 4.76648, 0.0]","[-5.89056, 0.25476, 2.24095]",open,
154.55,1786779784.0362,sample,"[1.09115, -0.80687, 1.01214, -2.02712, 4.76647, 0.0]","[-5.93368, 0.27032, 2.24169]",open,
154.65,1786779784.1411,sample,"[1.11058, -0.80712, 1.01215, -2.02712, 4.76647, -0.0]","[-5.95456, 0.27717, 2.24196]",open,
154.75,1786779784.2444,sample,"[1.11772, -0.80721, 1.01215, -2.02712, 4.76647, 0.0]","[-5.96227, 0.27959, 2.24206]",open,
154.85,1786779784.3582,sample,"[1.12034, -0.80724, 1.01215, -2.02712, 4.76647, 0.0]","[-5.96512, 0.28047, 2.2421]",open,
154.95,1786779784.4647,sample,"[1.12131, -0.80725, 1.01215, -2.02712, 4.76647, 0.0]","[-5.96616, 0.28079, 2.24211]",open,
155.05,1786779784.5707,sample,"[1.12167, -0.78218, 1.01209, -2.02712, 4.76647, 0.0]","[-5.96381, 0.28659, 2.21403]",open,
155.15,1786779784.6732,sample,"[1.12179, -0.76007, 1.01214, -2.02712, 4.76647, 0.0]","[-5.96179, 0.2911, 2.18907]",open,
155.25,1786779784.7734,sample,"[1.12184, -0.75196, 1.01216, -2.02712, 4.76647, 0.0]","[-5.96111, 0.29263, 2.17989]",open,
155.35,1786779784.8768,sample,"[1.12184, -0.74898, 1.01215, -2.02712, 4.76647, 0.0]","[-5.96085, 0.29317, 2.17652]",open,
155.45,1786779784.9835,sample,"[1.12184, -0.74789, 1.01215, -2.02712, 4.76647, 0.0]","[-5.96075, 0.29336, 2.17529]",open,
155.55,1786779785.0856,sample,"[1.12184, -0.74749, 1.01215, -2.02712, 4.76647, 0.0]","[-5.96072, 0.29344, 2.17484]",open,
155.65,1786779785.19,sample,"[1.12184, -0.74734, 1.01215, -2.02712, 4.76647, 0.0]","[-5.96071, 0.29346, 2.17467]",open,
155.75,1786779785.2898,sample,"[1.12184, -0.74729, 1.01215, -2.02712, 4.76647, 0.0]","[-5.9607, 0.29347, 2.17461]",open,
155.85,1786779785.3915,sample,"[1.12184, -0.74727, 1.01215, -2.02712, 4.76647, 0.0]","[-5.9607, 0.29348, 2.17459]",open,
155.95,1786779785.4918,sample,"[1.12184, -0.74726, 1.01215, -2.02712, 4.76647, 0.0]","[-5.9607, 0.29348, 2.17458]",open,
156.05,1786779785.5939,sample,"[1.12184, -0.74726, 1.01215, -2.02712, 4.76647, 0.0]","[-5.9607, 0.29348, 2.17458]",open,
156.15,1786779785.6947,sample,"[1.12184, -0.74722, 0.98703, -2.02712, 4.76647, 0.0]","[-5.95841, 0.29823, 2.19177]",open,
156.25,1786779785.792,sample,"[1.12184, -0.73898, 0.93981, -2.02712, 4.76646, 0.0]","[-5.95376, 0.30789, 2.21504]",open,
156.35,1786779785.8847,sample,"[1.12184, -0.70449, 0.8977, -2.02712, 4.76646, 0.0]","[-5.94714, 0.32163, 2.20451]",open,
156.45,1786779785.9836,sample,"[1.12184, -0.68723, 0.88156, -2.02712, 4.76646, 0.0]","[-5.94428, 0.32755, 2.19562]",open,
156.55,1786779786.0775,sample,"[1.12184, -0.68089, 0.87561, -2.02712, 4.76646, 0.0]","[-5.94324, 0.3297, 2.19234]",open,
156.65,1786779786.1768,sample,"[1.12184, -0.67856, 0.87342, -2.02712, 4.76646, 0.0]","[-5.94287, 0.33049, 2.19113]",open,
156.75,1786779786.2676,sample,"[1.12184, -0.6777, 0.87261, -2.02712, 4.76646, 0.0]","[-5.94273, 0.33078, 2.19069]",open,
156.85,1786779786.3634,sample,"[1.12184, -0.67742, 0.87666, -2.02712, 4.76646, 0.0]","[-5.943, 0.33021, 2.18753]",open,
156.95,1786779786.4765,sample,"[1.12184, -0.68163, 0.91159, -2.02712, 4.76647, 0.0]","[-5.94616, 0.32367, 2.16825]",open,
157.05,1786779786.5703,sample,"[1.12185, -0.71659, 0.96237, -2.02712, 4.76647, 0.0]","[-5.95351, 0.30843, 2.17371]",open,
157.15,1786779786.6612,sample,"[1.12185, -0.76741, 1.01895, -2.02712, 4.76647, 0.0]","[-5.96316, 0.28842, 2.19267]",open,
157.25,1786779786.7591,sample,"[1.12185, -0.81577, 1.06937, -2.02712, 4.76647, 0.0]","[-5.97248, 0.26906, 2.21206]",open,
157.35,1786779786.8541,sample,"[1.12184, -0.8357, 1.09006, -2.02712, 4.76647, 0.0]","[-5.97643, 0.26084, 2.21981]",open,
157.45,1786779786.9472,sample,"[1.12184, -0.84302, 1.09768, -2.02712, 4.76647, 0.0]","[-5.9779, 0.25777, 2.2226]",open,
157.55,1786779787.0393,sample,"[1.12184, -0.84572, 1.10049, -2.02712, 4.76647, 0.0]","[-5.97845, 0.25664, 2.22362]",open,
157.65,1786779787.1287,sample,"[1.12184, -0.84671, 1.10152, -2.02712, 4.76647, 0.0]","[-5.97865, 0.25622, 2.22399]",open,
157.75,1786779787.2271,sample,"[1.12184, -0.84709, 1.10343, -2.02712, 4.76647, 0.0]","[-5.97887, 0.25578, 2.2231]",open,
157.85,1786779787.3241,sample,"[1.12185, -0.866, 1.13407, -2.02712, 4.76648, 0.0]","[-5.98377, 0.24561, 2.22266]",open,
157.95,1786779787.4176,sample,"[1.12185, -0.91089, 1.17891, -2.02712, 4.76648, 0.0]","[-5.99303, 0.22642, 2.24001]",open,
158.05,1786779787.5272,sample,"[1.12185, -0.94657, 1.19987, -2.02712, 4.76648, 0.0]","[-5.99923, 0.21352, 2.26316]",open,
158.15,1786779787.6194,sample,"[1.12184, -0.95969, 1.2076, -2.02712, 4.76648, 0.0]","[-6.00158, 0.20863, 2.27151]",open,
158.25,1786779787.7108,sample,"[1.12184, -0.96451, 1.21045, -2.02712, 4.76648, 0.0]","[-6.00246, 0.20681, 2.27456]",open,
158.35,1786779787.8056,sample,"[1.12184, -0.96629, 1.2115, -2.02712, 4.76648, 0.0]","[-6.00278, 0.20614, 2.27567]",open,
158.45,1786779787.9097,sample,"[1.1262, -0.96694, 1.21189, -2.02712, 4.76647, 0.0]","[-6.00729, 0.20718, 2.27608]",open,
158.55,1786779788.0071,sample,"[1.16123, -0.96718, 1.21203, -2.02712, 4.76646, 0.0]","[-6.04278, 0.21672, 2.27623]",open,
158.65,1786779788.0994,sample,"[1.20375, -0.96727, 1.21208, -2.02712, 4.76646, 0.0]","[-6.08625, 0.22671, 2.27629]",open,
158.75,1786779788.1922,sample,"[1.22153, -0.9673, 1.21209, -2.02712, 4.76646, -0.0]","[-6.10454, 0.23033, 2.27631]",open,
158.85,1786779788.2815,sample,"[1.22807, -0.96731, 1.2121, -2.02712, 4.76647, 0.0]","[-6.11128, 0.23158, 2.27632]",open,
158.95,1786779788.3803,sample,"[1.23047, -0.96731, 1.21212, -2.02712, 4.76647, 0.0]","[-6.11376, 0.23203, 2.27631]",open,
159.05,1786779788.4821,sample,"[1.227, -0.96732, 1.21213, -2.02712, 4.76648, -0.0]","[-6.11018, 0.23138, 2.2763]",open,
159.15,1786779788.5816,sample,"[1.19232, -0.96732, 1.21213, -2.02712, 4.76649, -0.0]","[-6.07453, 0.22417, 2.2763]",open,
159.25,1786779788.6766,sample,"[1.14163, -0.96732, 1.21214, -2.02712, 4.7665, -0.0]","[-6.02293, 0.21143, 2.2763]",open,
159.35,1786779788.7668,sample,"[1.11017, -0.96732, 1.21214, -2.02712, 4.7665, 0.0]","[-5.99125, 0.20222, 2.27629]",open,
159.45,1786779788.8585,sample,"[1.0986, -0.96732, 1.21214, -2.02712, 4.7665, 0.0]","[-5.97968, 0.19858, 2.27629]",open,
159.55,1786779788.9501,sample,"[1.09435, -0.96732, 1.21214, -2.02712, 4.7665, 0.0]","[-5.97543, 0.1972, 2.27629]",open,
159.65,1786779789.0428,sample,"[1.09278, -0.96732, 1.21214, -2.02712, 4.7665, 0.0]","[-5.97387, 0.1967, 2.27629]",open,
159.75,1786779789.1402,sample,"[1.0922, -0.96732, 1.21214, -2.02712, 4.7665, 0.0]","[-5.9733, 0.19651, 2.27629]",open,
159.85,1786779789.2381,sample,"[1.09199, -0.96732, 1.21214, -2.02712, 4.7665, 0.0]","[-5.97309, 0.19644, 2.27629]",open,
159.95,1786779789.3324,sample,"[1.09192, -0.96732, 1.21214, -2.02712, 4.7665, 0.0]","[-5.97302, 0.19641, 2.27629]",open,
160.05,1786779789.4243,sample,"[1.0919, -0.96732, 1.21214, -2.02712, 4.7665, 0.0]","[-5.973, 0.19641, 2.27629]",open,
160.15,1786779789.5212,sample,"[1.11068, -0.96732, 1.21214, -2.02712, 4.76649, 0.0]","[-5.99177, 0.20237, 2.27629]",open,
160.25,1786779789.6164,sample,"[1.14237, -0.96732, 1.21214, -2.02712, 4.76648, 0.0]","[-6.02368, 0.21164, 2.27629]",open,
160.35,1786779789.7108,sample,"[1.1547, -0.96732, 1.21214, -2.02712, 4.76648, 0.0]","[-6.03617, 0.21497, 2.27629]",open,
160.45,1786779789.8066,sample,"[1.15923, -0.96732, 1.21214, -2.02712, 4.76648, 0.0]","[-6.04078, 0.21615, 2.27629]",open,
160.55,1786779789.9054,sample,"[1.1609, -0.97558, 1.21217, -2.02712, 4.76648, 0.0]","[-6.04347, 0.21427, 2.28482]",open,
160.65,1786779789.9998,sample,"[1.16151, -1.01009, 1.21213, -2.02712, 4.76648, 0.0]","[-6.04856, 0.20412, 2.32029]",open,
160.75,1786779790.0977,sample,"[1.16174, -1.02732, 1.21211, -2.02712, 4.76648, 0.0]","[-6.05121, 0.19862, 2.33784]",open,
160.85,1786779790.1936,sample,"[1.16183, -1.03365, 1.21212, -2.02712, 4.76648, 0.0]","[-6.05221, 0.19652, 2.34425]",open,
160.95,1786779790.2948,sample,"[1.16184, -1.03597, 1.21213, -2.02712, 4.76648, 0.0]","[-6.05256, 0.19574, 2.3466]",open,
161.05,1786779790.393,sample,"[1.16185, -1.01173, 1.21209, -2.02712, 4.76648, 0.0]","[-6.04912, 0.2037, 2.322]",open,
161.15,1786779790.4844,sample,"[1.16185, -0.96487, 1.21208, -2.02712, 4.76648, 0.0]","[-6.04314, 0.21751, 2.2738]",open,
161.25,1786779790.5775,sample,"[1.16185, -0.91795, 1.21213, -2.02712, 4.76648, 0.0]","[-6.03806, 0.22923, 2.22487]",open,
161.35,1786779790.6823,sample,"[1.16184, -0.89857, 1.21214, -2.02712, 4.76648, 0.0]","[-6.03622, 0.23345, 2.20449]",open,
161.45,1786779790.7797,sample,"[1.16184, -0.88993, 1.21213, -2.02712, 4.76648, 0.0]","[-6.03545, 0.23522, 2.19539]",open,
161.55,1786779790.8767,sample,"[1.16184, -0.8612, 1.21212, -2.02712, 4.76648, 0.0]","[-6.03312, 0.24059, 2.165]",open,
161.65,1786779790.9737,sample,"[1.16181, -0.8467, 1.20867, -2.0272, 4.76664, -0.0]","[-6.03167, 0.24389, 2.15188]",open,
161.75,1786779791.0665,sample,"[1.16183, -0.84144, 1.20968, -2.02721, 4.76658, -0.0]","[-6.03145, 0.24446, 2.14561]",open,
161.85,1786779791.1604,sample,"[1.16183, -0.83936, 1.21049, -2.0272, 4.76655, 0.0]","[-6.0314, 0.24457, 2.14287]",open,
161.95,1786779791.2563,sample,"[1.16183, -0.83852, 1.21088, -2.0272, 4.76655, 0.0]","[-6.03139, 0.24459, 2.14172]",open,
162.05,1786779791.3543,sample,"[1.16183, -0.83819, 1.21106, -2.0272, 4.76654, 0.0]","[-6.03139, 0.24459, 2.14124]",open,
162.15,1786779791.4497,sample,"[1.16183, -0.83805, 1.21115, -2.0272, 4.76654, 0.0]","[-6.03139, 0.24459, 2.14104]",open,
162.25,1786779791.5472,sample,"[1.16183, -0.83799, 1.21119, -2.0272, 4.76654, 0.0]","[-6.03139, 0.24459, 2.14095]",open,
162.35,1786779791.6445,sample,"[1.16183, -0.83797, 1.21122, -2.0272, 4.76654, 0.0]","[-6.03139, 0.24458, 2.14091]",open,
162.45,1786779791.7463,sample,"[1.16183, -0.83796, 1.21123, -2.02719, 4.76654, 0.0]","[-6.03139, 0.24458, 2.14089]",open,
162.55,1786779791.8402,sample,"[1.16183, -0.83796, 1.21123, -2.02719, 4.76654, 0.0]","[-6.03139, 0.24458, 2.14088]",open,
162.65,1786779791.9346,sample,"[1.16183, -0.83796, 1.21123, -2.02719, 4.76654, 0.0]","[-6.03139, 0.24458, 2.14088]",open,
162.75,1786779792.0315,sample,"[1.16183, -0.83796, 1.21123, -2.02719, 4.76654, 0.0]","[-6.03139, 0.24458, 2.14089]",open,
162.85,1786779792.1291,sample,"[1.16185, -0.8508, 1.21166, -2.02719, 4.76654, 0.0]","[-6.03233, 0.24246, 2.15427]",open,
162.95,1786779792.2243,sample,"[1.16184, -0.8739, 1.21193, -2.02719, 4.76654, 0.0]","[-6.03409, 0.23837, 2.17859]",open,
163.05,1786779792.3213,sample,"[1.16184, -0.88239, 1.21204, -2.02718, 4.76654, 0.0]","[-6.0348, 0.23674, 2.1875]",open,
163.15,1786779792.4202,sample,"[1.16184, -0.88551, 1.21207, -2.02718, 4.76654, 0.0]","[-6.03507, 0.23612, 2.19077]",open,
163.25,1786779792.5128,sample,"[1.16184, -0.88665, 1.21209, -2.02718, 4.76654, 0.0]","[-6.03516, 0.23589, 2.19197]",open,
163.35,1786779792.608,sample,"[1.16184, -0.88707, 1.2121, -2.02718, 4.76654, 0.0]","[-6.0352, 0.23581, 2.19241]",open,
163.45,1786779792.7044,sample,"[1.16184, -0.88723, 1.21211, -2.02718, 4.76654, 0.0]","[-6.03522, 0.23577, 2.19256]",open,
163.55,1786779792.8013,sample,"[1.16184, -0.88729, 1.21212, -2.02718, 4.76654, 0.0]","[-6.03522, 0.23576, 2.19262]",open,
163.65,1786779792.8923,sample,"[1.16184, -0.88731, 1.21213, -2.02718, 4.76654, 0.0]","[-6.03522, 0.23575, 2.19263]",open,
163.75,1786779792.9827,sample,"[1.16184, -0.88731, 1.21213, -2.02718, 4.76654, 0.0]","[-6.03523, 0.23575, 2.19264]",open,
163.85,1786779793.0743,sample,"[1.16184, -0.88732, 1.21214, -2.02718, 4.76654, 0.0]","[-6.03523, 0.23575, 2.19263]",open,
163.95,1786779793.1679,sample,"[1.16184, -0.88732, 1.21214, -2.02718, 4.76654, 0.0]","[-6.03523, 0.23575, 2.19263]",open,
164.05,1786779793.2619,sample,"[1.16184, -0.88732, 1.21214, -2.02718, 4.76654, 0.0]","[-6.03523, 0.23575, 2.19263]",open,
164.15,1786779793.3547,sample,"[1.16184, -0.88732, 1.21214, -2.02718, 4.76654, 0.0]","[-6.03523, 0.23575, 2.19263]",open,
164.25,1786779793.4517,sample,"[1.16184, -0.88732, 1.21214, -2.02718, 4.76654, 0.0]","[-6.03523, 0.23575, 2.19263]",open,
164.35,1786779793.5485,sample,"[1.16184, -0.88732, 1.21214, -2.02718, 4.76654, 0.0]","[-6.03523, 0.23575, 2.19263]",open,
164.45,1786779793.6388,sample,"[1.16184, -0.88732, 1.21214, -2.02718, 4.76654, 0.0]","[-6.03523, 0.23575, 2.19263]",open,
164.55,1786779793.7356,sample,"[1.16184, -0.88732, 1.21214, -2.02718, 4.76654, 0.0]","[-6.03523, 0.23575, 2.19263]",open,
164.65,1786779793.8465,sample,"[1.16184, -0.88732, 1.21214, -2.02718, 4.76654, 0.0]","[-6.03523, 0.23575, 2.19263]",open,
164.75,1786779793.937,sample,"[1.16184, -0.88732, 1.21214, -2.02718, 4.76654, 0.0]","[-6.03523, 0.23575, 2.19263]",open,
164.85,1786779794.0341,sample,"[1.16184, -0.88732, 1.21214, -2.02718, 4.76654, 0.0]","[-6.03523, 0.23575, 2.19263]",open,
164.95,1786779794.1318,sample,"[1.16184, -0.88732, 1.21214, -2.02718, 4.76654, 0.0]","[-6.03523, 0.23575, 2.19263]",open,
165.05,1786779794.2322,sample,"[1.16184, -0.88732, 1.21214, -2.02718, 4.76654, 0.0]","[-6.03523, 0.23575, 2.19263]",open,
165.15,1786779794.3322,sample,"[1.16184, -0.88732, 1.21214, -2.02718, 4.76654, 0.0]","[-6.03523, 0.23575, 2.19263]",open,
165.25,1786779794.4326,sample,"[1.16184, -0.88732, 1.21214, -2.02718, 4.76654, 0.0]","[-6.03523, 0.23575, 2.19263]",open,
165.35,1786779794.5284,sample,"[1.16184, -0.88732, 1.21214, -2.02718, 4.76654, 0.0]","[-6.03523, 0.23575, 2.19263]",open,
165.45,1786779794.6268,sample,"[1.16184, -0.88732, 1.21214, -2.02718, 4.76654, 0.0]","[-6.03523, 0.23575, 2.19263]",open,
165.55,1786779794.7188,sample,"[1.16184, -0.88732, 1.21214, -2.02718, 4.76654, 0.0]","[-6.03523, 0.23575, 2.19263]",open,
165.65,1786779794.8232,sample,"[1.16184, -0.88732, 1.21214, -2.02718, 4.76654, 0.0]","[-6.03523, 0.23575, 2.19263]",open,
165.75,1786779794.9333,sample,"[1.16184, -0.88732, 1.21214, -2.02718, 4.76654, 0.0]","[-6.03523, 0.23575, 2.19263]",open,
165.85,1786779795.0293,sample,"[1.16184, -0.88732, 1.21214, -2.02718, 4.76654, 0.0]","[-6.03523, 0.23575, 2.19263]",open,
165.95,1786779795.1222,sample,"[1.16184, -0.88732, 1.21214, -2.02718, 4.76654, 0.0]","[-6.03523, 0.23575, 2.19263]",open,
166.05,1786779795.2236,sample,"[1.16184, -0.88732, 1.21214, -2.02718, 4.76654, 0.0]","[-6.03523, 0.23575, 2.19263]",open,
166.15,1786779795.3224,sample,"[1.16184, -0.88732, 1.21214, -2.02718, 4.76654, 0.0]","[-6.03523, 0.23575, 2.19263]",open,
166.25,1786779795.4218,sample,"[1.16184, -0.88732, 1.21214, -2.02718, 4.76654, 0.0]","[-6.03523, 0.23575, 2.19263]",open,
166.35,1786779795.5272,sample,"[1.16184, -0.88732, 1.21214, -2.02718, 4.76654, 0.0]","[-6.03523, 0.23575, 2.19263]",open,
166.45,1786779795.6356,sample,"[1.16184, -0.88732, 1.21214, -2.02718, 4.76654, 0.0]","[-6.03523, 0.23575, 2.19263]",open,
166.55,1786779795.7354,sample,"[1.16184, -0.88732, 1.21214, -2.02718, 4.76654, 0.0]","[-6.03523, 0.23575, 2.19263]",open,
166.65,1786779795.8313,sample,"[1.16184, -0.88732, 1.21214, -2.02718, 4.76654, 0.0]","[-6.03523, 0.23575, 2.19263]",open,
166.75,1786779795.9479,sample,"[1.16184, -0.88732, 1.21214, -2.02718, 4.76654, 0.0]","[-6.03523, 0.23575, 2.19263]",open,
166.85,1786779796.0418,sample,"[1.16184, -0.88732, 1.21214, -2.02718, 4.76654, 0.0]","[-6.03523, 0.23575, 2.19263]",open,
166.95,1786779796.1346,sample,"[1.16184, -0.88732, 1.21214, -2.02718, 4.76654, 0.0]","[-6.03523, 0.23575, 2.19263]",open,
167.05,1786779796.2299,sample,"[1.16184, -0.88732, 1.21214, -2.02718, 4.76654, 0.0]","[-6.03523, 0.23575, 2.19263]",open,
167.15,1786779796.3247,sample,"[1.16184, -0.88732, 1.21214, -2.02718, 4.76654, 0.0]","[-6.03523, 0.23575, 2.19263]",open,
167.25,1786779796.4197,sample,"[1.16184, -0.88732, 1.21214, -2.02718, 4.76654, 0.0]","[-6.03523, 0.23575, 2.19263]",open,
167.35,1786779796.5133,sample,"[1.16184, -0.88732, 1.21214, -2.02718, 4.76654, 0.0]","[-6.03523, 0.23575, 2.19263]",open,
167.45,1786779796.6078,sample,"[1.16184, -0.88732, 1.21214, -2.02718, 4.76654, 0.0]","[-6.03523, 0.23575, 2.19263]",open,
167.55,1786779796.6986,sample,"[1.16184, -0.88732, 1.21214, -2.02718, 4.76654, 0.0]","[-6.03523, 0.23575, 2.19263]",open,
167.65,1786779796.7953,sample,"[1.16184, -0.88732, 1.21214, -2.02718, 4.76654, 0.0]","[-6.03523, 0.23575, 2.19263]",open,
167.75,1786779796.8868,sample,"[1.16184, -0.88732, 1.21214, -2.02718, 4.76654, 0.0]","[-6.03523, 0.23575, 2.19263]",open,
167.85,1786779796.9932,sample,"[1.16184, -0.88732, 1.21214, -2.02718, 4.76654, 0.0]","[-6.03523, 0.23575, 2.19263]",open,
167.95,1786779797.0844,sample,"[1.16184, -0.88732, 1.21214, -2.02718, 4.76654, 0.0]","[-6.03523, 0.23575, 2.19263]",open,
168.05,1786779797.1779,sample,"[1.16184, -0.88732, 1.21214, -2.02718, 4.76654, 0.0]","[-6.03523, 0.23575, 2.19263]",open,
168.15,1786779797.27,sample,"[1.16184, -0.88732, 1.21214, -2.02718, 4.76654, 0.0]","[-6.03523, 0.23575, 2.19263]",open,
168.25,1786779797.3683,sample,"[1.1662, -0.88732, 1.21214, -2.02718, 4.76654, 0.0]","[-6.03975, 0.23689, 2.19263]",open,
168.35,1786779797.4632,sample,"[1.1997, -0.88732, 1.21214, -2.02718, 4.76653, 0.0]","[-6.07462, 0.24503, 2.19263]",open,
168.45,1786779797.5573,sample,"[1.22004, -0.88732, 1.21214, -2.02718, 4.76653, 0.0]","[-6.09592, 0.2494, 2.19263]",open,
168.55,1786779797.6528,sample,"[1.22752, -0.88732, 1.21214, -2.02718, 4.76653, 0.0]","[-6.10378, 0.25089, 2.19263]",open,
168.65,1786779797.7446,sample,"[1.23027, -0.88732, 1.21214, -2.02718, 4.76653, 0.0]","[-6.10667, 0.25143, 2.19263]",open,
168.75,1786779797.8376,sample,"[1.23128, -0.88732, 1.21214, -2.02718, 4.76653, 0.0]","[-6.10773, 0.25162, 2.19263]",open,
168.85,1786779797.9315,sample,"[1.23166, -0.88732, 1.21214, -2.02718, 4.76653, 0.0]","[-6.10813, 0.2517, 2.19263]",open,
168.95,1786779798.0517,sample,"[1.23178, -0.88732, 1.21214, -2.02718, 4.76653, 0.0]","[-6.10826, 0.25172, 2.19263]",open,
169.05,1786779798.1488,sample,"[1.23184, -0.88732, 1.21214, -2.02718, 4.76653, 0.0]","[-6.10832, 0.25173, 2.19263]",open,
169.15,1786779798.244,sample,"[1.23184, -0.88732, 1.21214, -2.02718, 4.76653, 0.0]","[-6.10832, 0.25173, 2.19263]",open,
169.25,1786779798.3404,sample,"[1.25065, -0.88732, 1.21214, -2.02717, 4.76652, 0.0]","[-6.12814, 0.25515, 2.19263]",open,
169.35,1786779798.4387,sample,"[1.28236, -0.88732, 1.21214, -2.02717, 4.76651, 0.0]","[-6.16168, 0.26007, 2.19263]",open,
169.45,1786779798.5316,sample,"[1.2947, -0.88732, 1.21214, -2.02717, 4.76651, 0.0]","[-6.17476, 0.26169, 2.19263]",open,
169.55,1786779798.6274,sample,"[1.29923, -0.88732, 1.21214, -2.02717, 4.76651, 0.0]","[-6.17958, 0.26225, 2.19263]",open,
169.65,1786779798.7227,sample,"[1.3009, -0.88732, 1.21214, -2.02717, 4.76651, 0.0]","[-6.18135, 0.26245, 2.19263]",open,
169.75,1786779798.8136,sample,"[1.30151, -0.88732, 1.21214, -2.02717, 4.76651, 0.0]","[-6.182, 0.26252, 2.19263]",open,
169.85,1786779798.9054,sample,"[1.30174, -0.88732, 1.21214, -2.02717, 4.76651, 0.0]","[-6.18225, 0.26255, 2.19263]",open,
169.95,1786779799.0002,sample,"[1.30182, -0.88732, 1.21214, -2.02717, 4.76651, 0.0]","[-6.18233, 0.26256, 2.19263]",open,
170.05,1786779799.1037,sample,"[1.30184, -0.88732, 1.21214, -2.02717, 4.76651, 0.0]","[-6.18235, 0.26256, 2.19263]",open,
170.15,1786779799.1995,sample,"[1.30184, -0.88732, 1.21214, -2.02717, 4.76651, 0.0]","[-6.18235, 0.26256, 2.19263]",open,
170.25,1786779799.2903,sample,"[1.30184, -0.88732, 1.21214, -2.02717, 4.76651, 0.0]","[-6.18235, 0.26256, 2.19263]",open,
170.35,1786779799.3958,sample,"[1.30184, -0.88732, 1.21214, -2.02717, 4.76651, 0.0]","[-6.18235, 0.26256, 2.19263]",open,
170.45,1786779799.492,sample,"[1.30184, -0.88732, 1.21214, -2.02717, 4.76651, 0.0]","[-6.18235, 0.26256, 2.19263]",open,
170.55,1786779799.5855,sample,"[1.30184, -0.88732, 1.21214, -2.02717, 4.76651, 0.0]","[-6.18235, 0.26256, 2.19263]",open,
170.65,1786779799.6803,sample,"[1.30184, -0.88732, 1.21214, -2.02717, 4.76651, 0.0]","[-6.18235, 0.26256, 2.19263]",open,
170.75,1786779799.7754,sample,"[1.30184, -0.88732, 1.21214, -2.02717, 4.76651, 0.0]","[-6.18235, 0.26256, 2.19263]",open,
170.85,1786779799.8698,sample,"[1.30184, -0.88732, 1.21214, -2.01401, 4.76651, 0.0]","[-6.18262, 0.26159, 2.19098]",open,
170.95,1786779799.9666,sample,"[1.30184, -0.88732, 1.21214, -1.98022, 4.76651, 0.0]","[-6.18333, 0.25899, 2.18677]",open,
171.05,1786779800.0599,sample,"[1.30184, -0.88731, 1.21215, -1.96566, 4.76651, 0.0]","[-6.18365, 0.25782, 2.18498]",open,
171.15,1786779800.1647,sample,"[1.30184, -0.88732, 1.21215, -1.9603, 4.76651, 0.0]","[-6.18377, 0.25739, 2.18433]",open,
171.25,1786779800.2563,sample,"[1.30184, -0.88732, 1.21214, -1.95833, 4.76651, 0.0]","[-6.18382, 0.25723, 2.18409]",open,
171.35,1786779800.3484,sample,"[1.30184, -0.88732, 1.21214, -1.9576, 4.76651, 0.0]","[-6.18384, 0.25717, 2.184]",open,
171.45,1786779800.442,sample,"[1.30184, -0.88732, 1.21214, -1.95733, 4.76651, 0.0]","[-6.18384, 0.25714, 2.18397]",open,
171.55,1786779800.5309,sample,"[1.30184, -0.88732, 1.21214, -1.95723, 4.76651, 0.0]","[-6.18384, 0.25714, 2.18396]",open,
171.65,1786779800.6208,sample,"[1.30184, -0.88732, 1.21214, -1.95722, 4.76651, 0.0]","[-6.18384, 0.25713, 2.18396]",open,
171.75,1786779800.7128,sample,"[1.30184, -0.88732, 1.21214, -1.95721, 4.76651, 0.0]","[-6.18384, 0.25713, 2.18396]",open,
171.85,1786779800.8037,sample,"[1.30184, -0.88732, 1.21214, -1.95721, 4.76651, 0.0]","[-6.18384, 0.25713, 2.18395]",open,
171.95,1786779800.9003,sample,"[1.30184, -0.88732, 1.21214, -1.9572, 4.76651, 0.0]","[-6.18384, 0.25713, 2.18395]",open,
172.05,1786779801.0134,sample,"[1.30184, -0.88731, 1.21215, -1.9572, 4.76651, 0.0]","[-6.18385, 0.25713, 2.18395]",closed,pkg_003
172.15,1786779801.157,sample,"[1.30184, -0.88731, 1.21215, -1.95719, 4.76652, 0.0]","[-6.18384, 0.25713, 2.18394]",closed,pkg_003
172.25,1786779801.2634,sample,"[1.30184, -0.88731, 1.21215, -1.95719, 4.76652, 0.0]","[-6.18385, 0.25713, 2.18394]",closed,pkg_003
172.35,1786779801.3623,sample,"[1.30184, -0.88731, 1.21215, -1.95719, 4.76653, 0.0]","[-6.18385, 0.25713, 2.18394]",closed,pkg_003
172.45,1786779801.4578,sample,"[1.30184, -0.88731, 1.21215, -1.95719, 4.76653, 0.0]","[-6.18385, 0.25713, 2.18394]",closed,pkg_003
172.55,1786779801.5564,sample,"[1.30184, -0.88731, 1.21215, -1.95719, 4.76654, 0.0]","[-6.18385, 0.25713, 2.18394]",closed,pkg_003
172.65,1786779801.6533,sample,"[1.30184, -0.88731, 1.21215, -1.95718, 4.76655, 0.0]","[-6.18385, 0.25713, 2.18394]",closed,pkg_003
172.75,1786779801.7498,sample,"[1.30184, -0.88731, 1.21215, -1.95718, 4.76655, 0.0]","[-6.18385, 0.25713, 2.18394]",closed,pkg_003
172.85,1786779801.8442,sample,"[1.30184, -0.88731, 1.21215, -1.95718, 4.76655, 0.0]","[-6.18385, 0.25713, 2.18394]",closed,pkg_003
172.95,1786779801.9436,sample,"[1.30184, -0.88731, 1.21215, -1.95718, 4.76656, 0.0]","[-6.18385, 0.25713, 2.18394]",closed,pkg_003
173.05,1786779802.0395,sample,"[1.30185, -0.9124, 1.21218, -1.95717, 4.76656, 0.0]","[-6.18533, 0.2518, 2.21019]",closed,pkg_003
173.15,1786779802.134,sample,"[1.30185, -0.95958, 1.21217, -1.95717, 4.76657, -0.0]","[-6.18857, 0.24007, 2.2592]",closed,pkg_003
173.25,1786779802.2266,sample,"[1.30186, -1.01487, 1.21216, -1.95716, 4.76657, -0.0]","[-6.19314, 0.22351, 2.31583]",closed,pkg_003
173.35,1786779802.3225,sample,"[1.30186, -1.07315, 1.21215, -1.95715, 4.76656, -0.0]","[-6.19884, 0.20281, 2.37437]",closed,pkg_003
173.45,1786779802.4145,sample,"[1.30186, -1.13251, 1.21215, -1.95715, 4.76655, 0.0]","[-6.20558, 0.17839, 2.43263]",closed,pkg_003
173.55,1786779802.5117,sample,"[1.30187, -1.19228, 1.21215, -1.95715, 4.76654, 0.0]","[-6.21327, 0.15047, 2.48966]",closed,pkg_003
173.65,1786779802.6122,sample,"[1.30187, -1.2522, 1.21215, -1.95715, 4.76652, 0.0]","[-6.22188, 0.11924, 2.54499]",closed,pkg_003
173.75,1786779802.7131,sample,"[1.30187, -1.31217, 1.21215, -1.95715, 4.76651, 0.0]","[-6.23136, 0.08484, 2.59833]",closed,pkg_003
173.85,1786779802.8154,sample,"[1.30188, -1.37217, 1.21215, -1.95715, 4.76649, 0.0]","[-6.24168, 0.04741, 2.64945]",closed,pkg_003
173.95,1786779802.9133,sample,"[1.30188, -1.43217, 1.21215, -1.95715, 4.76648, 0.0]","[-6.2528, 0.00708, 2.69816]",closed,pkg_003
174.05,1786779803.0072,sample,"[1.30189, -1.48784, 1.21212, -1.95714, 4.76646, 0.0]","[-6.26379, -0.0328, 2.74105]",closed,pkg_003
174.15,1786779803.1005,sample,"[1.30189, -1.51284, 1.21211, -1.95714, 4.76645, 0.0]","[-6.26893, -0.05144, 2.75955]",closed,pkg_003
174.25,1786779803.1964,sample,"[1.32069, -1.52202, 1.21213, -1.95714, 4.76644, 0.0]","[-6.28479, -0.05798, 2.7662]",closed,pkg_003
174.35,1786779803.2938,sample,"[1.36553, -1.52539, 1.21214, -1.95714, 4.76642, 0.0]","[-6.31861, -0.06065, 2.76862]",closed,pkg_003
174.45,1786779803.3882,sample,"[1.41996, -1.52662, 1.21214, -1.95714, 4.7664, 0.0]","[-6.35895, -0.06373, 2.76951]",closed,pkg_003
174.55,1786779803.4835,sample,"[1.47791, -1.52708, 1.21214, -1.95714, 4.76639, 0.0]","[-6.40153, -0.06874, 2.76984]",closed,pkg_003
174.65,1786779803.5773,sample,"[1.53715, -1.52725, 1.21214, -1.95714, 4.76638, 0.0]","[-6.44465, -0.07616, 2.76996]",closed,pkg_003
174.75,1786779803.6786,sample,"[1.59687, -1.5273, 1.21214, -1.95714, 4.76638, 0.0]","[-6.48759, -0.08613, 2.77]",closed,pkg_003
174.85,1786779803.7831,sample,"[1.65677, -1.52732, 1.21214, -1.95714, 4.76638, 0.0]","[-6.52999, -0.09865, 2.77001]",closed,pkg_003
174.95,1786779803.884,sample,"[1.71673, -1.52733, 1.21214, -1.95714, 4.76638, 0.0]","[-6.5716, -0.11371, 2.77002]",closed,pkg_003
175.05,1786779803.9876,sample,"[1.77672, -1.52734, 1.21214, -1.95714, 4.76638, 0.0]","[-6.61226, -0.13123, 2.77003]",closed,pkg_003
175.15,1786779804.0912,sample,"[1.83671, -1.52735, 1.21214, -1.95714, 4.76638, 0.0]","[-6.65179, -0.15116, 2.77004]",closed,pkg_003
175.25,1786779804.1931,sample,"[1.89671, -1.52736, 1.21214, -1.95714, 4.76638, 0.0]","[-6.69006, -0.17343, 2.77004]",closed,pkg_003
175.35,1786779804.2964,sample,"[1.95671, -1.52737, 1.21214, -1.95714, 4.76638, 0.0]","[-6.72693, -0.19795, 2.77004]",closed,pkg_003
175.45,1786779804.4068,sample,"[2.01671, -1.52737, 1.21214, -1.95714, 4.76638, 0.0]","[-6.76226, -0.22464, 2.77005]",closed,pkg_003
175.55,1786779804.5082,sample,"[2.07671, -1.52737, 1.21214, -1.95714, 4.76638, 0.0]","[-6.79593, -0.25339, 2.77005]",closed,pkg_003
175.65,1786779804.6086,sample,"[2.13671, -1.52737, 1.21214, -1.95714, 4.76638, 0.0]","[-6.82782, -0.28412, 2.77005]",closed,pkg_003
175.75,1786779804.711,sample,"[2.19671, -1.52737, 1.21214, -1.95714, 4.76638, 0.0]","[-6.8578, -0.31669, 2.77004]",closed,pkg_003
175.85,1786779804.8115,sample,"[2.25671, -1.52737, 1.21214, -1.95714, 4.76638, 0.0]","[-6.88578, -0.35101, 2.77005]",closed,pkg_003
175.95,1786779804.9137,sample,"[2.31672, -1.52737, 1.21214, -1.95714, 4.76638, 0.0]","[-6.91165, -0.38695, 2.77005]",closed,pkg_003
176.05,1786779805.0158,sample,"[2.37672, -1.52737, 1.21214, -1.95714, 4.76638, 0.0]","[-6.93532, -0.42437, 2.77004]",closed,pkg_003
176.15,1786779805.1156,sample,"[2.43672, -1.52737, 1.21214, -1.95714, 4.76638, 0.0]","[-6.9567, -0.46314, 2.77005]",closed,pkg_003
176.25,1786779805.217,sample,"[2.49672, -1.52737, 1.21214, -1.95714, 4.76638, 0.0]","[-6.97572, -0.50312, 2.77005]",closed,pkg_003
176.35,1786779805.32,sample,"[2.55672, -1.52737, 1.21214, -1.95714, 4.76638, 0.0]","[-6.9923, -0.54418, 2.77005]",closed,pkg_003
176.45,1786779805.4275,sample,"[2.61671, -1.52737, 1.21214, -1.95714, 4.76638, 0.0]","[-7.0064, -0.58615, 2.77004]",closed,pkg_003
176.55,1786779805.5338,sample,"[2.67671, -1.52737, 1.21214, -1.95714, 4.76638, 0.0]","[-7.01795, -0.62889, 2.77005]",closed,pkg_003
176.65,1786779805.6283,sample,"[2.73671, -1.52737, 1.21214, -1.95714, 4.76638, 0.0]","[-7.02692, -0.67225, 2.77005]",closed,pkg_003
176.75,1786779805.7298,sample,"[2.79671, -1.52737, 1.21214, -1.95714, 4.76638, 0.0]","[-7.03327, -0.71607, 2.77005]",closed,pkg_003
176.85,1786779805.8285,sample,"[2.85671, -1.52737, 1.21214, -1.95714, 4.76638, 0.0]","[-7.03698, -0.76019, 2.77005]",closed,pkg_003
176.95,1786779805.9283,sample,"[2.91671, -1.52737, 1.21214, -1.95714, 4.76638, 0.0]","[-7.03804, -0.80445, 2.77005]",closed,pkg_003
177.05,1786779806.0302,sample,"[2.97671, -1.52737, 1.21214, -1.95714, 4.76638, 0.0]","[-7.03645, -0.8487, 2.77005]",closed,pkg_003
177.15,1786779806.1308,sample,"[3.03671, -1.52737, 1.21214, -1.95714, 4.76638, 0.0]","[-7.0322, -0.89277, 2.77005]",closed,pkg_003
177.25,1786779806.2297,sample,"[3.09671, -1.52737, 1.21214, -1.95714, 4.76638, 0.0]","[-7.02532, -0.93651, 2.77005]",closed,pkg_003
177.35,1786779806.3291,sample,"[3.15671, -1.52737, 1.21214, -1.95714, 4.76638, 0.0]","[-7.01583, -0.97976, 2.77005]",closed,pkg_003
177.45,1786779806.4326,sample,"[3.21671, -1.52737, 1.21214, -1.95714, 4.76638, 0.0]","[-7.00376, -1.02236, 2.77005]",closed,pkg_003
177.55,1786779806.5447,sample,"[3.27671, -1.52737, 1.21214, -1.95714, 4.76638, 0.0]","[-6.98916, -1.06416, 2.77005]",closed,pkg_003
177.65,1786779806.6406,sample,"[3.33236, -1.52737, 1.21214, -1.95714, 4.76638, 0.0]","[-6.97341, -1.10208, 2.77005]",closed,pkg_003
177.75,1786779806.7362,sample,"[3.35735, -1.52736, 1.21215, -1.95714, 4.76638, 0.0]","[-6.96565, -1.11881, 2.77004]",open,
177.85,1786779806.8745,sample,"[3.36654, -1.52737, 1.21214, -1.95714, 4.76638, 0.0]","[-6.96269, -1.12492, 2.77004]",open,
177.95,1786779806.9728,sample,"[3.36991, -1.52737, 1.21214, -1.95714, 4.76638, 0.0]","[-6.96159, -1.12715, 2.77004]",open,
178.05,1786779807.0681,sample,"[3.37115, -1.52737, 1.21214, -1.95714, 4.76638, 0.0]","[-6.96118, -1.12797, 2.77004]",open,
178.15,1786779807.169,sample,"[3.37162, -1.52737, 1.21214, -1.95714, 4.76638, 0.0]","[-6.96103, -1.12828, 2.77004]",open,
178.25,1786779807.2643,sample,"[3.3718, -1.52737, 1.21214, -1.95714, 4.76638, 0.0]","[-6.96097, -1.1284, 2.77004]",open,
178.35,1786779807.3637,sample,"[3.37181, -1.52737, 1.21214, -1.95714, 4.76638, 0.0]","[-6.96097, -1.12841, 2.77004]",open,
178.45,1786779807.4608,sample,"[3.37182, -1.52737, 1.21214, -1.95714, 4.76638, 0.0]","[-6.96097, -1.12841, 2.77004]",open,
178.55,1786779807.5713,sample,"[3.37183, -1.52737, 1.21214, -1.95714, 4.76638, 0.0]","[-6.96096, -1.12842, 2.77004]",open,
178.65,1786779807.6723,sample,"[3.37184, -1.52737, 1.21214, -1.95714, 4.76638, 0.0]","[-6.96096, -1.12843, 2.77004]",open,
178.75,1786779807.7702,sample,"[3.37185, -1.52737, 1.21214, -1.95714, 4.76638, 0.0]","[-6.96096, -1.12843, 2.77004]",open,
178.85,1786779807.8704,sample,"[3.37186, -1.52737, 1.21214, -1.95714, 4.76638, 0.0]","[-6.96095, -1.12844, 2.77004]",open,
178.95,1786779807.9696,sample,"[3.37186, -1.52737, 1.21214, -1.95714, 4.76638, 0.0]","[-6.96095, -1.12844, 2.77004]",open,
179.05,1786779808.073,sample,"[3.37187, -1.52737, 1.21214, -1.95714, 4.76638, 0.0]","[-6.96095, -1.12845, 2.77004]",open,
179.15,1786779808.1764,sample,"[3.37035, -1.52737, 1.21214, -1.95714, 4.76638, 0.0]","[-6.96145, -1.12744, 2.77004]",open,
179.25,1786779808.2818,sample,"[3.33987, -1.52736, 1.21213, -1.95714, 4.76639, 0.0]","[-6.97112, -1.10714, 2.77005]",open,
179.35,1786779808.3856,sample,"[3.29074, -1.52736, 1.21213, -1.95714, 4.7664, 0.0]","[-6.9854, -1.0738, 2.77005]",open,
179.45,1786779808.4865,sample,"[3.23473, -1.52736, 1.21212, -1.95714, 4.7664, 0.0]","[-6.99965, -1.03501, 2.77005]",open,
179.55,1786779808.5914,sample,"[3.1762, -1.52736, 1.21212, -1.95714, 4.76641, 0.0]","[-7.0122, -0.99368, 2.77005]",open,
179.65,1786779808.6939,sample,"[3.11674, -1.52736, 1.21212, -1.95714, 4.76642, 0.0]","[-7.02245, -0.95102, 2.77005]",open,
179.75,1786779808.8068,sample,"[3.05694, -1.52736, 1.21212, -1.95714, 4.76643, 0.0]","[-7.03018, -0.90757, 2.77005]",open,
179.85,1786779808.9198,sample,"[2.99701, -1.52736, 1.21212, -1.95714, 4.76644, 0.0]","[-7.03531, -0.86365, 2.77005]",open,
179.95,1786779809.0371,sample,"[2.93704, -1.52736, 1.21212, -1.95714, 4.76644, 0.0]","[-7.03781, -0.81946, 2.77005]",open,
180.05,1786779809.1511,sample,"[2.87705, -1.52736, 1.21212, -1.95714, 4.76645, 0.0]","[-7.03765, -0.77519, 2.77005]",open,
180.15,1786779809.2674,sample,"[2.81706, -1.52736, 1.21212, -1.95714, 4.76645, 0.0]","[-7.03483, -0.73101, 2.77005]",open,
180.25,1786779809.3808,sample,"[2.75706, -1.52736, 1.21211, -1.95714, 4.76646, 0.0]","[-7.02937, -0.68707, 2.77006]",open,
180.35,1786779809.4982,sample,"[2.69706, -1.52736, 1.21211, -1.95714, 4.76647, 0.0]","[-7.02129, -0.64354, 2.77006]",open,
180.45,1786779809.6282,sample,"[2.63706, -1.52736, 1.21211, -1.95714, 4.76647, 0.0]","[-7.01061, -0.60057, 2.77006]",open,
180.55,1786779809.8185,sample,"[2.57706, -1.52736, 1.21211, -1.95714, 4.76648, 0.0]","[-6.99737, -0.55832, 2.77006]",open,
180.65,1786779809.9318,sample,"[2.51706, -1.52736, 1.21211, -1.95714, 4.76648, 0.0]","[-6.98162, -0.51694, 2.77006]",open,
180.75,1786779810.0447,sample,"[2.45706, -1.52736, 1.21211, -1.95714, 4.76649, 0.0]","[-6.96342, -0.47657, 2.77006]",open,
180.85,1786779810.16,sample,"[2.39706, -1.52736, 1.21211, -1.95714, 4.76649, 0.0]","[-6.94284, -0.43737, 2.77006]",open,
180.95,1786779810.2748,sample,"[2.33706, -1.52736, 1.21211, -1.95714, 4.7665, 0.0]","[-6.91993, -0.39948, 2.77006]",open,
181.05,1786779810.3857,sample,"[2.27706, -1.52736, 1.21211, -1.95714, 4.7665, 0.0]","[-6.8948, -0.36303, 2.77006]",open,
181.15,1786779810.5057,sample,"[2.21706, -1.52736, 1.21211, -1.95714, 4.7665, 0.0]","[-6.86753, -0.32815, 2.77006]",open,
181.25,1786779810.6192,sample,"[2.17364, -1.52736, 1.21212, -1.95714, 4.7665, 0.0]","[-6.84651, -0.30396, 2.77006]",open,
181.35,1786779810.7257,sample,"[2.19133, -1.52737, 1.21213, -1.95714, 4.76649, 0.0]","[-6.8552, -0.31371, 2.77005]",open,
181.45,1786779810.8337,sample,"[2.23577, -1.52737, 1.21214, -1.95714, 4.76648, 0.0]","[-6.87625, -0.33885, 2.77005]",open,
181.55,1786779810.9355,sample,"[2.29004, -1.52737, 1.21213, -1.95714, 4.76647, 0.0]","[-6.90042, -0.37079, 2.77005]",open,
181.65,1786779811.0384,sample,"[2.34794, -1.52737, 1.21213, -1.95714, 4.76646, 0.0]","[-6.92425, -0.40625, 2.77006]",open,
181.75,1786779811.1517,sample,"[2.39887, -1.52737, 1.21213, -1.95714, 4.76646, 0.0]","[-6.94348, -0.43854, 2.77005]",open,
181.85,1786779811.2731,sample,"[2.41973, -1.54049, 1.21216, -1.95714, 4.76645, 0.0]","[-6.94303, -0.45895, 2.77939]",open,
181.95,1786779811.3775,sample,"[2.4274, -1.58259, 1.21214, -1.95714, 4.76645, 0.0]","[-6.91963, -0.48644, 2.80849]",open,
182.05,1786779811.4829,sample,"[2.43024, -1.63602, 1.21212, -1.95714, 4.76645, 0.0]","[-6.88614, -0.51782, 2.84329]",open,
182.15,1786779811.5909,sample,"[2.43129, -1.69361, 1.21211, -1.95714, 4.76645, 0.0]","[-6.84783, -0.55164, 2.87803]",open,
182.25,1786779811.6998,sample,"[2.43169, -1.75122, 1.21208, -1.95714, 4.76644, 0.0]","[-6.80785, -0.58631, 2.90978]",open,
182.35,1786779811.8101,sample,"[2.43185, -1.78044, 1.21205, -1.95714, 4.76644, 0.0]","[-6.78702, -0.60431, 2.92473]",open,
182.45,1786779811.9121,sample,"[2.4319, -1.79118, 1.21205, -1.95714, 4.76644, 0.0]","[-6.77929, -0.61097, 2.93001]",open,
182.55,1786779812.0135,sample,"[2.43193, -1.79512, 1.21206, -1.95714, 4.76644, 0.0]","[-6.77645, -0.61344, 2.93191]",open,
182.65,1786779812.1184,sample,"[2.43197, -1.79656, 1.21207, -1.95714, 4.76643, 0.0]","[-6.77541, -0.61435, 2.93261]",open,
182.75,1786779812.2227,sample,"[2.43197, -1.7971, 1.21207, -1.95714, 4.76643, 0.0]","[-6.77502, -0.61469, 2.93286]",open,
182.85,1786779812.3302,sample,"[2.43197, -1.79729, 1.21207, -1.95714, 4.76643, 0.0]","[-6.77488, -0.61481, 2.93295]",open,
182.95,1786779812.4316,sample,"[2.43197, -1.79737, 1.21207, -1.95714, 4.76643, 0.0]","[-6.77483, -0.61486, 2.93299]",open,
183.05,1786779812.538,sample,"[2.43197, -1.79737, 1.21207, -1.95714, 4.76642, 0.0]","[-6.77482, -0.61486, 2.93299]",open,
183.15,1786779812.6448,sample,"[2.43197, -1.79737, 1.21207, -1.95714, 4.76642, 0.0]","[-6.77482, -0.61486, 2.93299]",open,
183.25,1786779812.7468,sample,"[2.43197, -1.79737, 1.21207, -1.95714, 4.76642, 0.0]","[-6.77482, -0.61486, 2.93299]",open,
183.35,1786779812.8589,sample,"[2.43197, -1.79737, 1.21207, -1.95714, 4.76641, 0.0]","[-6.77482, -0.61486, 2.93299]",open,
183.45,1786779812.9613,sample,"[2.43197, -1.79737, 1.21207, -1.95714, 4.76641, 0.0]","[-6.77482, -0.61486, 2.93299]",open,
183.55,1786779813.0646,sample,"[2.43197, -1.79737, 1.21207, -1.95714, 4.76641, 0.0]","[-6.77482, -0.61486, 2.93299]",open,
183.65,1786779813.1725,sample,"[2.43197, -1.79737, 1.21207, -1.95714, 4.76641, 0.0]","[-6.77482, -0.61486, 2.93299]",open,
183.75,1786779813.2748,sample,"[2.43197, -1.79737, 1.21207, -1.95714, 4.7664, 0.0]","[-6.77482, -0.61486, 2.93299]",open,
183.85,1786779813.3762,sample,"[2.43197, -1.79737, 1.21207, -1.95714, 4.7664, 0.0]","[-6.77482, -0.61486, 2.93299]",open,
183.95,1786779813.4757,sample,"[2.43197, -1.79737, 1.21207, -1.95714, 4.7664, 0.0]","[-6.77482, -0.61486, 2.93299]",open,
184.05,1786779813.574,sample,"[2.43197, -1.79737, 1.21207, -1.95714, 4.7664, 0.0]","[-6.77482, -0.61486, 2.93299]",open,
184.15,1786779813.6763,sample,"[2.43197, -1.79737, 1.21207, -1.95714, 4.7664, 0.0]","[-6.77482, -0.61486, 2.93299]",open,
