timestamp_sim,timestamp_wall,event,joint_positions,ee_position,gripper_state,package_id
0.05,1786779839.6684,sample,"[1.63188, -1.27756, 1.89196, -2.26718, 4.65654, -0.0]","[-6.50534, -0.04374, 2.15053]",open,
0.15,1786779839.8809,sample,"[1.63186, -1.27749, 1.89203, -2.26718, 4.65654, -0.0]","[-6.50533, -0.04375, 2.15043]",open,
0.25,1786779840.1202,sample,"[1.63185, -1.27745, 1.89207, -2.26718, 4.65654, -0.0]","[-6.50532, -0.04376, 2.15038]",open,
0.35,1786779840.4604,sample,"[1.63184, -1.27745, 1.89207, -2.26717, 4.65654, -0.0]","[-6.50531, -0.04375, 2.15038]",open,
0.45,1786779840.5628,sample,"[1.63184, -1.27745, 1.89207, -2.26717, 4.65654, -0.0]","[-6.50531, -0.04376, 2.15038]",open,
0.55,1786779840.6602,sample,"[1.63184, -1.27745, 1.89207, -2.26717, 4.65654, -0.0]","[-6.50531, -0.04376, 2.15038]",open,
0.65,1786779840.7656,sample,"[1.63184, -1.27745, 1.89207, -2.26717, 4.65654, -0.0]","[-6.50531, -0.04376, 2.15038]",open,
0.75,1786779840.8756,sample,"[1.63184, -1.27745, 1.89207, -2.26716, 4.65654, -0.0]","[-6.50531, -0.04376, 2.15038]",open,
0.85,1786779840.9768,sample,"[1.63184, -1.27745, 1.89207, -2.26716, 4.65654, -0.0]","[-6.50531, -0.04376, 2.15038]",open,
0.95,1786779841.0888,sample,"[1.63184, -1.27745, 1.89207, -2.26716, 4.65654, -0.0]","[-6.50531, -0.04376, 2.15038]",open,
1.05,1786779841.1966,sample,"[1.63184, -1.27745, 1.89207, -2.26715, 4.65654, -0.0]","[-6.50531, -0.04376, 2.15038]",open,
1.15,1786779841.3031,sample,"[1.63184, -1.27745, 1.89207, -2.26715, 4.65654, -0.0]","[-6.50531, -0.04376, 2.15038]",open,
1.25,1786779841.4079,sample,"[1.63184, -1.27745, 1.89207, -2.26715, 4.65654, -0.0]","[-6.50531, -0.04376, 2.15038]",open,
1.35,1786779841.521,sample,"[1.63184, -1.27745, 1.89207, -2.26715, 4.65654, -0.0]","[-6.50531, -0.04376, 2.15038]",open,
1.45,1786779841.6253,sample,"[1.63184, -1.27745, 1.89207, -2.26714, 4.65654, -0.0]","[-6.50531, -0.04376, 2.15038]",open,
1.55,1786779841.7168,sample,"[1.63184, -1.27745, 1.89207, -2.26714, 4.65654, -0.0]","[-6.50531, -0.04376, 2.15038]",open,
1.65,1786779841.8132,sample,"[1.63184, -1.27745, 1.89207, -2.26714, 4.65654, -0.0]","[-6.50531, -0.04376, 2.15038]",open,
1.75,1786779841.9121,sample,"[1.63184, -1.27745, 1.89207, -2.26713, 4.65654, -0.0]","[-6.50531, -0.04376, 2.15038]",open,
1.85,1786779842.0069,sample,"[1.63184, -1.27745, 1.89207, -2.26713, 4.65654, -0.0]","[-6.50531, -0.04376, 2.15038]",open,
1.95,1786779842.0973,sample,"[1.63184, -1.27745, 1.89207, -2.26713, 4.65654, -0.0]","[-6.50531, -0.04376, 2.15038]",open,
2.05,1786779842.1978,sample,"[1.63184, -1.27745, 1.89207, -2.26713, 4.65654, -0.0]","[-6.50531, -0.04376, 2.15038]",open,
2.15,1786779842.3108,sample,"[1.63184, -1.27745, 1.89207, -2.26712, 4.65654, -0.0]","[-6.50531, -0.04376, 2.15038]",open,
2.25,1786779842.4137,sample,"[1.63184, -1.27745, 1.89207, -2.26712, 4.65654, -0.0]","[-6.50531, -0.04376, 2.15038]",open,
2.35,1786779842.5004,sample,"[1.63184, -1.27745, 1.89207, -2.26712, 4.65654, -0.0]","[-6.50531, -0.04376, 2.15038]",open,
2.45,1786779842.5968,sample,"[1.63184, -1.27745, 1.89207, -2.26711, 4.65654, -0.0]","[-6.50531, -0.04376, 2.15038]",open,
2.55,1786779842.6908,sample,"[1.63184, -1.27745, 1.89207, -2.26711, 4.65654, -0.0]","[-6.50531, -0.04376, 2.15038]",open,
2.65,1786779842.7881,sample,"[1.63184, -1.27745, 1.89207, -2.26711, 4.65654, -0.0]","[-6.50531, -0.04376, 2.15038]",open,
2.75,1786779842.8834,sample,"[1.63184, -1.27745, 1.89207, -2.26711, 4.65654, -0.0]","[-6.50531, -0.04376, 2.15038]",open,
2.85,1786779843.0185,sample,"[1.63184, -1.27745, 1.89207, -2.26711, 4.65654, -0.0]","[-6.50531, -0.04376, 2.15038]",open,
2.95,1786779843.1112,sample,"[1.63184, -1.27745, 1.89207, -2.26711, 4.65654, -0.0]","[-6.50531, -0.04376, 2.15038]",open,
3.05,1786779843.199,sample,"[1.63184, -1.27745, 1.89207, -2.2671, 4.65654, -0.0]","[-6.50531, -0.04376, 2.15038]",open,
3.15,1786779843.2909,sample,"[1.63184, -1.27745, 1.89207, -2.2671, 4.65654, -0.0]","[-6.50531, -0.04376, 2.15038]",open,
3.25,1786779843.3893,sample,"[1.63184, -1.27745, 1.89207, -2.2671, 4.65654, -0.0]","[-6.50531, -0.04376, 2.15038]",open,
3.35,1786779843.4907,sample,"[1.63184, -1.27745, 1.89207, -2.2671, 4.65654, -0.0]","[-6.50531, -0.04376, 2.15038]",open,
3.45,1786779843.5921,sample,"[1.63184, -1.27745, 1.89207, -2.2671, 4.65654, -0.0]","[-6.50531, -0.04376, 2.15037]",open,
3.55,1786779843.6839,sample,"[1.63184, -1.27745, 1.89207, -2.2671, 4.65654, -0.0]","[-6.50531, -0.04376, 2.15037]",open,
3.65,1786779843.7704,sample,"[1.63184, -1.27745, 1.89207, -2.2671, 4.65654, -0.0]","[-6.50531, -0.04376, 2.15037]",open,
3.75,1786779843.8658,sample,"[1.63184, -1.27745, 1.89207, -2.2671, 4.65654, -0.0]","[-6.50531, -0.04376, 2.15037]",open,
3.85,1786779843.9698,sample,"[1.63184, -1.27745, 1.89207, -2.2671, 4.65654, -0.0]","[-6.50531, -0.04376, 2.15037]",open,
3.95,1786779844.0646,sample,"[1.63184, -1.27745, 1.89207, -2.2671, 4.65654, -0.0]","[-6.50531, -0.04376, 2.15037]",open,
4.05,1786779844.1539,sample,"[1.63184, -1.27745, 1.89207, -2.2671, 4.65654, -0.0]","[-6.50531, -0.04376, 2.15037]",open,
4.15,1786779844.2468,sample,"[1.63184, -1.27745, 1.89207, -2.2671, 4.65654, -0.0]","[-6.50531, -0.04376, 2.15037]",open,
4.25,1786779844.341,sample,"[1.63184, -1.27745, 1.89207, -2.2671, 4.65654, -0.0]","[-6.50531, -0.04376, 2.15037]",open,
4.35,1786779844.429,sample,"[1.63184, -1.27745, 1.89207, -2.2671, 4.65654, -0.0]","[-6.50531, -0.04376, 2.15037]",open,
4.45,1786779844.5309,sample,"[1.63184, -1.27745, 1.89207, -2.2671, 4.65654, -0.0]","[-6.50531, -0.04376, 2.15037]",open,
4.55,1786779844.6243,sample,"[1.63184, -1.27745, 1.89207, -2.2671, 4.65654, -0.0]","[-6.50531, -0.04376, 2.15037]",open,
4.65,1786779844.7121,sample,"[1.63184, -1.27745, 1.89207, -2.2671, 4.65654, -0.0]","[-6.50531, -0.04376, 2.15037]",open,
4.75,1786779844.7969,sample,"[1.63184, -1.27745, 1.89207, -2.2671, 4.65654, -0.0]","[-6.50531, -0.04376, 2.15037]",open,
4.85,1786779844.8868,sample,"[1.63184, -1.27745, 1.89207, -2.2671, 4.65654, -0.0]","[-6.50531, -0.04376, 2.15037]",open,
4.95,1786779844.9842,sample,"[1.63184, -1.27745, 1.89207, -2.2671, 4.65654, -0.0]","[-6.50531, -0.04376, 2.15037]",open,
5.05,1786779845.0799,sample,"[1.63186, -1.30256, 1.8921, -2.2671, 4.65654, -0.0]","[-6.50504, -0.04837, 2.16956]",open,
5.15,1786779845.1673,sample,"[1.63186, -1.34973, 1.89209, -2.26709, 4.65654, -0.0]","[-6.50444, -0.05828, 2.20532]",open,
5.25,1786779845.2606,sample,"[1.63187, -1.40501, 1.89209, -2.26709, 4.65655, 0.0]","[-6.50361, -0.07203, 2.24657]",open,
5.35,1786779845.353,sample,"[1.63186, -1.44449, 1.89207, -2.26709, 4.65655, 0.0]","[-6.50292, -0.08322, 2.27554]",open,
5.45,1786779845.4388,sample,"[1.63185, -1.459, 1.89206, -2.26709, 4.65655, 0.0]","[-6.50264, -0.08762, 2.28608]",open,
5.55,1786779845.5723,sample,"[1.63184, -1.46434, 1.89206, -2.26709, 4.65655, 0.0]","[-6.50253, -0.08928, 2.28993]",open,
5.65,1786779845.6667,sample,"[1.63184, -1.4663, 1.89207, -2.26709, 4.65655, 0.0]","[-6.50249, -0.0899, 2.29134]",open,
5.75,1786779845.7551,sample,"[1.63184, -1.46703, 1.89207, -2.26709, 4.65655, 0.0]","[-6.50248, -0.09012, 2.29186]",open,
5.85,1786779845.8435,sample,"[1.63184, -1.46729, 1.89207, -2.26709, 4.65655, 0.0]","[-6.50247, -0.09021, 2.29206]",open,
5.95,1786779845.9364,sample,"[1.63184, -1.46738, 1.89207, -2.26709, 4.65655, 0.0]","[-6.50247, -0.09024, 2.29212]",open,
6.05,1786779846.0259,sample,"[1.63184, -1.46742, 1.89207, -2.26709, 4.65655, 0.0]","[-6.50247, -0.09025, 2.29215]",open,
6.15,1786779846.1151,sample,"[1.63184, -1.46745, 1.89207, -2.26709, 4.65655, 0.0]","[-6.50247, -0.09026, 2.29217]",open,
6.25,1786779846.2109,sample,"[1.63184, -1.46745, 1.89207, -2.26709, 4.65655, 0.0]","[-6.50247, -0.09026, 2.29217]",open,
6.35,1786779846.3014,sample,"[1.63184, -1.46745, 1.89207, -2.26709, 4.65655, 0.0]","[-6.50247, -0.09026, 2.29217]",open,
6.45,1786779846.3958,sample,"[1.63184, -1.46745, 1.89207, -2.26709, 4.65655, 0.0]","[-6.50247, -0.09026, 2.29217]",open,
6.55,1786779846.5008,sample,"[1.63184, -1.46745, 1.89207, -2.26709, 4.65655, 0.0]","[-6.50247, -0.09026, 2.29217]",open,
6.65,1786779846.5913,sample,"[1.63184, -1.46745, 1.89207, -2.26709, 4.65655, 0.0]","[-6.50247, -0.09026, 2.29217]",open,
6.75,1786779846.6857,sample,"[1.63184, -1.46745, 1.89207, -2.26709, 4.65655, 0.0]","[-6.50247, -0.09026, 2.29217]",open,
6.85,1786779846.7779,sample,"[1.63184, -1.46745, 1.89207, -2.26709, 4.65655, 0.0]","[-6.50247, -0.09026, 2.29217]",open,
6.95,1786779846.8713,sample,"[1.63184, -1.46745, 1.89207, -2.26709, 4.65655, 0.0]","[-6.50247, -0.09026, 2.29217]",open,
7.05,1786779846.9676,sample,"[1.63184, -1.46745, 1.89207, -2.26709, 4.65655, 0.0]","[-6.50247, -0.09026, 2.29217]",open,
7.15,1786779847.0594,sample,"[1.63184, -1.46745, 1.89207, -2.26709, 4.65655, 0.0]","[-6.50247, -0.09026, 2.29217]",open,
7.25,1786779847.1514,sample,"[1.63184, -1.46745, 1.89207, -2.26709, 4.65655, 0.0]","[-6.50247, -0.09026, 2.29217]",open,
7.35,1786779847.2437,sample,"[1.63184, -1.46745, 1.89207, -2.26709, 4.65655, 0.0]","[-6.50247, -0.09026, 2.29217]",open,
7.45,1786779847.3354,sample,"[1.63184, -1.46745, 1.89207, -2.26709, 4.65655, 0.0]","[-6.50247, -0.09026, 2.29217]",open,
7.55,1786779847.4283,sample,"[1.63184, -1.46745, 1.89207, -2.26709, 4.65655, 0.0]","[-6.50247, -0.09026, 2.29217]",open,
7.65,1786779847.5261,sample,"[1.63184, -1.46745, 1.89207, -2.26709, 4.65655, 0.0]","[-6.50247, -0.09026, 2.29217]",open,
7.75,1786779847.6209,sample,"[1.63184, -1.46745, 1.89207, -2.26709, 4.65655, 0.0]","[-6.50247, -0.09026, 2.29217]",open,
7.85,1786779847.7143,sample,"[1.63184, -1.46745, 1.89207, -2.26709, 4.65655, 0.0]","[-6.50247, -0.09026, 2.29217]",open,
7.95,1786779847.8057,sample,"[1.63184, -1.46745, 1.89207, -2.26709, 4.65655, 0.0]","[-6.50247, -0.09026, 2.29217]",open,
8.05,1786779847.9019,sample,"[1.63184, -1.46745, 1.89207, -2.26709, 4.65655, 0.0]","[-6.50247, -0.09026, 2.29217]",open,
8.15,1786779847.9948,sample,"[1.63184, -1.46745, 1.89207, -2.26709, 4.65655, 0.0]","[-6.50247, -0.09026, 2.29217]",open,
8.25,1786779848.0906,sample,"[1.63184, -1.46745, 1.89207, -2.26709, 4.65655, 0.0]","[-6.50247, -0.09026, 2.29217]",open,
8.35,1786779848.1856,sample,"[1.63184, -1.46745, 1.89207, -2.26709, 4.65655, 0.0]","[-6.50247, -0.09026, 2.29217]",open,
8.45,1786779848.2764,sample,"[1.63184, -1.46745, 1.89207, -2.26709, 4.65655, 0.0]","[-6.50247, -0.09026, 2.29217]",open,
8.55,1786779848.3677,sample,"[1.63184, -1.46745, 1.89207, -2.26709, 4.65655, 0.0]","[-6.50247, -0.09026, 2.29217]",open,
8.65,1786779848.4596,sample,"[1.63184, -1.46745, 1.89207, -2.26709, 4.65655, 0.0]","[-6.50247, -0.09026, 2.29217]",open,
8.75,1786779848.5539,sample,"[1.63184, -1.46745, 1.89207, -2.26709, 4.65655, 0.0]","[-6.50247, -0.09026, 2.29217]",open,
8.85,1786779848.6488,sample,"[1.63184, -1.46745, 1.89207, -2.26709, 4.65655, 0.0]","[-6.50247, -0.09026, 2.29217]",open,
8.95,1786779848.7421,sample,"[1.63184, -1.46745, 1.89207, -2.26709, 4.65655, 0.0]","[-6.50247, -0.09026, 2.29217]",open,
9.05,1786779848.8354,sample,"[1.63184, -1.46745, 1.89207, -2.26709, 4.65655, 0.0]","[-6.50247, -0.09026, 2.29217]",open,
9.15,1786779848.9378,sample,"[1.63184, -1.46745, 1.88379, -2.26709, 4.65655, 0.0]","[-6.50262, -0.08785, 2.29762]",open,
9.25,1786779849.0311,sample,"[1.63187, -1.44232, 1.84493, -2.26709, 4.65654, 0.0]","[-6.50381, -0.06873, 2.30493]",open,
9.35,1786779849.1254,sample,"[1.63189, -1.39515, 1.79272, -2.26709, 4.65654, 0.0]","[-6.50565, -0.03886, 2.30391]",open,
9.45,1786779849.2213,sample,"[1.63188, -1.35302, 1.74876, -2.26709, 4.65654, 0.0]","[-6.50722, -0.01312, 2.30009]",open,
9.55,1786779849.3171,sample,"[1.63187, -1.33684, 1.73191, -2.26709, 4.65654, 0.0]","[-6.50781, -0.0033, 2.29832]",open,
9.65,1786779849.411,sample,"[1.63186, -1.33089, 1.7257, -2.26709, 4.65653, 0.0]","[-6.50802, 0.00031, 2.29763]",open,
9.75,1786779849.5049,sample,"[1.63184, -1.32869, 1.72342, -2.26709, 4.65653, 0.0]","[-6.50809, 0.00163, 2.29737]",open,
9.85,1786779849.6038,sample,"[1.63184, -1.32789, 1.72258, -2.26709, 4.65653, 0.0]","[-6.50811, 0.00212, 2.29728]",open,
9.95,1786779849.699,sample,"[1.63184, -1.3276, 1.72227, -2.26709, 4.65652, 0.0]","[-6.50812, 0.0023, 2.29725]",open,
10.05,1786779849.7914,sample,"[1.63184, -1.32748, 1.72215, -2.26709, 4.65652, 0.0]","[-6.50813, 0.00237, 2.29723]",open,
10.15,1786779849.8922,sample,"[1.63184, -1.32745, 1.74091, -2.26709, 4.65652, 0.0]","[-6.50781, -0.00286, 2.28476]",open,
10.25,1786779849.9852,sample,"[1.63186, -1.35255, 1.78576, -2.26709, 4.65653, 0.0]","[-6.50656, -0.02356, 2.27528]",open,
10.35,1786779850.0799,sample,"[1.63186, -1.39535, 1.82136, -2.26709, 4.65653, 0.0]","[-6.50513, -0.04707, 2.28513]",open,
10.45,1786779850.1851,sample,"[1.63185, -1.41563, 1.83445, -2.26709, 4.65653, 0.0]","[-6.5045, -0.05719, 2.2919]",open,
10.55,1786779850.276,sample,"[1.63184, -1.42309, 1.83928, -2.26709, 4.65653, 0.0]","[-6.50426, -0.06093, 2.29433]",open,
10.65,1786779850.3643,sample,"[1.63184, -1.42584, 1.84105, -2.26709, 4.65653, 0.0]","[-6.50418, -0.06231, 2.29521]",open,
10.75,1786779850.4571,sample,"[1.63184, -1.42685, 1.84171, -2.26709, 4.65653, 0.0]","[-6.50414, -0.06282, 2.29554]",open,
10.85,1786779850.5514,sample,"[1.63184, -1.42722, 1.84195, -2.26709, 4.65653, 0.0]","[-6.50413, -0.06301, 2.29565]",open,
10.95,1786779850.6498,sample,"[1.63184, -1.42736, 1.84204, -2.26709, 4.65653, 0.0]","[-6.50413, -0.06308, 2.2957]",open,
11.05,1786779850.7461,sample,"[1.63184, -1.4274, 1.84207, -2.26709, 4.65653, 0.0]","[-6.50413, -0.0631, 2.29571]",open,
11.15,1786779850.8413,sample,"[1.63184, -1.42743, 1.84207, -2.26709, 4.65653, 0.0]","[-6.50413, -0.06311, 2.29573]",open,
11.25,1786779850.9352,sample,"[1.63184, -1.42745, 1.84207, -2.26709, 4.65653, 0.0]","[-6.50413, -0.06311, 2.29575]",open,
11.35,1786779851.0266,sample,"[1.63184, -1.42745, 1.84207, -2.26709, 4.65653, 0.0]","[-6.50413, -0.06311, 2.29575]",open,
11.45,1786779851.1168,sample,"[1.63184, -1.42745, 1.84207, -2.26709, 4.65653, 0.0]","[-6.50413, -0.06311, 2.29575]",open,
11.55,1786779851.2092,sample,"[1.63184, -1.42745, 1.84207, -2.26709, 4.65653, 0.0]","[-6.50413, -0.06311, 2.29575]",open,
11.65,1786779851.3035,sample,"[1.63184, -1.42745, 1.84207, -2.26709, 4.65653, 0.0]","[-6.50413, -0.06311, 2.29575]",open,
11.75,1786779851.3953,sample,"[1.63184, -1.42745, 1.84207, -2.26709, 4.65653, 0.0]","[-6.50413, -0.06311, 2.29575]",open,
11.85,1786779851.4858,sample,"[1.63184, -1.42745, 1.84207, -2.26709, 4.65653, 0.0]","[-6.50413, -0.06311, 2.29575]",open,
11.95,1786779851.576,sample,"[1.63184, -1.42745, 1.84207, -2.26709, 4.65653, 0.0]","[-6.50413, -0.06311, 2.29575]",open,
12.05,1786779851.6699,sample,"[1.63184, -1.42745, 1.84207, -2.26709, 4.65653, 0.0]","[-6.50413, -0.06311, 2.29575]",open,
12.15,1786779851.7638,sample,"[1.63184, -1.42745, 1.84207, -2.26709, 4.65653, 0.0]","[-6.50413, -0.06311, 2.29575]",open,
12.25,1786779851.8565,sample,"[1.63184, -1.42745, 1.84207, -2.26709, 4.65653, 0.0]","[-6.50413, -0.06311, 2.29575]",open,
12.35,1786779851.9495,sample,"[1.63184, -1.42745, 1.84207, -2.26709, 4.65653, 0.0]","[-6.50413, -0.06311, 2.29575]",open,
12.45,1786779852.04,sample,"[1.63184, -1.42745, 1.84207, -2.26709, 4.65653, 0.0]","[-6.50413, -0.06311, 2.29575]",open,
12.55,1786779852.1343,sample,"[1.63184, -1.42745, 1.84207, -2.26709, 4.65653, 0.0]","[-6.50413, -0.06311, 2.29575]",open,
12.65,1786779852.2266,sample,"[1.63184, -1.42745, 1.84207, -2.26709, 4.65653, 0.0]","[-6.50413, -0.06311, 2.29575]",open,
12.75,1786779852.3212,sample,"[1.63184, -1.42745, 1.84207, -2.26709, 4.65653, 0.0]","[-6.50413, -0.06311, 2.29575]",open,
12.85,1786779852.4146,sample,"[1.63184, -1.42745, 1.84207, -2.26709, 4.65653, 0.0]","[-6.50413, -0.06311, 2.29575]",open,
12.95,1786779852.5113,sample,"[1.63184, -1.42745, 1.84207, -2.26709, 4.65653, 0.0]","[-6.50413, -0.06311, 2.29575]",open,
13.05,1786779852.6012,sample,"[1.63184, -1.42745, 1.84207, -2.26709, 4.65653, 0.0]","[-6.50413, -0.06311, 2.29575]",open,
13.15,1786779852.6986,sample,"[1.63184, -1.42745, 1.84207, -2.26709, 4.65653, 0.0]","[-6.50413, -0.06311, 2.29575]",open,
13.25,1786779852.7914,sample,"[1.63184, -1.42745, 1.84207, -2.26709, 4.65653, 0.0]","[-6.50413, -0.06311, 2.29575]",open,
13.35,1786779852.8863,sample,"[1.63184, -1.42745, 1.84207, -2.26709, 4.65653, 0.0]","[-6.50413, -0.06311, 2.29575]",open,
13.45,1786779852.9793,sample,"[1.63184, -1.42745, 1.84207, -2.26709, 4.65653, 0.0]","[-6.50413, -0.06311, 2.29575]",open,
13.55,1786779853.0738,sample,"[1.63184, -1.42745, 1.84207, -2.26709, 4.65653, 0.0]","[-6.50413, -0.06311, 2.29575]",open,
13.65,1786779853.1698,sample,"[1.63184, -1.42745, 1.84207, -2.26709, 4.65653, 0.0]","[-6.50413, -0.06311, 2.29575]",open,
13.75,1786779853.2647,sample,"[1.63184, -1.42745, 1.84207, -2.26709, 4.65653, 0.0]","[-6.50413, -0.06311, 2.29575]",open,
13.85,1786779853.3628,sample,"[1.63184, -1.42745, 1.84207, -2.26709, 4.65653, 0.0]","[-6.50413, -0.06311, 2.29575]",open,
13.95,1786779853.4607,sample,"[1.63184, -1.42745, 1.84207, -2.26709, 4.65653, 0.0]","[-6.50413, -0.06311, 2.29575]",open,
14.05,1786779853.5547,sample,"[1.63184, -1.42745, 1.84207, -2.26709, 4.65653, 0.0]","[-6.50413, -0.06311, 2.29575]",open,
14.15,1786779853.651,sample,"[1.63184, -1.42745, 1.84207, -2.26709, 4.65653, 0.0]","[-6.50413, -0.06311, 2.29575]",open,
14.25,1786779853.7493,sample,"[1.63184, -1.42745, 1.84207, -2.26709, 4.65653, 0.0]","[-6.50413, -0.06311, 2.29575]",open,
14.35,1786779853.8573,sample,"[1.63184, -1.42745, 1.84207, -2.26709, 4.65653, 0.0]","[-6.50413, -0.06311, 2.29575]",open,
14.45,1786779853.9546,sample,"[1.63184, -1.42745, 1.84207, -2.26709, 4.65653, 0.0]","[-6.50413, -0.06311, 2.29575]",open,
14.55,1786779854.0499,sample,"[1.63184, -1.42745, 1.84207, -2.26709, 4.65653, 0.0]","[-6.50413, -0.06311, 2.29575]",open,
14.65,1786779854.1453,sample,"[1.63184, -1.42745, 1.84207, -2.26709, 4.65653, 0.0]","[-6.50413, -0.06311, 2.29575]",open,
14.75,1786779854.2389,sample,"[1.63184, -1.42745, 1.84207, -2.26709, 4.65653, 0.0]","[-6.50413, -0.06311, 2.29575]",open,
14.85,1786779854.3358,sample,"[1.63184, -1.42745, 1.84207, -2.26709, 4.65653, 0.0]","[-6.50413, -0.06311, 2.29575]",open,
14.95,1786779854.4308,sample,"[1.63184, -1.42745, 1.84207, -2.26709, 4.65653, 0.0]","[-6.50413, -0.06311, 2.29575]",open,
15.05,1786779854.5276,sample,"[1.63184, -1.42745, 1.84207, -2.26709, 4.65653, 0.0]","[-6.50413, -0.06311, 2.29575]",open,
15.15,1786779854.626,sample,"[1.63184, -1.42745, 1.84207, -2.26709, 4.65653, 0.0]","[-6.50413, -0.06311, 2.29575]",open,
15.25,1786779854.7163,sample,"[1.63184, -1.42745, 1.84207, -2.26709, 4.65653, 0.0]","[-6.50413, -0.06311, 2.29575]",open,
15.35,1786779854.8089,sample,"[1.63184, -1.42745, 1.84207, -2.26709, 4.65653, 0.0]","[-6.50413, -0.06311, 2.29575]",open,
15.45,1786779854.9128,sample,"[1.63184, -1.42745, 1.84207, -2.26709, 4.65653, 0.0]","[-6.50413, -0.06311, 2.29575]",open,
15.55,1786779855.0088,sample,"[1.63184, -1.42745, 1.84207, -2.26709, 4.65653, 0.0]","[-6.50413, -0.06311, 2.29575]",open,
15.65,1786779855.1072,sample,"[1.63184, -1.42745, 1.84207, -2.26709, 4.65653, 0.0]","[-6.50413, -0.06311, 2.29575]",open,
15.75,1786779855.2065,sample,"[1.63184, -1.42745, 1.84207, -2.26709, 4.65653, 0.0]","[-6.50413, -0.06311, 2.29575]",open,
15.85,1786779855.3064,sample,"[1.63184, -1.42745, 1.84207, -2.26709, 4.65653, 0.0]","[-6.50413, -0.06311, 2.29575]",open,
15.95,1786779855.4073,sample,"[1.63184, -1.42745, 1.84207, -2.26709, 4.65653, 0.0]","[-6.50413, -0.06311, 2.29575]",open,
16.05,1786779855.5065,sample,"[1.63184, -1.42745, 1.84207, -2.26709, 4.65653, 0.0]","[-6.50413, -0.06311, 2.29575]",open,
16.15,1786779855.6054,sample,"[1.63184, -1.42745, 1.84207, -2.26709, 4.65653, 0.0]","[-6.50413, -0.06311, 2.29575]",open,
16.25,1786779855.7028,sample,"[1.63184, -1.42745, 1.84207, -2.26709, 4.65653, 0.0]","[-6.50413, -0.06311, 2.29575]",open,
16.35,1786779855.8043,sample,"[1.63184, -1.42745, 1.84207, -2.26709, 4.65653, 0.0]","[-6.50413, -0.06311, 2.29575]",open,
16.45,1786779855.9031,sample,"[1.63184, -1.42745, 1.84207, -2.26709, 4.65653, 0.0]","[-6.50413, -0.06311, 2.29575]",open,
16.55,1786779856.0019,sample,"[1.63184, -1.42745, 1.84207, -2.26709, 4.65653, 0.0]","[-6.50413, -0.06311, 2.29575]",open,
16.65,1786779856.1008,sample,"[1.63184, -1.42745, 1.84207, -2.26709, 4.65653, 0.0]","[-6.50413, -0.06311, 2.29575]",open,
16.75,1786779856.2012,sample,"[1.63184, -1.42745, 1.84207, -2.26709, 4.65653, 0.0]","[-6.50413, -0.06311, 2.29575]",open,
16.85,1786779856.2967,sample,"[1.63184, -1.42745, 1.84207, -2.26709, 4.65653, 0.0]","[-6.50413, -0.06311, 2.29575]",open,
16.95,1786779856.3945,sample,"[1.63184, -1.42745, 1.84207, -2.26709, 4.65653, 0.0]","[-6.50413, -0.06311, 2.29575]",open,
17.05,1786779856.4909,sample,"[1.63184, -1.42745, 1.84207, -2.26709, 4.65653, 0.0]","[-6.50413, -0.06311, 2.29575]",open,
17.15,1786779856.5933,sample,"[1.63184, -1.42745, 1.84207, -2.26709, 4.65653, 0.0]","[-6.50413, -0.06311, 2.29575]",open,
17.25,1786779856.6922,sample,"[1.63186, -1.40233, 1.84207, -2.26709, 4.65653, 0.0]","[-6.50462, -0.05536, 2.27686]",open,
17.35,1786779856.7895,sample,"[1.63186, -1.36344, 1.8421, -2.26709, 4.65653, 0.0]","[-6.50529, -0.04429, 2.24723]",open,
17.45,1786779856.8884,sample,"[1.63185, -1.347, 1.84208, -2.26709, 4.65653, 0.0]","[-6.50555, -0.03995, 2.2346]",open,
17.55,1786779856.9904,sample,"[1.63184, -1.34095, 1.84207, -2.26709, 4.65653, 0.0]","[-6.50564, -0.03841, 2.22994]",open,
17.65,1786779857.0854,sample,"[1.63184, -1.33873, 1.84207, -2.26709, 4.65653, 0.0]","[-6.50567, -0.03785, 2.22822]",open,
17.75,1786779857.1868,sample,"[1.63184, -1.33791, 1.84207, -2.26709, 4.65653, 0.0]","[-6.50568, -0.03764, 2.22759]",open,
17.85,1786779857.2863,sample,"[1.63184, -1.33761, 1.84207, -2.26709, 4.65653, 0.0]","[-6.50569, -0.03757, 2.22736]",open,
17.95,1786779857.3913,sample,"[1.63184, -1.3375, 1.84207, -2.26709, 4.65653, 0.0]","[-6.50569, -0.03754, 2.22727]",open,
18.05,1786779857.4901,sample,"[1.63185, -1.31235, 1.84206, -2.26709, 4.65653, 0.0]","[-6.50607, -0.0315, 2.20774]",open,
18.15,1786779857.5919,sample,"[1.63185, -1.27344, 1.8421, -2.26709, 4.65653, 0.0]","[-6.50658, -0.02313, 2.17722]",open,
18.25,1786779857.6913,sample,"[1.63183, -1.257, 1.84208, -2.26709, 4.65653, -0.0]","[-6.50676, -0.01994, 2.16424]",open,
18.35,1786779857.7898,sample,"[1.63184, -1.25095, 1.84207, -2.26709, 4.65653, -0.0]","[-6.50683, -0.01882, 2.15946]",open,
18.45,1786779857.8861,sample,"[1.63186, -1.24878, 1.84199, -2.26712, 4.65653, -0.0]","[-6.50687, -0.0184, 2.15779]",open,
18.55,1786779857.9864,sample,"[1.63185, -1.24803, 1.84189, -2.26713, 4.65653, -0.0]","[-6.50688, -0.01822, 2.15726]",open,
18.65,1786779858.0828,sample,"[1.63184, -1.24776, 1.84185, -2.26714, 4.65653, -0.0]","[-6.50688, -0.01815, 2.15707]",open,
18.75,1786779858.1772,sample,"[1.63184, -1.24767, 1.84183, -2.26715, 4.65654, -0.0]","[-6.50688, -0.01813, 2.15701]",open,
18.85,1786779858.276,sample,"[1.63184, -1.24763, 1.84181, -2.26715, 4.65654, -0.0]","[-6.50688, -0.01811, 2.15699]",open,
18.95,1786779858.3743,sample,"[1.63184, -1.24763, 1.84179, -2.26715, 4.65654, -0.0]","[-6.50688, -0.01811, 2.157]",open,
19.05,1786779858.4711,sample,"[1.63184, -1.24763, 1.84178, -2.26715, 4.65655, -0.0]","[-6.50688, -0.0181, 2.15701]",open,
19.15,1786779858.5709,sample,"[1.63185, -1.26069, 1.84194, -2.26715, 4.65655, -0.0]","[-6.50674, -0.02058, 2.16726]",open,
19.25,1786779858.6683,sample,"[1.63186, -1.30119, 1.84202, -2.26715, 4.65655, -0.0]","[-6.50623, -0.02896, 2.19906]",open,
19.35,1786779858.7622,sample,"[1.63184, -1.32411, 1.84205, -2.26714, 4.65655, -0.0]","[-6.5059, -0.03425, 2.21691]",open,
19.45,1786779858.8605,sample,"[1.63184, -1.33253, 1.84206, -2.26714, 4.65655, -0.0]","[-6.50577, -0.0363, 2.22344]",open,
19.55,1786779858.9562,sample,"[1.63184, -1.33563, 1.84206, -2.26714, 4.65655, 0.0]","[-6.50572, -0.03707, 2.22583]",open,
19.65,1786779859.056,sample,"[1.63184, -1.33677, 1.84207, -2.26714, 4.65655, 0.0]","[-6.5057, -0.03735, 2.22672]",open,
19.75,1786779859.1573,sample,"[1.63184, -1.33719, 1.84207, -2.26713, 4.65655, 0.0]","[-6.5057, -0.03746, 2.22704]",open,
19.85,1786779859.2548,sample,"[1.63184, -1.33735, 1.84207, -2.26713, 4.65655, 0.0]","[-6.5057, -0.0375, 2.22716]",open,
19.95,1786779859.3557,sample,"[1.63184, -1.33739, 1.84207, -2.26713, 4.65655, 0.0]","[-6.50569, -0.03751, 2.22719]",open,
20.05,1786779859.4598,sample,"[1.63184, -1.33742, 1.84207, -2.26712, 4.65655, 0.0]","[-6.50569, -0.03752, 2.22721]",open,
20.15,1786779859.5566,sample,"[1.63184, -1.33744, 1.84207, -2.26712, 4.65655, 0.0]","[-6.50569, -0.03752, 2.22723]",open,
20.25,1786779859.6512,sample,"[1.63184, -1.33745, 1.84207, -2.26712, 4.65655, 0.0]","[-6.50569, -0.03752, 2.22724]",open,
20.35,1786779859.755,sample,"[1.63184, -1.33898, 1.8436, -2.26712, 4.65655, 0.0]","[-6.50564, -0.03844, 2.22745]",open,
20.45,1786779859.8513,sample,"[1.63187, -1.36945, 1.8741, -2.26711, 4.65656, -0.0]","[-6.50455, -0.05663, 2.23144]",open,
20.55,1786779859.9536,sample,"[1.63186, -1.40543, 1.91007, -2.26711, 4.65656, 0.0]","[-6.50322, -0.07823, 2.23546]",open,
20.65,1786779860.0504,sample,"[1.63185, -1.41935, 1.92398, -2.26711, 4.65656, 0.0]","[-6.5027, -0.08662, 2.2368]",open,
20.75,1786779860.155,sample,"[1.63184, -1.42447, 1.9291, -2.26711, 4.65656, 0.0]","[-6.5025, -0.08972, 2.23727]",open,
20.85,1786779860.2554,sample,"[1.63184, -1.42635, 1.93099, -2.2671, 4.65656, 0.0]","[-6.50243, -0.09085, 2.23743]",open,
20.95,1786779860.3528,sample,"[1.63184, -1.42705, 1.93169, -2.2671, 4.65656, 0.0]","[-6.50241, -0.09128, 2.23749]",open,
21.05,1786779860.4547,sample,"[1.63184, -1.4273, 1.93042, -2.2671, 4.65656, 0.0]","[-6.50243, -0.0909, 2.23848]",open,
21.15,1786779860.5572,sample,"[1.63185, -1.41909, 1.90002, -2.2671, 4.65656, 0.0]","[-6.5032, -0.07848, 2.25186]",open,
21.25,1786779860.6566,sample,"[1.63187, -1.3803, 1.85526, -2.2671, 4.65655, 0.0]","[-6.50476, -0.05319, 2.25164]",open,
21.35,1786779860.7564,sample,"[1.63186, -1.35321, 1.8343, -2.2671, 4.65655, 0.0]","[-6.50562, -0.03899, 2.24435]",open,
21.45,1786779860.8543,sample,"[1.63184, -1.34324, 1.82659, -2.2671, 4.65655, 0.0]","[-6.50592, -0.03379, 2.24156]",open,
21.55,1786779860.9493,sample,"[1.63184, -1.33957, 1.82374, -2.26709, 4.65655, 0.0]","[-6.50604, -0.03188, 2.24052]",open,
21.65,1786779861.0485,sample,"[1.63184, -1.33822, 1.8227, -2.26709, 4.65655, 0.0]","[-6.50608, -0.03117, 2.24014]",open,
21.75,1786779861.1514,sample,"[1.63184, -1.33772, 1.82078, -2.26709, 4.65655, 0.0]","[-6.50613, -0.03041, 2.24097]",open,
21.85,1786779861.2558,sample,"[1.63185, -1.31873, 1.79015, -2.26709, 4.65655, 0.0]","[-6.50706, -0.01535, 2.24565]",open,
21.95,1786779861.3571,sample,"[1.63186, -1.27819, 1.76609, -2.26709, 4.65655, 0.0]","[-6.50819, 0.00309, 2.22842]",open,
22.05,1786779861.4585,sample,"[1.63184, -1.25874, 1.75725, -2.26709, 4.65655, 0.0]","[-6.50865, 0.01086, 2.21813]",open,
22.15,1786779861.5589,sample,"[1.63184, -1.25158, 1.75399, -2.26709, 4.65655, 0.0]","[-6.50882, 0.01368, 2.2143]",open,
22.25,1786779861.6603,sample,"[1.63184, -1.24895, 1.75279, -2.26709, 4.65655, 0.0]","[-6.50888, 0.01472, 2.21289]",open,
22.35,1786779861.7612,sample,"[1.63184, -1.24798, 1.75234, -2.26709, 4.65655, 0.0]","[-6.50891, 0.0151, 2.21237]",open,
22.45,1786779861.861,sample,"[1.63184, -1.24762, 1.75218, -2.26709, 4.65655, 0.0]","[-6.50892, 0.01524, 2.21217]",open,
22.55,1786779861.962,sample,"[1.63183, -1.24748, 1.74777, -2.26709, 4.65655, 0.0]","[-6.50901, 0.01679, 2.21485]",open,
22.65,1786779862.0678,sample,"[1.63185, -1.22865, 1.71424, -2.26709, 4.65654, 0.0]","[-6.50999, 0.03261, 2.22043]",open,
22.75,1786779862.1699,sample,"[1.63184, -1.20259, 1.69392, -2.26709, 4.65654, 0.0]","[-6.51077, 0.04562, 2.21122]",open,
22.85,1786779862.273,sample,"[1.63184, -1.19299, 1.68644, -2.26709, 4.65654, 0.0]","[-6.51106, 0.05036, 2.20774]",open,
22.95,1786779862.3709,sample,"[1.63184, -1.18946, 1.68369, -2.26709, 4.65654, 0.0]","[-6.51117, 0.0521, 2.20644]",open,
23.05,1786779862.4676,sample,"[1.63184, -1.18817, 1.68268, -2.26709, 4.65654, 0.0]","[-6.51121, 0.05274, 2.20597]",open,
23.15,1786779862.5686,sample,"[1.63184, -1.18769, 1.6823, -2.26709, 4.65654, 0.0]","[-6.51122, 0.05298, 2.20579]",open,
23.25,1786779862.667,sample,"[1.63184, -1.18752, 1.68216, -2.26709, 4.65654, 0.0]","[-6.51123, 0.05306, 2.20574]",open,
23.35,1786779862.7694,sample,"[1.63184, -1.18745, 1.68212, -2.26709, 4.65654, 0.0]","[-6.51123, 0.05309, 2.2057]",open,
23.45,1786779862.8652,sample,"[1.63184, -1.18744, 1.6821, -2.26709, 4.65654, 0.0]","[-6.51123, 0.0531, 2.20571]",open,
23.55,1786779862.9661,sample,"[1.63184, -1.18744, 1.68208, -2.26709, 4.65654, 0.0]","[-6.51123, 0.05311, 2.20572]",open,
23.65,1786779863.0654,sample,"[1.63184, -1.18743, 1.68207, -2.26709, 4.65654, 0.0]","[-6.51123, 0.05312, 2.20572]",open,
23.75,1786779863.1613,sample,"[1.63184, -1.18743, 1.68207, -2.26709, 4.65654, 0.0]","[-6.51123, 0.05312, 2.20572]",open,
23.85,1786779863.2611,sample,"[1.63184, -1.18743, 1.68207, -2.26709, 4.65654, 0.0]","[-6.51123, 0.05312, 2.20572]",open,
23.95,1786779863.3654,sample,"[1.63184, -1.18742, 1.68207, -2.26709, 4.65654, 0.0]","[-6.51123, 0.05312, 2.20572]",open,
24.05,1786779863.4653,sample,"[1.63184, -1.18742, 1.68207, -2.26709, 4.65654, 0.0]","[-6.51123, 0.05312, 2.20571]",open,
24.15,1786779863.5688,sample,"[1.63184, -1.18894, 1.68208, -2.26709, 4.65654, 0.0]","[-6.51122, 0.05277, 2.20702]",open,
24.25,1786779863.6734,sample,"[1.63184, -1.21113, 1.68209, -2.26709, 4.65655, 0.0]","[-6.51089, 0.04745, 2.22612]",open,
24.35,1786779863.773,sample,"[1.63184, -1.22142, 1.68207, -2.26709, 4.65655, 0.0]","[-6.51073, 0.04485, 2.23497]",open,
24.45,1786779863.8765,sample,"[1.63184, -1.22521, 1.68206, -2.26709, 4.65655, 0.0]","[-6.51067, 0.04387, 2.23821]",open,
24.55,1786779863.9787,sample,"[1.63184, -1.2266, 1.68207, -2.26709, 4.65655, 0.0]","[-6.51065, 0.04351, 2.2394]",open,
24.65,1786779864.0787,sample,"[1.63184, -1.22711, 1.68207, -2.26709, 4.65655, 0.0]","[-6.51064, 0.04337, 2.23983]",open,
24.75,1786779864.1871,sample,"[1.65066, -1.2273, 1.68207, -2.26709, 4.65654, 0.0]","[-6.52646, 0.03921, 2.23999]",open,
24.85,1786779864.2866,sample,"[1.67671, -1.22737, 1.68207, -2.26709, 4.65654, 0.0]","[-6.54824, 0.03301, 2.24005]",open,
24.95,1786779864.3899,sample,"[1.68629, -1.22738, 1.68207, -2.26709, 4.65654, -0.0]","[-6.55622, 0.03059, 2.24006]",open,
25.05,1786779864.4964,sample,"[1.68982, -1.22738, 1.68207, -2.26709, 4.65654, 0.0]","[-6.55914, 0.02968, 2.24006]",open,
25.15,1786779864.5984,sample,"[1.69111, -1.22738, 1.68207, -2.26709, 4.65654, 0.0]","[-6.56022, 0.02934, 2.24006]",open,
25.25,1786779864.6972,sample,"[1.69159, -1.22738, 1.68207, -2.26709, 4.65654, 0.0]","[-6.56062, 0.02922, 2.24007]",open,
25.35,1786779864.7966,sample,"[1.69177, -1.22739, 1.68207, -2.26709, 4.65654, 0.0]","[-6.56076, 0.02917, 2.24007]",open,
25.45,1786779864.8989,sample,"[1.69184, -1.22739, 1.68207, -2.26709, 4.65654, 0.0]","[-6.56082, 0.02915, 2.24007]",open,
25.55,1786779865.0014,sample,"[1.69184, -1.22739, 1.68207, -2.26709, 4.65654, 0.0]","[-6.56082, 0.02915, 2.24007]",open,
25.65,1786779865.1028,sample,"[1.69184, -1.22739, 1.68207, -2.26709, 4.65654, 0.0]","[-6.56082, 0.02915, 2.24007]",open,
25.75,1786779865.2048,sample,"[1.69184, -1.22739, 1.68207, -2.26709, 4.65654, 0.0]","[-6.56082, 0.02915, 2.24007]",open,
25.85,1786779865.3011,sample,"[1.69184, -1.22739, 1.68207, -2.26709, 4.65654, 0.0]","[-6.56082, 0.02915, 2.24007]",open,
25.95,1786779865.4158,sample,"[1.68356, -1.2274, 1.68207, -2.26709, 4.65654, -0.0]","[-6.55395, 0.03128, 2.24008]",open,
26.05,1786779865.5167,sample,"[1.66353, -1.2274, 1.68207, -2.26709, 4.65655, 0.0]","[-6.53725, 0.0362, 2.24008]",open,
26.15,1786779865.6134,sample,"[1.65616, -1.2274, 1.68207, -2.26709, 4.65655, 0.0]","[-6.53108, 0.03793, 2.24008]",open,
26.25,1786779865.7088,sample,"[1.65345, -1.2274, 1.68207, -2.26709, 4.65655, 0.0]","[-6.5288, 0.03855, 2.24008]",open,
26.35,1786779865.8058,sample,"[1.65245, -1.2274, 1.68207, -2.26709, 4.65655, 0.0]","[-6.52797, 0.03878, 2.24008]",open,
26.45,1786779865.9048,sample,"[1.65208, -1.2274, 1.68207, -2.26709, 4.65655, 0.0]","[-6.52766, 0.03886, 2.24008]",open,
26.55,1786779866.0056,sample,"[1.65195, -1.2274, 1.68207, -2.26709, 4.65655, 0.0]","[-6.52754, 0.03889, 2.24008]",open,
26.65,1786779866.1081,sample,"[1.65191, -1.2274, 1.68207, -2.26709, 4.65655, 0.0]","[-6.52752, 0.0389, 2.24008]",open,
26.75,1786779866.2038,sample,"[1.6519, -1.2274, 1.68207, -2.26709, 4.65655, 0.0]","[-6.5275, 0.0389, 2.24008]",open,
26.85,1786779866.3004,sample,"[1.65188, -1.2274, 1.68207, -2.26709, 4.65655, 0.0]","[-6.52749, 0.03891, 2.24008]",open,
26.95,1786779866.3979,sample,"[1.65186, -1.2274, 1.68207, -2.26709, 4.65655, 0.0]","[-6.52748, 0.03891, 2.24008]",open,
27.05,1786779866.501,sample,"[1.65185, -1.2274, 1.68207, -2.26709, 4.65655, 0.0]","[-6.52747, 0.03891, 2.24008]",open,
27.15,1786779866.5978,sample,"[1.65184, -1.2274, 1.68207, -2.26709, 4.65655, 0.0]","[-6.52746, 0.03892, 2.24008]",open,
27.25,1786779866.6943,sample,"[1.65184, -1.2274, 1.68207, -2.26709, 4.65655, 0.0]","[-6.52746, 0.03892, 2.24008]",open,
27.35,1786779866.7923,sample,"[1.65184, -1.2274, 1.68207, -2.26709, 4.65655, 0.0]","[-6.52746, 0.03892, 2.24008]",open,
27.45,1786779866.8897,sample,"[1.65184, -1.2274, 1.68207, -2.26709, 4.65655, 0.0]","[-6.52746, 0.03892, 2.24008]",open,
27.55,1786779866.9884,sample,"[1.65184, -1.2274, 1.68207, -2.26709, 4.65655, 0.0]","[-6.52746, 0.03892, 2.24008]",open,
27.65,1786779867.0897,sample,"[1.65184, -1.2274, 1.68207, -2.26709, 4.65655, 0.0]","[-6.52746, 0.03892, 2.24008]",open,
27.75,1786779867.192,sample,"[1.65184, -1.20862, 1.68206, -2.26709, 4.65654, 0.0]","[-6.52785, 0.0437, 2.22399]",open,
27.85,1786779867.2914,sample,"[1.65184, -1.18256, 1.68209, -2.26709, 4.65654, 0.0]","[-6.52834, 0.04982, 2.2015]",open,
27.95,1786779867.3938,sample,"[1.65183, -1.17298, 1.68208, -2.26709, 4.65654, 0.0]","[-6.52851, 0.05193, 2.1932]",open,
28.05,1786779867.4931,sample,"[1.65184, -1.16946, 1.68207, -2.26709, 4.65654, 0.0]","[-6.52857, 0.05268, 2.19015]",open,
28.15,1786779867.5885,sample,"[1.65184, -1.16816, 1.68207, -2.26709, 4.65654, 0.0]","[-6.52859, 0.05296, 2.18902]",open,
28.25,1786779867.6833,sample,"[1.65184, -1.16769, 1.68207, -2.26709, 4.65654, 0.0]","[-6.5286, 0.05306, 2.18861]",open,
28.35,1786779867.7803,sample,"[1.65184, -1.16752, 1.68207, -2.26709, 4.65654, 0.0]","[-6.5286, 0.05309, 2.18846]",open,
28.45,1786779867.8776,sample,"[1.65184, -1.16745, 1.68207, -2.26709, 4.65654, 0.0]","[-6.52861, 0.05311, 2.1884]",open,
28.55,1786779867.982,sample,"[1.65184, -1.16309, 1.68206, -2.26709, 4.65654, 0.0]","[-6.52868, 0.05402, 2.18461]",open,
28.65,1786779868.0844,sample,"[1.65184, -1.12977, 1.68081, -2.26711, 4.65648, 0.0]","[-6.52924, 0.06091, 2.1563]",open,
28.75,1786779868.1847,sample,"[1.65186, -1.10991, 1.6575, -2.26715, 4.65613, 0.0]","[-6.53021, 0.07309, 2.15313]",open,
28.85,1786779868.2809,sample,"[1.65186, -1.1026, 1.64998, -2.26718, 4.6562, 0.0]","[-6.53055, 0.07716, 2.15127]",open,
28.95,1786779868.3778,sample,"[1.65188, -1.09991, 1.64737, -2.26718, 4.65621, 0.0]","[-6.53068, 0.07859, 2.15047]",open,
29.05,1786779868.4761,sample,"[1.65189, -1.09892, 1.64623, -2.26718, 4.65627, 0.0]","[-6.53074, 0.07918, 2.15028]",open,
29.15,1786779868.5733,sample,"[1.6519, -1.09855, 1.64563, -2.26718, 4.65632, 0.0]","[-6.53078, 0.07946, 2.15032]",open,
29.25,1786779868.6675,sample,"[1.6519, -1.09842, 1.64527, -2.26718, 4.65635, 0.0]","[-6.5308, 0.07962, 2.15043]",open,
29.35,1786779868.7673,sample,"[1.65191, -1.09836, 1.64496, -2.26719, 4.65637, 0.0]","[-6.53082, 0.07974, 2.15057]",open,
29.45,1786779868.8662,sample,"[1.65191, -1.09834, 1.64463, -2.26719, 4.65637, 0.0]","[-6.53083, 0.07987, 2.15076]",open,
29.55,1786779868.9665,sample,"[1.65191, -1.09834, 1.64426, -2.26719, 4.65638, 0.0]","[-6.53084, 0.08, 2.15098]",open,
29.65,1786779869.0634,sample,"[1.65191, -1.09834, 1.64391, -2.26719, 4.65638, 0.0]","[-6.53085, 0.08014, 2.1512]",open,
29.75,1786779869.1623,sample,"[1.65191, -1.09833, 1.64357, -2.26719, 4.65638, 0.0]","[-6.53086, 0.08026, 2.1514]",open,
29.85,1786779869.2621,sample,"[1.65191, -1.09833, 1.64323, -2.26719, 4.65639, 0.0]","[-6.53087, 0.08038, 2.15161]",open,
29.95,1786779869.3591,sample,"[1.65191, -1.09834, 1.64296, -2.26719, 4.65639, 0.0]","[-6.53088, 0.08048, 2.15178]",open,
30.05,1786779869.4609,sample,"[1.65191, -1.09834, 1.64273, -2.26719, 4.65639, 0.0]","[-6.53089, 0.08057, 2.15193]",open,
30.15,1786779869.5573,sample,"[1.65191, -1.09834, 1.64259, -2.26719, 4.65638, 0.0]","[-6.53089, 0.08062, 2.15202]",open,
30.25,1786779869.6613,sample,"[1.65191, -1.09834, 1.64244, -2.26719, 4.65639, 0.0]","[-6.53089, 0.08067, 2.15211]",open,
30.35,1786779869.7629,sample,"[1.65191, -1.09834, 1.64229, -2.26719, 4.65639, 0.0]","[-6.5309, 0.08073, 2.1522]",open,
30.45,1786779869.8577,sample,"[1.65191, -1.09834, 1.64213, -2.26719, 4.65639, 0.0]","[-6.5309, 0.08079, 2.1523]",open,
30.55,1786779869.9599,sample,"[1.6519, -1.09987, 1.64379, -2.26719, 4.65642, 0.0]","[-6.53083, 0.07992, 2.15265]",open,
30.65,1786779870.0613,sample,"[1.65188, -1.12183, 1.66617, -2.26722, 4.65665, -0.0]","[-6.52984, 0.06776, 2.15835]",open,
30.75,1786779870.1572,sample,"[1.65186, -1.13179, 1.67604, -2.26721, 4.65663, -0.0]","[-6.52938, 0.06231, 2.16103]",open,
30.85,1786779870.256,sample,"[1.65185, -1.13534, 1.67986, -2.26721, 4.65663, -0.0]","[-6.5292, 0.06025, 2.16178]",open,
30.95,1786779870.3584,sample,"[1.65184, -1.13665, 1.68126, -2.2672, 4.65663, -0.0]","[-6.52913, 0.0595, 2.16206]",open,
31.05,1786779870.4569,sample,"[1.65184, -1.13713, 1.68178, -2.2672, 4.65663, -0.0]","[-6.52911, 0.05922, 2.16216]",open,
31.15,1786779870.5597,sample,"[1.65184, -1.1373, 1.68197, -2.26719, 4.65663, -0.0]","[-6.5291, 0.05911, 2.16219]",open,
31.25,1786779870.6635,sample,"[1.65184, -1.13737, 1.68204, -2.26719, 4.65663, -0.0]","[-6.5291, 0.05907, 2.16221]",open,
31.35,1786779870.7614,sample,"[1.65184, -1.13738, 1.68207, -2.26719, 4.65663, 0.0]","[-6.5291, 0.05906, 2.1622]",open,
31.45,1786779870.8603,sample,"[1.65184, -1.13738, 1.68207, -2.26718, 4.65663, 0.0]","[-6.5291, 0.05906, 2.1622]",open,
31.55,1786779870.9612,sample,"[1.65184, -1.13738, 1.68207, -2.26718, 4.65663, 0.0]","[-6.5291, 0.05906, 2.1622]",open,
31.65,1786779871.0579,sample,"[1.65184, -1.13738, 1.68207, -2.26718, 4.65663, 0.0]","[-6.5291, 0.05906, 2.1622]",open,
31.75,1786779871.1588,sample,"[1.65184, -1.13738, 1.68207, -2.26717, 4.65663, 0.0]","[-6.5291, 0.05906, 2.1622]",open,
31.85,1786779871.2592,sample,"[1.65184, -1.13738, 1.68207, -2.26717, 4.65663, 0.0]","[-6.5291, 0.05906, 2.1622]",open,
31.95,1786779871.3555,sample,"[1.65184, -1.13738, 1.68207, -2.26717, 4.65663, 0.0]","[-6.5291, 0.05906, 2.1622]",open,
32.05,1786779871.4695,sample,"[1.65184, -1.13739, 1.68207, -2.26716, 4.65663, 0.0]","[-6.5291, 0.05906, 2.1622]",closed,pkg_000
32.15,1786779871.6513,sample,"[1.65184, -1.13738, 1.68206, -2.26716, 4.65661, 0.0]","[-6.5291, 0.05906, 2.16219]",closed,pkg_000
32.25,1786779871.7612,sample,"[1.65184, -1.13737, 1.68207, -2.26716, 4.6566, 0.0]","[-6.5291, 0.05906, 2.16219]",closed,pkg_000
32.35,1786779871.868,sample,"[1.65184, -1.13737, 1.68207, -2.26715, 4.6566, 0.0]","[-6.5291, 0.05906, 2.16219]",closed,pkg_000
32.45,1786779871.9745,sample,"[1.65184, -1.14396, 1.68209, -2.26715, 4.65659, 0.0]","[-6.529, 0.05782, 2.16793]",closed,pkg_000
32.55,1786779872.0792,sample,"[1.65185, -1.16501, 1.68211, -2.26714, 4.65657, 0.0]","[-6.52866, 0.0536, 2.18626]",closed,pkg_000
32.65,1786779872.1792,sample,"[1.65185, -1.19172, 1.68211, -2.26714, 4.65656, 0.0]","[-6.52818, 0.04772, 2.20941]",closed,pkg_000
32.75,1786779872.2789,sample,"[1.65185, -1.22052, 1.68211, -2.26713, 4.65654, 0.0]","[-6.52761, 0.04069, 2.23417]",closed,pkg_000
32.85,1786779872.3743,sample,"[1.65185, -1.25007, 1.68211, -2.26712, 4.65653, 0.0]","[-6.52696, 0.03274, 2.25936]",closed,pkg_000
32.95,1786779872.4778,sample,"[1.65185, -1.27991, 1.68211, -2.26712, 4.65651, 0.0]","[-6.52625, 0.02396, 2.28455]",closed,pkg_000
33.05,1786779872.5823,sample,"[1.65185, -1.30985, 1.68211, -2.26711, 4.6565, 0.0]","[-6.52547, 0.0144, 2.30954]",closed,pkg_000
33.15,1786779872.6912,sample,"[1.65185, -1.33983, 1.68211, -2.26711, 4.65648, 0.0]","[-6.52463, 0.00409, 2.33427]",closed,pkg_000
33.25,1786779872.8043,sample,"[1.65185, -1.36982, 1.68211, -2.2671, 4.65647, 0.0]","[-6.52373, -0.00696, 2.35869]",closed,pkg_000
33.35,1786779872.9078,sample,"[1.65185, -1.39982, 1.68211, -2.2671, 4.65645, 0.0]","[-6.52278, -0.01874, 2.38277]",closed,pkg_000
33.45,1786779873.01,sample,"[1.65185, -1.42982, 1.68211, -2.2671, 4.65644, 0.0]","[-6.52176, -0.03123, 2.40648]",closed,pkg_000
33.55,1786779873.1181,sample,"[1.65186, -1.45982, 1.68211, -2.2671, 4.65642, 0.0]","[-6.52069, -0.04443, 2.42981]",closed,pkg_000
33.65,1786779873.2231,sample,"[1.65186, -1.48982, 1.68211, -2.2671, 4.6564, 0.0]","[-6.51956, -0.05832, 2.45273]",closed,pkg_000
33.75,1786779873.3266,sample,"[1.65186, -1.51982, 1.68211, -2.2671, 4.65639, 0.0]","[-6.51837, -0.07288, 2.47523]",closed,pkg_000
33.85,1786779873.4289,sample,"[1.65186, -1.54982, 1.68211, -2.2671, 4.65638, 0.0]","[-6.51714, -0.08812, 2.49727]",closed,pkg_000
33.95,1786779873.5298,sample,"[1.65186, -1.57982, 1.68211, -2.2671, 4.65638, 0.0]","[-6.51585, -0.104, 2.51885]",closed,pkg_000
34.05,1786779873.6353,sample,"[1.65186, -1.60982, 1.68211, -2.2671, 4.65639, 0.0]","[-6.5145, -0.12053, 2.53994]",closed,pkg_000
34.15,1786779873.742,sample,"[1.65186, -1.63983, 1.68211, -2.2671, 4.65639, 0.0]","[-6.51311, -0.13768, 2.56052]",closed,pkg_000
34.25,1786779873.8583,sample,"[1.65186, -1.66983, 1.68211, -2.2671, 4.6564, 0.0]","[-6.51167, -0.15543, 2.58058]",closed,pkg_000
34.35,1786779873.9612,sample,"[1.65186, -1.69983, 1.68211, -2.2671, 4.6564, 0.0]","[-6.51018, -0.17378, 2.6001]",closed,pkg_000
34.45,1786779874.0655,sample,"[1.65187, -1.72984, 1.68211, -2.2671, 4.65639, 0.0]","[-6.50865, -0.19271, 2.61905]",closed,pkg_000
34.55,1786779874.1674,sample,"[1.65187, -1.75984, 1.68211, -2.2671, 4.65639, 0.0]","[-6.50706, -0.21219, 2.63743]",closed,pkg_000
34.65,1786779874.2698,sample,"[1.65603, -1.78908, 1.6821, -2.2671, 4.65639, 0.0]","[-6.50784, -0.23255, 2.65477]",closed,pkg_000
34.75,1786779874.3641,sample,"[1.67547, -1.80385, 1.6821, -2.2671, 4.65639, 0.0]","[-6.51778, -0.24672, 2.66331]",closed,pkg_000
34.85,1786779874.4575,sample,"[1.70159, -1.80928, 1.6821, -2.2671, 4.65639, 0.0]","[-6.53167, -0.2563, 2.66641]",closed,pkg_000
34.95,1786779874.5474,sample,"[1.73015, -1.81127, 1.6821, -2.26709, 4.65639, 0.0]","[-6.54688, -0.2645, 2.66754]",closed,pkg_000
35.05,1786779874.6413,sample,"[1.75963, -1.812, 1.68211, -2.26709, 4.65639, 0.0]","[-6.56246, -0.2725, 2.66795]",closed,pkg_000
35.15,1786779874.7321,sample,"[1.78943, -1.81228, 1.68211, -2.26709, 4.65639, 0.0]","[-6.57803, -0.28074, 2.6681]",closed,pkg_000
35.25,1786779874.8354,sample,"[1.81936, -1.81237, 1.68211, -2.26709, 4.65639, 0.0]","[-6.59342, -0.28936, 2.66816]",closed,pkg_000
35.35,1786779874.9475,sample,"[1.84933, -1.81654, 1.68212, -2.26709, 4.65639, 0.0]","[-6.6078, -0.30116, 2.67051]",closed,pkg_000
35.45,1786779875.0435,sample,"[1.87932, -1.83598, 1.68211, -2.2671, 4.65639, 0.0]","[-6.61849, -0.32356, 2.68135]",closed,pkg_000
35.55,1786779875.1389,sample,"[1.90932, -1.86211, 1.68211, -2.2671, 4.65639, 0.0]","[-6.62647, -0.35086, 2.6955]",closed,pkg_000
35.65,1786779875.2363,sample,"[1.93933, -1.89068, 1.6821, -2.2671, 4.65639, 0.0]","[-6.63232, -0.38022, 2.71041]",closed,pkg_000
35.75,1786779875.3298,sample,"[1.96933, -1.92016, 1.6821, -2.2671, 4.65639, 0.0]","[-6.63629, -0.41051, 2.72516]",closed,pkg_000
35.85,1786779875.4263,sample,"[1.99934, -1.94997, 1.6821, -2.2671, 4.65639, 0.0]","[-6.63846, -0.44126, 2.73942]",closed,pkg_000
35.95,1786779875.5352,sample,"[2.02934, -1.97991, 1.6821, -2.2671, 4.65639, 0.0]","[-6.63887, -0.47223, 2.75306]",closed,pkg_000
36.05,1786779875.642,sample,"[2.05935, -2.00989, 1.6821, -2.2671, 4.65639, 0.0]","[-6.63754, -0.50327, 2.76601]",closed,pkg_000
36.15,1786779875.7459,sample,"[2.08935, -2.03988, 1.6821, -2.2671, 4.65639, 0.0]","[-6.63446, -0.53425, 2.77827]",closed,pkg_000
36.25,1786779875.8533,sample,"[2.11935, -2.06989, 1.6821, -2.2671, 4.65639, 0.0]","[-6.62966, -0.56507, 2.78981]",closed,pkg_000
36.35,1786779875.9628,sample,"[2.14936, -2.09989, 1.6821, -2.2671, 4.65639, 0.0]","[-6.62313, -0.59562, 2.80061]",closed,pkg_000
36.45,1786779876.0698,sample,"[2.17936, -2.12989, 1.68209, -2.2671, 4.65639, 0.0]","[-6.6149, -0.62581, 2.81068]",closed,pkg_000
36.55,1786779876.1699,sample,"[2.20938, -2.15576, 1.68208, -2.2671, 4.65639, 0.0]","[-6.60706, -0.65275, 2.81876]",closed,pkg_000
36.65,1786779876.264,sample,"[2.23938, -2.16634, 1.68206, -2.2671, 4.65638, 0.0]","[-6.6058, -0.66903, 2.82191]",closed,pkg_000
36.75,1786779876.3594,sample,"[2.26938, -2.17023, 1.68206, -2.2671, 4.65638, 0.0]","[-6.60748, -0.68078, 2.82304]",closed,pkg_000
36.85,1786779876.4532,sample,"[2.29937, -2.17166, 1.68206, -2.2671, 4.65638, 0.0]","[-6.61011, -0.69096, 2.82345]",closed,pkg_000
36.95,1786779876.5484,sample,"[2.32937, -2.17219, 1.68206, -2.2671, 4.65638, 0.0]","[-6.61294, -0.70063, 2.82361]",closed,pkg_000
37.05,1786779876.6445,sample,"[2.35937, -2.17237, 1.68206, -2.2671, 4.65638, 0.0]","[-6.61566, -0.71017, 2.82366]",closed,pkg_000
37.15,1786779876.7363,sample,"[2.38937, -2.17245, 1.68206, -2.2671, 4.65638, 0.0]","[-6.61817, -0.71973, 2.82368]",closed,pkg_000
37.25,1786779876.8313,sample,"[2.41937, -2.1725, 1.68206, -2.2671, 4.65638, 0.0]","[-6.6204, -0.72934, 2.8237]",closed,pkg_000
37.35,1786779876.9274,sample,"[2.44937, -2.1725, 1.68206, -2.2671, 4.65638, 0.0]","[-6.62237, -0.73898, 2.8237]",closed,pkg_000
37.45,1786779877.0224,sample,"[2.47937, -2.1725, 1.68206, -2.2671, 4.65638, 0.0]","[-6.62406, -0.74868, 2.8237]",closed,pkg_000
37.55,1786779877.1136,sample,"[2.50937, -2.1725, 1.68206, -2.2671, 4.65638, 0.0]","[-6.62545, -0.75842, 2.8237]",closed,pkg_000
37.65,1786779877.2084,sample,"[2.53937, -2.1725, 1.68206, -2.2671, 4.65638, 0.0]","[-6.62655, -0.7682, 2.8237]",closed,pkg_000
37.75,1786779877.3022,sample,"[2.56937, -2.1725, 1.68206, -2.2671, 4.65638, 0.0]","[-6.62736, -0.77801, 2.8237]",closed,pkg_000
37.85,1786779877.3985,sample,"[2.59937, -2.1725, 1.68206, -2.2671, 4.65638, 0.0]","[-6.62787, -0.78784, 2.8237]",closed,pkg_000
37.95,1786779877.4934,sample,"[2.62937, -2.1725, 1.68206, -2.2671, 4.65638, 0.0]","[-6.62809, -0.79768, 2.8237]",closed,pkg_000
38.05,1786779877.5911,sample,"[2.65937, -2.1725, 1.68206, -2.2671, 4.65638, 0.0]","[-6.62801, -0.80752, 2.8237]",closed,pkg_000
38.15,1786779877.6941,sample,"[2.68937, -2.17253, 1.67268, -2.2671, 4.65637, 0.0]","[-6.6247, -0.81878, 2.82964]",closed,pkg_000
38.25,1786779877.7889,sample,"[2.71937, -2.17254, 1.65025, -2.2671, 4.65637, 0.0]","[-6.61672, -0.83178, 2.84368]",closed,pkg_000
38.35,1786779877.8919,sample,"[2.74937, -2.17254, 1.62304, -2.2671, 4.65638, 0.0]","[-6.6063, -0.84513, 2.86048]",closed,pkg_000
38.45,1786779877.9903,sample,"[2.77937, -2.17254, 1.59406, -2.2671, 4.65638, 0.0]","[-6.59429, -0.85828, 2.87806]",closed,pkg_000
38.55,1786779878.0859,sample,"[2.80938, -2.17252, 1.57699, -2.2671, 4.65638, 0.0]","[-6.58594, -0.86931, 2.88826]",closed,pkg_000
38.65,1786779878.1874,sample,"[2.83938, -2.17251, 1.57071, -2.2671, 4.65638, 0.0]","[-6.58129, -0.87862, 2.89198]",closed,pkg_000
38.75,1786779878.2843,sample,"[2.86938, -2.17251, 1.5684, -2.2671, 4.65638, 0.0]","[-6.5779, -0.88728, 2.89334]",closed,pkg_000
38.85,1786779878.3823,sample,"[2.89938, -2.17251, 1.56756, -2.2671, 4.65637, 0.0]","[-6.57482, -0.89566, 2.89384]",closed,pkg_000
38.95,1786779878.4758,sample,"[2.92938, -2.17251, 1.56724, -2.2671, 4.65637, 0.0]","[-6.5717, -0.90388, 2.89403]",closed,pkg_000
39.05,1786779878.5721,sample,"[2.95939, -2.17251, 1.56713, -2.2671, 4.65638, 0.0]","[-6.56841, -0.912, 2.89409]",closed,pkg_000
39.15,1786779878.671,sample,"[2.98939, -2.17249, 1.56926, -2.2671, 4.65638, 0.0]","[-6.56581, -0.91986, 2.89283]",closed,pkg_000
39.25,1786779878.7655,sample,"[3.01939, -2.17248, 1.58675, -2.2671, 4.65637, 0.0]","[-6.56917, -0.92691, 2.88243]",closed,pkg_000
39.35,1786779878.8621,sample,"[3.04939, -2.17247, 1.61215, -2.2671, 4.65637, 0.0]","[-6.57519, -0.93401, 2.86711]",closed,pkg_000
39.45,1786779878.9657,sample,"[3.07939, -2.17247, 1.64047, -2.2671, 4.65637, 0.0]","[-6.58171, -0.94154, 2.84974]",closed,pkg_000
39.55,1786779879.0685,sample,"[3.10939, -2.17247, 1.66985, -2.2671, 4.65637, 0.0]","[-6.58788, -0.94959, 2.8314]",closed,pkg_000
39.65,1786779879.1633,sample,"[3.13939, -2.17247, 1.69962, -2.2671, 4.65637, 0.0]","[-6.59341, -0.95813, 2.81251]",closed,pkg_000
39.75,1786779879.2712,sample,"[3.16939, -2.17247, 1.72954, -2.2671, 4.65637, 0.0]","[-6.59815, -0.96713, 2.79323]",closed,pkg_000
39.85,1786779879.368,sample,"[3.19938, -2.1725, 1.75012, -2.2671, 4.65637, 0.0]","[-6.59925, -0.97636, 2.77982]",closed,pkg_000
39.95,1786779879.4624,sample,"[3.22938, -2.1725, 1.75769, -2.2671, 4.65638, 0.0]","[-6.59605, -0.98545, 2.77485]",closed,pkg_000
40.05,1786779879.5584,sample,"[3.25939, -2.17251, 1.76047, -2.2671, 4.65638, 0.0]","[-6.59116, -0.99434, 2.77302]",closed,pkg_000
40.15,1786779879.6611,sample,"[3.27682, -2.1725, 1.76149, -2.2671, 4.65638, 0.0]","[-6.58802, -0.99943, 2.77235]",closed,pkg_000
40.25,1786779879.7622,sample,"[3.28325, -2.16593, 1.76185, -2.2671, 4.65638, 0.0]","[-6.59201, -1.00203, 2.77004]",closed,pkg_000
40.35,1786779879.8708,sample,"[3.2856, -2.14488, 1.762, -2.2671, 4.65638, 0.0]","[-6.60803, -1.00511, 2.76308]",closed,pkg_000
40.45,1786779879.9769,sample,"[3.28646, -2.11815, 1.75266, -2.2671, 4.65638, 0.0]","[-6.62614, -1.00804, 2.76015]",closed,pkg_000
40.55,1786779880.0763,sample,"[3.2868, -2.08936, 1.73026, -2.2671, 4.65638, 0.0]","[-6.64273, -1.01059, 2.7648]",closed,pkg_000
40.65,1786779880.1801,sample,"[3.2869, -2.0598, 1.70305, -2.2671, 4.65638, 0.0]","[-6.65897, -1.013, 2.77195]",closed,pkg_000
40.75,1786779880.2834,sample,"[3.28696, -2.02996, 1.67408, -2.2671, 4.65638, 0.0]","[-6.67526, -1.01541, 2.77971]",closed,pkg_000
40.85,1786779880.3806,sample,"[3.28696, -2.00002, 1.64446, -2.2671, 4.65638, 0.0]","[-6.69171, -1.01782, 2.78736]",closed,pkg_000
40.95,1786779880.4874,sample,"[3.28696, -1.97003, 1.6146, -2.2671, 4.65638, 0.0]","[-6.70836, -1.02026, 2.79467]",closed,pkg_000
41.05,1786779880.5964,sample,"[3.28696, -1.94003, 1.58465, -2.2671, 4.65638, 0.0]","[-6.72521, -1.02272, 2.80151]",closed,pkg_000
41.15,1786779880.708,sample,"[3.28696, -1.91003, 1.55466, -2.2671, 4.65638, 0.0]","[-6.74226, -1.02522, 2.80787]",closed,pkg_000
41.25,1786779880.8154,sample,"[3.28696, -1.88003, 1.52467, -2.2671, 4.65639, 0.0]","[-6.75948, -1.02774, 2.81371]",closed,pkg_000
41.35,1786779880.9273,sample,"[3.28696, -1.85002, 1.49467, -2.2671, 4.65639, 0.0]","[-6.77688, -1.03029, 2.81903]",closed,pkg_000
41.45,1786779881.0353,sample,"[3.28697, -1.82001, 1.46468, -2.2671, 4.65639, 0.0]","[-6.79442, -1.03286, 2.82382]",closed,pkg_000
41.55,1786779881.1491,sample,"[3.28697, -1.79, 1.43468, -2.2671, 4.65639, 0.0]","[-6.81209, -1.03545, 2.82808]",closed,pkg_000
41.65,1786779881.2688,sample,"[3.28697, -1.76, 1.40468, -2.2671, 4.65639, 0.0]","[-6.82989, -1.03805, 2.83179]",closed,pkg_000
41.75,1786779881.375,sample,"[3.28697, -1.72999, 1.37468, -2.2671, 4.65639, 0.0]","[-6.84778, -1.04067, 2.83497]",closed,pkg_000
41.85,1786779881.4802,sample,"[3.28697, -1.69998, 1.34468, -2.2671, 4.65638, 0.0]","[-6.86577, -1.04331, 2.8376]",closed,pkg_000
41.95,1786779881.5859,sample,"[3.28697, -1.66997, 1.31468, -2.2671, 4.65638, 0.0]","[-6.88382, -1.04595, 2.83969]",closed,pkg_000
42.05,1786779881.6948,sample,"[3.28697, -1.63997, 1.28468, -2.2671, 4.65638, 0.0]","[-6.90193, -1.0486, 2.84123]",closed,pkg_000
42.15,1786779881.8078,sample,"[3.28697, -1.60996, 1.25468, -2.2671, 4.65638, 0.0]","[-6.92007, -1.05126, 2.84222]",closed,pkg_000
42.25,1786779881.9173,sample,"[3.28697, -1.57995, 1.22468, -2.2671, 4.65638, 0.0]","[-6.93824, -1.05392, 2.84266]",closed,pkg_000
42.35,1786779882.0359,sample,"[3.28697, -1.54994, 1.19468, -2.2671, 4.65638, 0.0]","[-6.95641, -1.05658, 2.84255]",closed,pkg_000
42.45,1786779882.1522,sample,"[3.28697, -1.51993, 1.16468, -2.2671, 4.65638, 0.0]","[-6.97458, -1.05924, 2.84188]",closed,pkg_000
42.55,1786779882.2631,sample,"[3.28697, -1.48992, 1.13468, -2.2671, 4.65638, 0.0]","[-6.99271, -1.06189, 2.84067]",closed,pkg_000
42.65,1786779882.3684,sample,"[3.28697, -1.45991, 1.10468, -2.2671, 4.65638, 0.0]","[-7.0108, -1.06454, 2.8389]",closed,pkg_000
42.75,1786779882.4745,sample,"[3.28697, -1.4299, 1.07468, -2.26709, 4.65638, 0.0]","[-7.02883, -1.06718, 2.83659]",closed,pkg_000
42.85,1786779882.585,sample,"[3.28697, -1.39989, 1.04468, -2.26709, 4.65638, 0.0]","[-7.04679, -1.06981, 2.83373]",closed,pkg_000
42.95,1786779882.6888,sample,"[3.28696, -1.36988, 1.01468, -2.26709, 4.65638, 0.0]","[-7.06465, -1.07242, 2.83033]",closed,pkg_000
43.05,1786779882.7953,sample,"[3.28696, -1.33987, 0.98468, -2.26709, 4.65638, 0.0]","[-7.0824, -1.07502, 2.82638]",closed,pkg_000
43.15,1786779882.9086,sample,"[3.28696, -1.30986, 0.95468, -2.26709, 4.65638, 0.0]","[-7.10003, -1.0776, 2.8219]",closed,pkg_000
43.25,1786779883.014,sample,"[3.28696, -1.27985, 0.92469, -2.26709, 4.65638, 0.0]","[-7.11752, -1.08015, 2.81689]",closed,pkg_000
43.35,1786779883.1199,sample,"[3.28695, -1.24984, 0.89469, -2.26709, 4.65638, 0.0]","[-7.13486, -1.08269, 2.81135]",closed,pkg_000
43.45,1786779883.2294,sample,"[3.28695, -1.21982, 0.86469, -2.26709, 4.65638, 0.0]","[-7.15202, -1.0852, 2.80528]",closed,pkg_000
43.55,1786779883.3278,sample,"[3.28693, -1.19638, 0.84727, -2.2671, 4.65637, 0.0]","[-7.1668, -1.08735, 2.79613]",closed,pkg_000
43.65,1786779883.4211,sample,"[3.28692, -1.18741, 0.84085, -2.2671, 4.65637, 0.0]","[-7.17247, -1.08817, 2.79238]",closed,pkg_000
43.75,1786779883.5158,sample,"[3.28691, -1.18412, 0.83849, -2.2671, 4.65637, 0.0]","[-7.17455, -1.08846, 2.79099]",closed,pkg_000
43.85,1786779883.6654,sample,"[3.2869, -1.18292, 0.83759, -2.2671, 4.65637, 0.0]","[-7.1753, -1.08856, 2.79051]",open,
43.95,1786779883.773,sample,"[3.28689, -1.18248, 0.83726, -2.2671, 4.65637, 0.0]","[-7.17557, -1.08859, 2.79034]",open,
44.05,1786779883.872,sample,"[3.28689, -1.18233, 0.83714, -2.2671, 4.65637, 0.0]","[-7.17567, -1.0886, 2.79028]",open,
44.15,1786779883.9713,sample,"[3.28688, -1.18227, 0.83709, -2.2671, 4.65637, 0.0]","[-7.17571, -1.0886, 2.79026]",open,
44.25,1786779884.0709,sample,"[3.28687, -1.18226, 0.83708, -2.2671, 4.65637, 0.0]","[-7.17572, -1.0886, 2.79025]",open,
44.35,1786779884.175,sample,"[3.28687, -1.18225, 0.83707, -2.2671, 4.65637, 0.0]","[-7.17572, -1.08859, 2.79025]",open,
44.45,1786779884.2821,sample,"[3.29346, -1.18224, 0.83707, -2.26711, 4.65636, 0.0]","[-7.17381, -1.09436, 2.79024]",open,
44.55,1786779884.3867,sample,"[3.31452, -1.18222, 0.83708, -2.26711, 4.65636, 0.0]","[-7.16743, -1.1127, 2.79023]",open,
44.65,1786779884.4907,sample,"[3.34046, -1.18222, 0.83707, -2.26712, 4.65636, 0.0]","[-7.15903, -1.1351, 2.79022]",open,
44.75,1786779884.5933,sample,"[3.35402, -1.18221, 0.83707, -2.26712, 4.65636, 0.0]","[-7.15441, -1.14671, 2.79022]",open,
44.85,1786779884.6996,sample,"[3.35682, -1.18222, 0.83706, -2.26712, 4.65636, 0.0]","[-7.15343, -1.1491, 2.79023]",open,
44.95,1786779884.8011,sample,"[3.34115, -1.18222, 0.83706, -2.26711, 4.65637, 0.0]","[-7.1588, -1.13568, 2.79024]",open,
45.05,1786779884.9029,sample,"[3.31642, -1.18222, 0.83705, -2.26711, 4.65637, 0.0]","[-7.16683, -1.11435, 2.79024]",open,
45.15,1786779885.0049,sample,"[3.28836, -1.18222, 0.83705, -2.2671, 4.65638, 0.0]","[-7.17531, -1.0899, 2.79024]",open,
45.25,1786779885.1088,sample,"[3.25907, -1.18222, 0.83705, -2.2671, 4.65638, 0.0]","[-7.18342, -1.06415, 2.79024]",open,
45.35,1786779885.2238,sample,"[3.22933, -1.18222, 0.83705, -2.2671, 4.65639, 0.0]","[-7.19089, -1.03776, 2.79024]",open,
45.45,1786779885.3362,sample,"[3.19943, -1.18222, 0.83705, -2.2671, 4.6564, 0.0]","[-7.1976, -1.01102, 2.79024]",open,
45.55,1786779885.4511,sample,"[3.16946, -1.18222, 0.83705, -2.26709, 4.6564, 0.0]","[-7.20352, -0.98403, 2.79024]",open,
45.65,1786779885.5611,sample,"[3.13948, -1.18222, 0.83705, -2.26709, 4.65641, 0.0]","[-7.20863, -0.95686, 2.79024]",open,
45.75,1786779885.6701,sample,"[3.10948, -1.18222, 0.83705, -2.26709, 4.65641, 0.0]","[-7.21292, -0.92954, 2.79024]",open,
45.85,1786779885.7831,sample,"[3.07948, -1.18222, 0.83705, -2.26709, 4.65642, 0.0]","[-7.2164, -0.9021, 2.79024]",open,
45.95,1786779885.9,sample,"[3.04948, -1.18222, 0.83705, -2.26709, 4.65642, 0.0]","[-7.21905, -0.87456, 2.79024]",open,
46.05,1786779886.0121,sample,"[3.01948, -1.18222, 0.83705, -2.26709, 4.65642, 0.0]","[-7.22087, -0.84696, 2.79024]",open,
46.15,1786779886.1308,sample,"[2.98948, -1.18222, 0.83705, -2.26709, 4.65642, 0.0]","[-7.22187, -0.81932, 2.79024]",open,
46.25,1786779886.2452,sample,"[2.95948, -1.18222, 0.83705, -2.26709, 4.65642, 0.0]","[-7.22203, -0.79166, 2.79024]",open,
46.35,1786779886.3554,sample,"[2.92948, -1.18222, 0.83705, -2.26709, 4.65642, 0.0]","[-7.22137, -0.764, 2.79024]",open,
46.45,1786779886.4712,sample,"[2.89948, -1.18222, 0.83705, -2.26709, 4.65642, 0.0]","[-7.21987, -0.73638, 2.79024]",open,
46.55,1786779886.5872,sample,"[2.86948, -1.18222, 0.83705, -2.26709, 4.65642, 0.0]","[-7.21755, -0.70882, 2.79024]",open,
46.65,1786779886.7007,sample,"[2.83948, -1.18222, 0.83705, -2.26709, 4.65642, 0.0]","[-7.2144, -0.68134, 2.79024]",open,
46.75,1786779886.8168,sample,"[2.80948, -1.18222, 0.83705, -2.26709, 4.65642, 0.0]","[-7.21043, -0.65396, 2.79024]",open,
46.85,1786779886.9283,sample,"[2.77948, -1.18222, 0.83705, -2.26709, 4.65642, 0.0]","[-7.20564, -0.62672, 2.79024]",open,
46.95,1786779887.0456,sample,"[2.74948, -1.18222, 0.83705, -2.26709, 4.65642, 0.0]","[-7.20004, -0.59963, 2.79024]",open,
47.05,1786779887.165,sample,"[2.71947, -1.18222, 0.83705, -2.26709, 4.65642, 0.0]","[-7.19362, -0.57272, 2.79024]",open,
47.15,1786779887.2766,sample,"[2.68947, -1.18222, 0.83705, -2.26709, 4.65642, 0.0]","[-7.1864, -0.54602, 2.79024]",open,
47.25,1786779887.3933,sample,"[2.65947, -1.18222, 0.83705, -2.26709, 4.65642, 0.0]","[-7.17838, -0.51955, 2.79024]",open,
47.35,1786779887.5068,sample,"[2.62947, -1.18222, 0.83705, -2.26709, 4.65642, 0.0]","[-7.16958, -0.49332, 2.79024]",open,
47.45,1786779887.6243,sample,"[2.59947, -1.18222, 0.83705, -2.26709, 4.65642, 0.0]","[-7.15998, -0.46738, 2.79024]",open,
47.55,1786779887.7322,sample,"[2.56947, -1.18222, 0.83705, -2.26709, 4.65642, 0.0]","[-7.14962, -0.44173, 2.79024]",open,
47.65,1786779887.842,sample,"[2.53947, -1.18222, 0.83705, -2.26709, 4.65642, 0.0]","[-7.13849, -0.41641, 2.79024]",open,
47.75,1786779887.9576,sample,"[2.50947, -1.18222, 0.83705, -2.26709, 4.65642, 0.0]","[-7.12661, -0.39143, 2.79024]",open,
47.85,1786779888.067,sample,"[2.47947, -1.18222, 0.83705, -2.26709, 4.65642, 0.0]","[-7.11398, -0.36682, 2.79024]",open,
47.95,1786779888.1812,sample,"[2.44947, -1.18222, 0.83705, -2.26709, 4.65642, 0.0]","[-7.10062, -0.3426, 2.79024]",open,
48.05,1786779888.2943,sample,"[2.41947, -1.18222, 0.83705, -2.26709, 4.65642, 0.0]","[-7.08654, -0.31879, 2.79024]",open,
48.15,1786779888.4083,sample,"[2.38947, -1.18222, 0.83705, -2.26709, 4.65642, 0.0]","[-7.07175, -0.29541, 2.79024]",open,
48.25,1786779888.5224,sample,"[2.35947, -1.18222, 0.83705, -2.26709, 4.65642, 0.0]","[-7.05627, -0.27249, 2.79024]",open,
48.35,1786779888.6349,sample,"[2.32947, -1.18222, 0.83705, -2.26709, 4.65642, 0.0]","[-7.0401, -0.25004, 2.79024]",open,
48.45,1786779888.7454,sample,"[2.29946, -1.18222, 0.83705, -2.26709, 4.65642, 0.0]","[-7.02327, -0.22809, 2.79024]",open,
48.55,1786779888.8584,sample,"[2.26946, -1.18222, 0.83705, -2.26709, 4.65642, 0.0]","[-7.0058, -0.20665, 2.79024]",open,
48.65,1786779888.9603,sample,"[2.25202, -1.18222, 0.83706, -2.2671, 4.65642, 0.0]","[-6.99534, -0.19443, 2.79023]",open,
48.75,1786779889.0585,sample,"[2.24561, -1.18221, 0.83706, -2.2671, 4.65642, 0.0]","[-6.99144, -0.18998, 2.79023]",open,
48.85,1786779889.1645,sample,"[2.24325, -1.18221, 0.83706, -2.2671, 4.65641, 0.0]","[-6.99, -0.18834, 2.79023]",open,
48.95,1786779889.265,sample,"[2.24238, -1.18221, 0.83706, -2.2671, 4.65641, 0.0]","[-6.98947, -0.18774, 2.79023]",open,
49.05,1786779889.3637,sample,"[2.24207, -1.18221, 0.83706, -2.2671, 4.65641, 0.0]","[-6.98928, -0.18753, 2.79023]",open,
49.15,1786779889.4657,sample,"[2.24196, -1.18221, 0.83706, -2.2671, 4.65641, 0.0]","[-6.98922, -0.18746, 2.79023]",open,
49.25,1786779889.5697,sample,"[2.22935, -1.18222, 0.83705, -2.2671, 4.65641, 0.0]","[-6.98143, -0.17882, 2.79023]",open,
49.35,1786779889.6722,sample,"[2.20574, -1.18222, 0.83705, -2.2671, 4.65642, 0.0]","[-6.96658, -0.16291, 2.79023]",open,
49.45,1786779889.7792,sample,"[2.17809, -1.18222, 0.83705, -2.26709, 4.65642, 0.0]","[-6.94871, -0.14472, 2.79024]",open,
49.55,1786779889.8822,sample,"[2.14896, -1.18222, 0.83705, -2.26709, 4.65642, 0.0]","[-6.92935, -0.1261, 2.79023]",open,
49.65,1786779889.9892,sample,"[2.11928, -1.18222, 0.83705, -2.26709, 4.65642, 0.0]","[-6.90907, -0.10772, 2.79024]",open,
49.75,1786779890.1013,sample,"[2.08939, -1.18222, 0.83705, -2.26709, 4.65642, 0.0]","[-6.88811, -0.08983, 2.79023]",open,
49.85,1786779890.2053,sample,"[2.07199, -1.18222, 0.83706, -2.26709, 4.65642, 0.0]","[-6.87567, -0.07971, 2.79023]",open,
49.95,1786779890.3124,sample,"[2.06559, -1.1844, 0.84365, -2.2671, 4.65642, 0.0]","[-6.87097, -0.07617, 2.78775]",open,
50.05,1786779890.4134,sample,"[2.06324, -1.2019, 0.8647, -2.2671, 4.65641, 0.0]","[-6.86497, -0.08284, 2.7893]",open,
50.15,1786779890.5147,sample,"[2.06237, -1.22732, 0.8914, -2.2671, 4.65641, 0.0]","[-6.85761, -0.09494, 2.79385]",open,
50.25,1786779890.6219,sample,"[2.06206, -1.25565, 0.92018, -2.2671, 4.65641, 0.0]","[-6.84971, -0.10913, 2.79915]",open,
50.35,1786779890.7218,sample,"[2.06197, -1.28504, 0.94973, -2.2671, 4.65641, 0.0]","[-6.84155, -0.1242, 2.80436]",open,
50.45,1786779890.8244,sample,"[2.06194, -1.31482, 0.97957, -2.2671, 4.6564, 0.0]","[-6.83325, -0.13965, 2.80921]",open,
50.55,1786779890.9404,sample,"[2.06191, -1.34475, 1.0095, -2.2671, 4.6564, 0.0]","[-6.82485, -0.15532, 2.81357]",open,
50.65,1786779891.0444,sample,"[2.0619, -1.37061, 1.03947, -2.2671, 4.6564, 0.0]","[-6.81801, -0.16809, 2.81413]",open,
50.75,1786779891.1553,sample,"[2.06189, -1.38335, 1.06947, -2.2671, 4.65639, 0.0]","[-6.81628, -0.1713, 2.80386]",open,
50.85,1786779891.2606,sample,"[2.06187, -1.40471, 1.08692, -2.2671, 4.65639, 0.0]","[-6.80978, -0.18343, 2.80883]",open,
50.95,1786779891.373,sample,"[2.06185, -1.43157, 1.09551, -2.2671, 4.65639, 0.0]","[-6.80009, -0.20153, 2.82377]",open,
51.05,1786779891.4769,sample,"[2.06184, -1.46043, 1.11536, -2.2671, 4.65639, 0.0]","[-6.79078, -0.21891, 2.83207]",open,
51.15,1786779891.5802,sample,"[2.06183, -1.49001, 1.14163, -2.2671, 4.65638, 0.0]","[-6.78189, -0.23551, 2.83603]",open,
51.25,1786779891.6913,sample,"[2.06181, -1.51985, 1.17026, -2.2671, 4.65638, 0.0]","[-6.77315, -0.25185, 2.83806]",open,
51.35,1786779891.7952,sample,"[2.06182, -1.54323, 1.19317, -2.2671, 4.65638, 0.0]","[-6.76636, -0.26456, 2.83894]",open,
51.45,1786779891.8997,sample,"[2.06184, -1.55216, 1.20117, -2.2671, 4.65638, 0.0]","[-6.76368, -0.26959, 2.83969]",open,
51.55,1786779892.0067,sample,"[2.06186, -1.55131, 1.18916, -2.2671, 4.65638, 0.0]","[-6.76259, -0.27165, 2.8472]",open,
51.65,1786779892.11,sample,"[2.06189, -1.5331, 1.16577, -2.2671, 4.65638, 0.0]","[-6.76723, -0.26303, 2.85035]",open,
51.75,1786779892.2154,sample,"[2.06191, -1.50743, 1.13822, -2.2671, 4.65638, 0.0]","[-6.77441, -0.24964, 2.85082]",open,
51.85,1786779892.3188,sample,"[2.06192, -1.47901, 1.10912, -2.2671, 4.65638, 0.0]","[-6.78251, -0.23451, 2.84993]",open,
51.95,1786779892.4193,sample,"[2.06193, -1.44959, 1.07945, -2.2671, 4.65638, 0.0]","[-6.79093, -0.21879, 2.84818]",open,
52.05,1786779892.5268,sample,"[2.06194, -1.41979, 1.04957, -2.2671, 4.65638, 0.0]","[-6.79944, -0.20288, 2.84576]",open,
52.15,1786779892.6368,sample,"[2.06193, -1.39642, 1.02181, -2.2671, 4.65638, 0.0]","[-6.80554, -0.19146, 2.84639]",open,
52.25,1786779892.7463,sample,"[2.06191, -1.38966, 1.00934, -2.2671, 4.65638, 0.0]","[-6.80672, -0.18921, 2.84947]",open,
52.35,1786779892.8522,sample,"[2.06189, -1.40389, 1.00889, -2.2671, 4.65638, 0.0]","[-6.80076, -0.20033, 2.86075]",open,
52.45,1786779892.955,sample,"[2.06187, -1.4281, 1.02661, -2.2671, 4.65637, 0.0]","[-6.79298, -0.21485, 2.86733]",open,
52.55,1786779893.0619,sample,"[2.06185, -1.45598, 1.05209, -2.2671, 4.65637, 0.0]","[-6.78467, -0.23036, 2.8711]",open,
52.65,1786779893.1668,sample,"[2.06184, -1.4852, 1.08043, -2.2671, 4.65637, 0.0]","[-6.77615, -0.24627, 2.87348]",open,
52.75,1786779893.2707,sample,"[2.06183, -1.51492, 1.10981, -2.2671, 4.65637, 0.0]","[-6.76754, -0.26234, 2.87498]",open,
52.85,1786779893.3846,sample,"[2.06182, -1.54406, 1.13958, -2.2671, 4.65638, 0.0]","[-6.75922, -0.2779, 2.87531]",open,
52.95,1786779893.492,sample,"[2.06185, -1.55662, 1.16008, -2.2671, 4.65638, 0.0]","[-6.75668, -0.2827, 2.87021]",open,
53.05,1786779893.5964,sample,"[2.06188, -1.54454, 1.16763, -2.2671, 4.65638, 0.0]","[-6.76273, -0.27144, 2.85699]",open,
53.15,1786779893.7013,sample,"[2.06191, -1.52112, 1.17042, -2.26711, 4.65638, 0.0]","[-6.7727, -0.25282, 2.83884]",open,
53.25,1786779893.8088,sample,"[2.06193, -1.49353, 1.17145, -2.26711, 4.65638, 0.0]","[-6.78391, -0.23189, 2.81836]",open,
53.35,1786779893.9146,sample,"[2.06194, -1.46442, 1.17184, -2.26711, 4.65638, 0.0]","[-6.79537, -0.21049, 2.79651]",open,
53.45,1786779894.024,sample,"[2.06194, -1.43474, 1.17197, -2.26711, 4.65638, 0.0]","[-6.8067, -0.18932, 2.77369]",open,
53.55,1786779894.1365,sample,"[2.06194, -1.40486, 1.17203, -2.26711, 4.65638, 0.0]","[-6.81777, -0.16862, 2.75007]",open,
53.65,1786779894.2513,sample,"[2.06194, -1.3749, 1.17203, -2.26711, 4.65638, 0.0]","[-6.82852, -0.14851, 2.72573]",open,
53.75,1786779894.3633,sample,"[2.06194, -1.34491, 1.17204, -2.26711, 4.65638, 0.0]","[-6.83894, -0.12904, 2.70069]",open,
53.85,1786779894.4756,sample,"[2.06194, -1.31491, 1.17204, -2.26711, 4.65638, 0.0]","[-6.84899, -0.11023, 2.67499]",open,
53.95,1786779894.587,sample,"[2.06194, -1.28491, 1.17205, -2.26712, 4.65638, 0.0]","[-6.85869, -0.0921, 2.64866]",open,
54.05,1786779894.6998,sample,"[2.06193, -1.25491, 1.17205, -2.26712, 4.65638, 0.0]","[-6.868, -0.07468, 2.62173]",open,
54.15,1786779894.8163,sample,"[2.06193, -1.22491, 1.17206, -2.26712, 4.65638, 0.0]","[-6.87693, -0.05798, 2.59421]",open,
54.25,1786779894.9348,sample,"[2.06192, -1.1949, 1.17206, -2.26712, 4.65638, 0.0]","[-6.88546, -0.04201, 2.56614]",open,
54.35,1786779895.0531,sample,"[2.06192, -1.1649, 1.17207, -2.26712, 4.65638, 0.0]","[-6.8936, -0.0268, 2.53753]",open,
54.45,1786779895.1645,sample,"[2.06191, -1.1349, 1.17208, -2.26712, 4.65638, 0.0]","[-6.90132, -0.01234, 2.50842]",open,
54.55,1786779895.2811,sample,"[2.06191, -1.10489, 1.17209, -2.26712, 4.65638, 0.0]","[-6.90863, 0.00133, 2.47884]",open,
54.65,1786779895.4009,sample,"[2.0619, -1.07489, 1.1721, -2.26712, 4.65638, 0.0]","[-6.91551, 0.01422, 2.4488]",open,
54.75,1786779895.5083,sample,"[2.06189, -1.05145, 1.1721, -2.26711, 4.65638, 0.0]","[-6.92059, 0.02374, 2.42503]",open,
54.85,1786779895.6188,sample,"[2.06188, -1.04906, 1.17211, -2.26711, 4.65638, 0.0]","[-6.92108, 0.02469, 2.42258]",open,
54.95,1786779895.7266,sample,"[2.06186, -1.06684, 1.18466, -2.26711, 4.65638, 0.0]","[-6.9168, 0.01672, 2.43166]",open,
55.05,1786779895.834,sample,"[2.06184, -1.09234, 1.20824, -2.26711, 4.65638, 0.0]","[-6.91037, 0.00473, 2.44041]",open,
55.15,1786779895.9419,sample,"[2.06182, -1.1207, 1.23587, -2.26711, 4.65639, 0.0]","[-6.90306, -0.00889, 2.44869]",open,
55.25,1786779896.0458,sample,"[2.0618, -1.15009, 1.265, -2.26711, 4.65639, 0.0]","[-6.89537, -0.02324, 2.45647]",open,
55.35,1786779896.1511,sample,"[2.0618, -1.17988, 1.29468, -2.26711, 4.65639, 0.0]","[-6.88748, -0.03801, 2.46374]",open,
55.45,1786779896.2648,sample,"[2.0618, -1.20762, 1.32237, -2.2671, 4.65639, 0.0]","[-6.88004, -0.05192, 2.47003]",open,
55.55,1786779896.3771,sample,"[2.0618, -1.21934, 1.33482, -2.2671, 4.65639, 0.0]","[-6.87684, -0.0579, 2.47201]",open,
55.65,1786779896.4895,sample,"[2.06181, -1.20869, 1.33939, -2.2671, 4.65639, 0.0]","[-6.87912, -0.05366, 2.45885]",open,
55.75,1786779896.5983,sample,"[2.06181, -1.1858, 1.34109, -2.2671, 4.65639, 0.0]","[-6.88412, -0.04431, 2.43621]",open,
55.85,1786779896.7088,sample,"[2.06182, -1.15842, 1.34172, -2.2671, 4.65639, 0.0]","[-6.88985, -0.0336, 2.4098]",open,
55.95,1786779896.8176,sample,"[2.06182, -1.12938, 1.34195, -2.2671, 4.65639, 0.0]","[-6.89558, -0.0229, 2.38175]",open,
56.05,1786779896.9352,sample,"[2.06182, -1.10049, 1.34204, -2.2671, 4.65639, 0.0]","[-6.90089, -0.01295, 2.35362]",open,
56.15,1786779897.0406,sample,"[2.06182, -1.08585, 1.34208, -2.2671, 4.65639, 0.0]","[-6.90344, -0.00818, 2.33923]",open,
56.25,1786779897.1519,sample,"[2.0618, -1.08986, 1.3421, -2.2671, 4.6564, 0.0]","[-6.90273, -0.00947, 2.34316]",open,
56.35,1786779897.2589,sample,"[2.0618, -1.11032, 1.35465, -2.2671, 4.6564, 0.0]","[-6.89812, -0.0181, 2.35437]",open,
56.45,1786779897.3669,sample,"[2.06181, -1.13681, 1.37823, -2.2671, 4.6564, 0.0]","[-6.89146, -0.03056, 2.36342]",open,
56.55,1786779897.4713,sample,"[2.06181, -1.16552, 1.40587, -2.2671, 4.65641, 0.0]","[-6.88398, -0.04455, 2.37133]",open,
56.65,1786779897.5799,sample,"[2.0618, -1.18565, 1.42559, -2.26709, 4.65641, 0.0]","[-6.87865, -0.05451, 2.37636]",open,
56.75,1786779897.6858,sample,"[2.06179, -1.19306, 1.43285, -2.26709, 4.65641, 0.0]","[-6.87667, -0.0582, 2.37814]",open,
56.85,1786779897.7952,sample,"[2.0618, -1.19654, 1.43553, -2.26709, 4.65641, 0.0]","[-6.87581, -0.05983, 2.37949]",open,
56.95,1786779897.905,sample,"[2.06181, -1.21279, 1.44592, -2.26709, 4.65641, 0.0]","[-6.87189, -0.06717, 2.38716]",open,
57.05,1786779898.0154,sample,"[2.0618, -1.23697, 1.46793, -2.26709, 4.65641, 0.0]","[-6.86549, -0.07913, 2.39369]",open,
57.15,1786779898.1208,sample,"[2.0618, -1.24987, 1.48003, -2.26709, 4.65641, 0.0]","[-6.86202, -0.08561, 2.3968]",open,
57.25,1786779898.2237,sample,"[2.06179, -1.25462, 1.48449, -2.26709, 4.65641, 0.0]","[-6.86074, -0.088, 2.39791]",open,
57.35,1786779898.3289,sample,"[2.06179, -1.25636, 1.48613, -2.26709, 4.65641, 0.0]","[-6.86027, -0.08888, 2.39832]",open,
57.45,1786779898.436,sample,"[2.0618, -1.25287, 1.48672, -2.26709, 4.65641, 0.0]","[-6.86092, -0.08767, 2.39478]",open,
57.55,1786779898.5428,sample,"[2.0618, -1.23368, 1.48694, -2.26709, 4.65641, 0.0]","[-6.86461, -0.08079, 2.37743]",open,
57.65,1786779898.645,sample,"[2.06181, -1.20983, 1.48704, -2.26709, 4.65641, 0.0]","[-6.86898, -0.0726, 2.35576]",open,
57.75,1786779898.7505,sample,"[2.0618, -1.19879, 1.48708, -2.26709, 4.65641, 0.0]","[-6.87092, -0.06897, 2.34568]",open,
57.85,1786779898.8545,sample,"[2.06179, -1.19473, 1.48707, -2.26709, 4.65641, 0.0]","[-6.87162, -0.06765, 2.34197]",open,
57.95,1786779898.9643,sample,"[2.06179, -1.19324, 1.48707, -2.26709, 4.65641, 0.0]","[-6.87187, -0.06717, 2.34061]",open,
58.05,1786779899.0689,sample,"[2.06179, -1.19269, 1.48707, -2.26709, 4.65641, 0.0]","[-6.87197, -0.06699, 2.34011]",open,
58.15,1786779899.1754,sample,"[2.06179, -1.19249, 1.48707, -2.26709, 4.65641, 0.0]","[-6.872, -0.06693, 2.33992]",open,
58.25,1786779899.2785,sample,"[2.06179, -1.19243, 1.48707, -2.26709, 4.65641, 0.0]","[-6.87201, -0.06691, 2.33986]",open,
58.35,1786779899.3829,sample,"[2.06179, -1.19239, 1.48707, -2.26709, 4.65641, 0.0]","[-6.87202, -0.0669, 2.33983]",open,
58.45,1786779899.4903,sample,"[2.06179, -1.19237, 1.48707, -2.26709, 4.65641, 0.0]","[-6.87202, -0.06689, 2.33981]",open,
58.55,1786779899.5941,sample,"[2.06179, -1.19237, 1.48707, -2.26709, 4.65641, 0.0]","[-6.87202, -0.06689, 2.33981]",open,
58.65,1786779899.697,sample,"[2.06179, -1.19237, 1.48707, -2.26709, 4.65641, 0.0]","[-6.87202, -0.06689, 2.33981]",open,
58.75,1786779899.8008,sample,"[2.06179, -1.19237, 1.48707, -2.26709, 4.65641, 0.0]","[-6.87202, -0.06689, 2.33981]",open,
58.85,1786779899.9058,sample,"[2.06179, -1.19237, 1.48707, -2.26709, 4.65641, 0.0]","[-6.87202, -0.06689, 2.33981]",open,
58.95,1786779900.0146,sample,"[2.06179, -1.19237, 1.48707, -2.26709, 4.65641, 0.0]","[-6.87202, -0.06689, 2.33981]",open,
59.05,1786779900.1283,sample,"[2.0618, -1.20493, 1.48709, -2.26709, 4.65641, 0.0]","[-6.86985, -0.07098, 2.35127]",open,
59.15,1786779900.2331,sample,"[2.06179, -1.21596, 1.48706, -2.26709, 4.65641, 0.0]","[-6.86787, -0.07467, 2.36132]",open,
59.25,1786779900.346,sample,"[2.06179, -1.22002, 1.48706, -2.26709, 4.65641, 0.0]","[-6.86713, -0.07605, 2.365]",open,
59.35,1786779900.457,sample,"[2.0618, -1.21494, 1.47451, -2.26709, 4.65641, 0.0]","[-6.86916, -0.07226, 2.36913]",open,
59.45,1786779900.5636,sample,"[2.0618, -1.19444, 1.45093, -2.26709, 4.65641, 0.0]","[-6.87495, -0.06145, 2.36678]",open,
59.55,1786779900.6731,sample,"[2.06181, -1.16869, 1.42406, -2.26709, 4.65641, 0.0]","[-6.88192, -0.04842, 2.36159]",open,
59.65,1786779900.7765,sample,"[2.0618, -1.15521, 1.40419, -2.26709, 4.65641, 0.0]","[-6.88601, -0.04075, 2.36276]",open,
59.75,1786779900.8854,sample,"[2.0618, -1.15025, 1.39654, -2.26709, 4.65641, 0.0]","[-6.88754, -0.03789, 2.36342]",open,
59.85,1786779900.9972,sample,"[2.0618, -1.14428, 1.38431, -2.26709, 4.65641, 0.0]","[-6.88961, -0.03401, 2.36629]",open,
59.95,1786779901.102,sample,"[2.0618, -1.12418, 1.36086, -2.26709, 4.65641, 0.0]","[-6.89513, -0.02369, 2.36345]",open,
60.05,1786779901.2095,sample,"[2.06181, -1.09782, 1.33327, -2.26709, 4.65641, 0.0]","[-6.90205, -0.01077, 2.35715]",open,
60.15,1786779901.3164,sample,"[2.0618, -1.08171, 1.31074, -2.26709, 4.65641, 0.0]","[-6.90666, -0.00214, 2.35709]",open,
60.25,1786779901.4233,sample,"[2.06179, -1.07579, 1.30211, -2.26709, 4.65641, 0.0]","[-6.90836, 0.00106, 2.35728]",open,
60.35,1786779901.5289,sample,"[2.06179, -1.07361, 1.29893, -2.26709, 4.65641, 0.0]","[-6.90899, 0.00224, 2.35734]",open,
60.45,1786779901.6368,sample,"[2.06179, -1.0728, 1.29777, -2.26709, 4.65641, 0.0]","[-6.90922, 0.00267, 2.35736]",open,
60.55,1786779901.7533,sample,"[2.06179, -1.07251, 1.29733, -2.26709, 4.65641, 0.0]","[-6.9093, 0.00283, 2.35737]",open,
60.65,1786779901.8721,sample,"[2.06179, -1.0724, 1.29718, -2.26709, 4.65641, 0.0]","[-6.90933, 0.00289, 2.35738]",open,
60.75,1786779901.985,sample,"[2.06179, -1.07236, 1.29713, -2.26709, 4.65641, 0.0]","[-6.90934, 0.00291, 2.35737]",open,
60.85,1786779902.0961,sample,"[2.06179, -1.07236, 1.2971, -2.26297, 4.65641, 0.0]","[-6.90929, 0.0028, 2.35679]",open,
60.95,1786779902.2041,sample,"[2.06179, -1.07236, 1.29707, -2.24358, 4.65641, 0.0]","[-6.909, 0.00227, 2.35401]",open,
61.05,1786779902.3121,sample,"[2.06179, -1.07236, 1.29707, -2.21749, 4.65641, 0.0]","[-6.90857, 0.00147, 2.35026]",open,
61.15,1786779902.4322,sample,"[2.06179, -1.07236, 1.29707, -2.19035, 4.65641, 0.0]","[-6.90808, 0.00055, 2.34638]",open,
61.25,1786779902.5412,sample,"[2.06179, -1.07236, 1.29707, -2.16729, 4.65641, 0.0]","[-6.90762, -0.00031, 2.34311]",open,
61.35,1786779902.6539,sample,"[2.06179, -1.07236, 1.29707, -2.15697, 4.65641, 0.0]","[-6.90741, -0.00071, 2.34166]",open,
61.45,1786779902.7609,sample,"[2.06179, -1.07236, 1.29707, -2.13821, 4.65641, 0.0]","[-6.907, -0.00148, 2.33903]",open,
61.55,1786779902.8675,sample,"[2.06179, -1.07236, 1.29708, -2.11235, 4.65642, 0.0]","[-6.90639, -0.00261, 2.33542]",open,
61.65,1786779902.9724,sample,"[2.06179, -1.07236, 1.29708, -2.09644, 4.65642, 0.0]","[-6.906, -0.00335, 2.33322]",open,
61.75,1786779903.0769,sample,"[2.06179, -1.07236, 1.29709, -2.09059, 4.65642, 0.0]","[-6.90585, -0.00363, 2.33241]",open,
61.85,1786779903.1855,sample,"[2.06179, -1.07235, 1.29492, -2.08843, 4.65642, 0.0]","[-6.90598, -0.00339, 2.33362]",open,
61.95,1786779903.2949,sample,"[2.0618, -1.05979, 1.27741, -2.08763, 4.65642, 0.0]","[-6.90955, 0.00329, 2.33323]",open,
62.05,1786779903.4012,sample,"[2.0618, -1.03619, 1.25201, -2.08735, 4.65642, 0.0]","[-6.9156, 0.01459, 2.32724]",open,
62.15,1786779903.5071,sample,"[2.06181, -1.00855, 1.22371, -2.08725, 4.65642, 0.0]","[-6.92246, 0.02741, 2.31886]",open,
62.25,1786779903.6129,sample,"[2.0618, -0.98598, 1.20092, -2.08724, 4.65643, 0.0]","[-6.92795, 0.03768, 2.31152]",open,
62.35,1786779903.7234,sample,"[2.06179, -0.97734, 1.1922, -2.08646, 4.65643, 0.0]","[-6.93, 0.04154, 2.30853]",open,
62.45,1786779903.8298,sample,"[2.06179, -0.97416, 1.18898, -2.07118, 4.65643, 0.0]","[-6.93037, 0.04223, 2.30537]",open,
62.55,1786779903.9343,sample,"[2.06179, -0.97299, 1.1878, -2.0466, 4.65644, 0.0]","[-6.92998, 0.04151, 2.30163]",open,
62.65,1786779904.0411,sample,"[2.06179, -0.97256, 1.18738, -2.02518, 4.65644, 0.0]","[-6.92947, 0.04056, 2.29858]",open,
62.75,1786779904.148,sample,"[2.06179, -0.9724, 1.18722, -2.01696, 4.65644, 0.0]","[-6.92927, 0.04017, 2.29742]",open,
62.85,1786779904.255,sample,"[2.06179, -0.97234, 1.18715, -2.01393, 4.65644, 0.0]","[-6.92919, 0.04003, 2.29701]",open,
62.95,1786779904.367,sample,"[2.06179, -0.97232, 1.18714, -2.01282, 4.65645, 0.0]","[-6.92917, 0.03997, 2.29685]",open,
63.05,1786779904.4748,sample,"[2.06179, -0.97231, 1.18714, -2.01241, 4.65645, 0.0]","[-6.92915, 0.03996, 2.29678]",open,
63.15,1786779904.5848,sample,"[2.06179, -0.97231, 1.18714, -2.01226, 4.65645, 0.0]","[-6.92915, 0.03995, 2.29676]",open,
63.25,1786779904.6943,sample,"[2.06179, -0.97231, 1.18714, -2.01224, 4.65646, 0.0]","[-6.92915, 0.03995, 2.29675]",open,
63.35,1786779904.8012,sample,"[2.06179, -0.97231, 1.18714, -2.01224, 4.65646, 0.0]","[-6.92915, 0.03994, 2.29675]",open,
63.45,1786779904.908,sample,"[2.06104, -0.97231, 1.18714, -2.01223, 4.65646, 0.0]","[-6.92852, 0.04042, 2.29675]",open,
63.55,1786779905.0144,sample,"[2.04585, -0.97231, 1.18715, -2.01222, 4.65647, -0.0]","[-6.91568, 0.04987, 2.29675]",open,
63.65,1786779905.1206,sample,"[2.02129, -0.97231, 1.18715, -2.01221, 4.65647, -0.0]","[-6.89463, 0.06473, 2.29675]",open,
63.75,1786779905.228,sample,"[1.99329, -0.97231, 1.18715, -2.0122, 4.65648, 0.0]","[-6.87018, 0.08104, 2.29675]",open,
63.85,1786779905.3359,sample,"[1.96817, -0.97231, 1.18715, -2.01219, 4.65648, 0.0]","[-6.84787, 0.09508, 2.29675]",open,
63.95,1786779905.4429,sample,"[1.95787, -0.97231, 1.18714, -2.01219, 4.65648, 0.0]","[-6.83862, 0.10068, 2.29675]",open,
64.05,1786779905.5452,sample,"[1.95407, -0.97231, 1.18714, -2.01219, 4.65648, 0.0]","[-6.8352, 0.10271, 2.29675]",open,
64.15,1786779905.6535,sample,"[1.95268, -0.97231, 1.18714, -2.01218, 4.65648, 0.0]","[-6.83394, 0.10346, 2.29675]",open,
64.25,1786779905.759,sample,"[1.95217, -0.97231, 1.18714, -2.01218, 4.65648, 0.0]","[-6.83348, 0.10373, 2.29675]",open,
64.35,1786779905.8649,sample,"[1.95198, -0.97231, 1.18714, -2.01218, 4.65648, 0.0]","[-6.83331, 0.10383, 2.29675]",open,
64.45,1786779905.9694,sample,"[1.95192, -0.97231, 1.18714, -2.01218, 4.65648, 0.0]","[-6.83326, 0.10386, 2.29674]",open,
64.55,1786779906.0738,sample,"[1.9519, -0.97231, 1.18714, -2.01217, 4.65648, 0.0]","[-6.83324, 0.10387, 2.29674]",open,
64.65,1786779906.1791,sample,"[1.95189, -0.97231, 1.18714, -2.01217, 4.65648, 0.0]","[-6.83323, 0.10388, 2.29674]",open,
64.75,1786779906.2885,sample,"[1.95188, -0.97231, 1.18714, -2.00802, 4.65648, 0.0]","[-6.83312, 0.10364, 2.29619]",open,
64.85,1786779906.3999,sample,"[1.95186, -0.97231, 1.18715, -1.98937, 4.65648, 0.0]","[-6.83265, 0.10251, 2.29372]",open,
64.95,1786779906.511,sample,"[1.95185, -0.97231, 1.18715, -1.9785, 4.65648, 0.0]","[-6.83237, 0.10184, 2.29229]",open,
65.05,1786779906.621,sample,"[1.95184, -0.97307, 1.18715, -1.9745, 4.65648, 0.0]","[-6.83217, 0.10137, 2.29255]",open,
65.15,1786779906.737,sample,"[1.95184, -0.98417, 1.18713, -1.96888, 4.65648, 0.0]","[-6.8307, 0.09771, 2.30328]",open,
65.25,1786779906.8465,sample,"[1.95184, -0.98932, 1.18714, -1.94968, 4.65648, 0.0]","[-6.82958, 0.09491, 2.30607]",open,
65.35,1786779906.9594,sample,"[1.95184, -0.99121, 1.18715, -1.93862, 4.65648, 0.0]","[-6.82906, 0.09361, 2.30657]",open,
65.45,1786779907.0688,sample,"[1.95184, -0.99191, 1.18715, -1.93455, 4.65648, 0.0]","[-6.82886, 0.09313, 2.30675]",open,
65.55,1786779907.1797,sample,"[1.95184, -0.99216, 1.18715, -1.93304, 4.65648, 0.0]","[-6.82879, 0.09295, 2.30682]",open,
65.65,1786779907.2891,sample,"[1.95184, -0.99226, 1.18715, -1.93249, 4.65648, 0.0]","[-6.82877, 0.09288, 2.30685]",open,
65.75,1786779907.397,sample,"[1.95184, -0.99229, 1.18715, -1.93229, 4.65648, 0.0]","[-6.82876, 0.09286, 2.30686]",open,
65.85,1786779907.5145,sample,"[1.95184, -0.99756, 1.18714, -1.93222, 4.65648, 0.0]","[-6.82811, 0.09123, 2.31225]",open,
65.95,1786779907.6224,sample,"[1.95184, -1.00057, 1.18714, -1.93221, 4.65648, 0.0]","[-6.82773, 0.09029, 2.31532]",open,
66.05,1786779907.7308,sample,"[1.95184, -1.00606, 1.18714, -1.9322, 4.65649, 0.0]","[-6.82703, 0.08855, 2.32094]",open,
66.15,1786779907.8437,sample,"[1.95184, -1.01002, 1.18714, -1.9322, 4.65649, 0.0]","[-6.82652, 0.08728, 2.32497]",open,
66.25,1786779907.9597,sample,"[1.95184, -1.00207, 1.17456, -1.93219, 4.65649, 0.0]","[-6.82834, 0.09181, 2.32558]",open,
66.35,1786779908.0705,sample,"[1.95184, -0.98018, 1.15098, -1.93219, 4.65649, 0.0]","[-6.83261, 0.10248, 2.31942]",open,
66.45,1786779908.1851,sample,"[1.95184, -0.95392, 1.12411, -1.93218, 4.65649, 0.0]","[-6.83757, 0.11485, 2.31072]",open,
66.55,1786779908.2909,sample,"[1.95183, -0.94024, 1.11023, -1.93218, 4.65649, 0.0]","[-6.8401, 0.12119, 2.30597]",open,
66.65,1786779908.3948,sample,"[1.95184, -0.93521, 1.10512, -1.93217, 4.65649, 0.0]","[-6.84103, 0.12351, 2.30421]",open,
66.75,1786779908.5008,sample,"[1.95184, -0.93336, 1.10324, -1.93217, 4.65649, 0.0]","[-6.84137, 0.12436, 2.30356]",open,
66.85,1786779908.6072,sample,"[1.95184, -0.93268, 1.10254, -1.93217, 4.65649, 0.0]","[-6.8415, 0.12467, 2.30332]",open,
66.95,1786779908.7154,sample,"[1.95184, -0.93243, 1.10229, -1.93216, 4.65649, 0.0]","[-6.84155, 0.12479, 2.30323]",open,
67.05,1786779908.821,sample,"[1.95184, -0.93234, 1.1022, -1.93216, 4.65649, 0.0]","[-6.84156, 0.12483, 2.30319]",open,
67.15,1786779908.9309,sample,"[1.95184, -0.93231, 1.10215, -1.93216, 4.65649, 0.0]","[-6.84157, 0.12484, 2.30319]",open,
67.25,1786779909.0458,sample,"[1.95184, -0.93886, 1.10433, -1.93215, 4.65649, 0.0]","[-6.84064, 0.12251, 2.30861]",open,
67.35,1786779909.1537,sample,"[1.95184, -0.95991, 1.12183, -1.93215, 4.65649, 0.0]","[-6.83696, 0.11331, 2.31858]",open,
67.45,1786779909.2622,sample,"[1.95185, -0.98663, 1.14723, -1.93215, 4.65649, 0.0]","[-6.83201, 0.10096, 2.3287]",open,
67.55,1786779909.3712,sample,"[1.95185, -1.01542, 1.17553, -1.93214, 4.6565, 0.0]","[-6.82652, 0.08726, 2.33855]",open,
67.65,1786779909.4794,sample,"[1.95185, -1.04084, 1.20075, -1.93214, 4.6565, 0.0]","[-6.82158, 0.07492, 2.34672]",open,
67.75,1786779909.5889,sample,"[1.95184, -1.05126, 1.2111, -1.93214, 4.6565, 0.0]","[-6.81953, 0.06981, 2.34996]",open,
67.85,1786779909.7033,sample,"[1.95184, -1.05586, 1.22431, -1.93214, 4.6565, 0.0]","[-6.8181, 0.06625, 2.34536]",open,
67.95,1786779909.8088,sample,"[1.95185, -1.0725, 1.24815, -1.93214, 4.6565, 0.0]","[-6.81435, 0.05687, 2.3453]",open,
68.05,1786779909.9221,sample,"[1.95185, -1.09541, 1.26929, -1.93213, 4.6565, 0.0]","[-6.80985, 0.04564, 2.35309]",open,
68.15,1786779910.0285,sample,"[1.95184, -1.10611, 1.2774, -1.93213, 4.6565, 0.0]","[-6.80784, 0.04063, 2.35786]",open,
68.25,1786779910.1404,sample,"[1.95184, -1.11005, 1.28039, -1.93213, 4.6565, 0.0]","[-6.80709, 0.03877, 2.35959]",open,
68.35,1786779910.2493,sample,"[1.95184, -1.1115, 1.28149, -1.93213, 4.6565, 0.0]","[-6.80682, 0.03809, 2.36022]",open,
68.45,1786779910.3588,sample,"[1.95184, -1.11279, 1.28189, -1.93213, 4.65651, 0.0]","[-6.80661, 0.03757, 2.36119]",open,
68.55,1786779910.4721,sample,"[1.95185, -1.12823, 1.29145, -1.93213, 4.65651, 0.0]","[-6.80381, 0.03055, 2.36939]",open,
68.65,1786779910.581,sample,"[1.95184, -1.14873, 1.30977, -1.93213, 4.65651, 0.0]","[-6.7997, 0.0203, 2.37617]",open,
68.75,1786779910.6909,sample,"[1.95184, -1.15734, 1.31758, -1.93213, 4.65651, 0.0]","[-6.79795, 0.01595, 2.37887]",open,
68.85,1786779910.7983,sample,"[1.95184, -1.16051, 1.32045, -1.93213, 4.65651, 0.0]","[-6.7973, 0.01435, 2.37985]",open,
68.95,1786779910.9067,sample,"[1.95843, -1.16167, 1.32151, -1.93213, 4.65651, 0.0]","[-6.80242, 0.01046, 2.38021]",open,
69.05,1786779911.0145,sample,"[1.97949, -1.1621, 1.32189, -1.93213, 4.6565, 0.0]","[-6.81928, -0.00051, 2.38034]",open,
69.15,1786779911.1249,sample,"[2.00205, -1.16226, 1.32204, -1.93213, 4.6565, 0.0]","[-6.83715, -0.01251, 2.38039]",open,
69.25,1786779911.2299,sample,"[2.01142, -1.16231, 1.32208, -1.93213, 4.6565, -0.0]","[-6.84449, -0.0176, 2.3804]",open,
69.35,1786779911.3367,sample,"[2.01487, -1.16233, 1.32211, -1.93213, 4.6565, -0.0]","[-6.84718, -0.01949, 2.38041]",open,
69.45,1786779911.4439,sample,"[2.01613, -1.16235, 1.32213, -1.93213, 4.6565, 0.0]","[-6.84816, -0.0202, 2.38042]",open,
69.55,1786779911.5549,sample,"[2.01583, -1.16236, 1.32214, -1.93213, 4.6565, -0.0]","[-6.84793, -0.02004, 2.38041]",open,
69.65,1786779911.6613,sample,"[2.00077, -1.16236, 1.32214, -1.93213, 4.6565, -0.0]","[-6.83612, -0.01187, 2.38041]",open,
69.75,1786779911.7721,sample,"[1.97626, -1.16236, 1.32214, -1.93213, 4.6565, 0.0]","[-6.81664, 0.00103, 2.38041]",open,
69.85,1786779911.8806,sample,"[1.94828, -1.16236, 1.32214, -1.93213, 4.65651, 0.0]","[-6.79403, 0.01517, 2.38041]",open,
69.95,1786779911.987,sample,"[1.91903, -1.16236, 1.32214, -1.93213, 4.65651, -0.0]","[-6.76998, 0.02927, 2.38041]",open,
70.05,1786779912.0973,sample,"[1.90186, -1.16236, 1.32214, -1.93213, 4.65651, 0.0]","[-6.75567, 0.03721, 2.38041]",open,
70.15,1786779912.2083,sample,"[1.89337, -1.16236, 1.32214, -1.93213, 4.65651, 0.0]","[-6.74854, 0.04105, 2.38041]",open,
70.25,1786779912.3148,sample,"[1.87354, -1.16236, 1.32214, -1.93213, 4.65651, 0.0]","[-6.73178, 0.04978, 2.38041]",open,
70.35,1786779912.4197,sample,"[1.84728, -1.16236, 1.32214, -1.93213, 4.65652, -0.0]","[-6.70932, 0.06082, 2.38041]",open,
70.45,1786779912.528,sample,"[1.8228, -1.16236, 1.32214, -1.93213, 4.65652, 0.0]","[-6.68813, 0.07059, 2.38041]",open,
70.55,1786779912.6358,sample,"[1.81273, -1.16236, 1.32214, -1.93213, 4.65652, 0.0]","[-6.67934, 0.07445, 2.38041]",open,
70.65,1786779912.7467,sample,"[1.80903, -1.16236, 1.32214, -1.93213, 4.65652, 0.0]","[-6.6761, 0.07585, 2.38041]",open,
70.75,1786779912.8532,sample,"[1.80766, -1.16236, 1.32214, -1.93213, 4.65652, 0.0]","[-6.67491, 0.07636, 2.38041]",open,
70.85,1786779912.9691,sample,"[1.80716, -1.16312, 1.32628, -1.93213, 4.65652, 0.0]","[-6.67424, 0.07561, 2.37825]",open,
70.95,1786779913.0734,sample,"[1.80698, -1.17835, 1.34571, -1.93213, 4.65652, 0.0]","[-6.67191, 0.06667, 2.37896]",open,
71.05,1786779913.1814,sample,"[1.80692, -1.20293, 1.37181, -1.93213, 4.65652, 0.0]","[-6.66854, 0.05287, 2.38347]",open,
71.15,1786779913.2903,sample,"[1.8069, -1.22875, 1.39622, -1.93213, 4.65653, 0.0]","[-6.6651, 0.0387, 2.38995]",open,
71.25,1786779913.3937,sample,"[1.80689, -1.24052, 1.40627, -1.93213, 4.65653, 0.0]","[-6.66357, 0.03237, 2.39352]",open,
71.35,1786779913.5085,sample,"[1.80687, -1.24486, 1.41214, -1.93213, 4.65653, 0.0]","[-6.66292, 0.02968, 2.39331]",open,
71.45,1786779913.613,sample,"[1.80686, -1.24645, 1.43101, -1.93213, 4.65653, 0.0]","[-6.66201, 0.02594, 2.38163]",open,
71.55,1786779913.7186,sample,"[1.80685, -1.24703, 1.44436, -1.93213, 4.65653, 0.0]","[-6.66138, 0.02339, 2.37291]",open,
71.65,1786779913.8224,sample,"[1.80685, -1.24724, 1.44927, -1.93213, 4.65653, 0.0]","[-6.66114, 0.02242, 2.36971]",open,
71.75,1786779913.9374,sample,"[1.80685, -1.25672, 1.45185, -1.93213, 4.65653, 0.0]","[-6.66015, 0.01831, 2.37629]",open,
71.85,1786779914.0488,sample,"[1.80685, -1.27842, 1.4636, -1.93213, 4.65653, 0.0]","[-6.65761, 0.00772, 2.38714]",open,
71.95,1786779914.1538,sample,"[1.80684, -1.29041, 1.46898, -1.93213, 4.65653, 0.0]","[-6.65623, 0.00199, 2.39379]",open,
72.05,1786779914.2648,sample,"[1.80684, -1.29482, 1.47096, -1.93213, 4.65653, 0.0]","[-6.65571, -0.00013, 2.39621]",open,
72.15,1786779914.3702,sample,"[1.80684, -1.29644, 1.4717, -1.93213, 4.65653, 0.0]","[-6.65552, -0.00091, 2.3971]",open,
72.25,1786779914.4781,sample,"[1.80684, -1.29704, 1.47197, -1.93213, 4.65653, 0.0]","[-6.65545, -0.0012, 2.39743]",open,
72.35,1786779914.5821,sample,"[1.80684, -1.29726, 1.47207, -1.93213, 4.65653, 0.0]","[-6.65543, -0.0013, 2.39755]",open,
72.45,1786779914.6883,sample,"[1.80684, -1.29733, 1.47209, -1.93213, 4.65653, 0.0]","[-6.65542, -0.00134, 2.3976]",open,
72.55,1786779914.7994,sample,"[1.80684, -1.29737, 1.4721, -1.92996, 4.65653, 0.0]","[-6.65538, -0.0015, 2.39734]",open,
72.65,1786779914.9083,sample,"[1.80684, -1.29737, 1.47211, -1.91466, 4.65653, 0.0]","[-6.65513, -0.00255, 2.39534]",open,
72.75,1786779915.0148,sample,"[1.80684, -1.29737, 1.47213, -1.90677, 4.65653, 0.0]","[-6.655, -0.0031, 2.39431]",open,
72.85,1786779915.1241,sample,"[1.80684, -1.29737, 1.47214, -1.90386, 4.65653, 0.0]","[-6.65495, -0.00331, 2.39392]",open,
72.95,1786779915.2289,sample,"[1.80684, -1.29737, 1.47214, -1.90279, 4.65653, 0.0]","[-6.65493, -0.00339, 2.39379]",open,
73.05,1786779915.3362,sample,"[1.80684, -1.29737, 1.47214, -1.9024, 4.65653, 0.0]","[-6.65492, -0.00341, 2.39374]",open,
73.15,1786779915.442,sample,"[1.80684, -1.29737, 1.47214, -1.90226, 4.65653, 0.0]","[-6.65492, -0.00342, 2.39372]",open,
73.25,1786779915.5484,sample,"[1.80684, -1.29737, 1.47214, -1.90221, 4.65653, 0.0]","[-6.65492, -0.00343, 2.39371]",open,
73.35,1786779915.6541,sample,"[1.80684, -1.29737, 1.47214, -1.90221, 4.65653, 0.0]","[-6.65492, -0.00343, 2.39371]",open,
73.45,1786779915.7589,sample,"[1.80685, -1.30993, 1.47213, -1.9022, 4.65653, 0.0]","[-6.65369, -0.00859, 2.40445]",open,
73.55,1786779915.868,sample,"[1.80685, -1.33352, 1.47212, -1.90219, 4.65653, 0.0]","[-6.65128, -0.01862, 2.42445]",open,
73.65,1786779915.9782,sample,"[1.80685, -1.35178, 1.47212, -1.90219, 4.65653, 0.0]","[-6.64933, -0.0267, 2.43974]",open,
73.75,1786779916.0857,sample,"[1.80684, -1.35849, 1.47214, -1.90218, 4.65653, 0.0]","[-6.64859, -0.02974, 2.44531]",open,
73.85,1786779916.1922,sample,"[1.80684, -1.35682, 1.47212, -1.90218, 4.65653, 0.0]","[-6.64878, -0.02898, 2.44393]",open,
73.95,1786779916.3051,sample,"[1.80685, -1.3383, 1.4721, -1.90218, 4.65653, 0.0]","[-6.65077, -0.02071, 2.42847]",open,
74.05,1786779916.4078,sample,"[1.80686, -1.31252, 1.47211, -1.90217, 4.65653, 0.0]","[-6.65343, -0.00966, 2.40667]",open,
74.15,1786779916.5103,sample,"[1.80686, -1.28407, 1.47211, -1.90217, 4.65653, 0.0]","[-6.65622, 0.00189, 2.38228]",open,
74.25,1786779916.6155,sample,"[1.80686, -1.25464, 1.47211, -1.90217, 4.65653, 0.0]","[-6.65892, 0.01312, 2.35671]",open,
74.35,1786779916.7313,sample,"[1.80686, -1.22485, 1.47211, -1.90217, 4.65653, -0.0]","[-6.66148, 0.02375, 2.33049]",open,
74.45,1786779916.8392,sample,"[1.80686, -1.20149, 1.47213, -1.90216, 4.65653, -0.0]","[-6.66335, 0.03154, 2.30971]",open,
74.55,1786779916.949,sample,"[1.80685, -1.19256, 1.47214, -1.90216, 4.65653, -0.0]","[-6.66402, 0.03439, 2.30171]",open,
74.65,1786779917.0604,sample,"[1.80684, -1.18272, 1.47212, -1.90216, 4.65654, -0.0]","[-6.66476, 0.03747, 2.29288]",open,
74.75,1786779917.1681,sample,"[1.80684, -1.16046, 1.47211, -1.90216, 4.65654, -0.0]","[-6.66635, 0.04409, 2.2728]",open,
74.85,1786779917.2809,sample,"[1.80684, -1.13407, 1.47211, -1.90216, 4.65654, -0.0]","[-6.6681, 0.05138, 2.24877]",open,
74.95,1786779917.3898,sample,"[1.80683, -1.12035, 1.47213, -1.90215, 4.65654, -0.0]","[-6.66895, 0.05492, 2.2362]",open,
75.05,1786779917.4978,sample,"[1.80684, -1.11531, 1.47213, -1.90215, 4.65654, -0.0]","[-6.66925, 0.05618, 2.23156]",open,
75.15,1786779917.6021,sample,"[1.80684, -1.11346, 1.47214, -1.90215, 4.65654, -0.0]","[-6.66936, 0.05663, 2.22986]",open,
75.25,1786779917.7134,sample,"[1.80684, -1.11278, 1.47214, -1.90215, 4.65655, -0.0]","[-6.6694, 0.0568, 2.22924]",open,
75.35,1786779917.8208,sample,"[1.80684, -1.11253, 1.47214, -1.90214, 4.65655, -0.0]","[-6.66942, 0.05686, 2.229]",open,
75.45,1786779917.9338,sample,"[1.80684, -1.11244, 1.47214, -1.90214, 4.65655, -0.0]","[-6.66942, 0.05688, 2.22892]",open,
75.55,1786779918.0438,sample,"[1.80684, -1.1124, 1.47214, -1.90214, 4.65656, -0.0]","[-6.66943, 0.05689, 2.22889]",open,
75.65,1786779918.1513,sample,"[1.80684, -1.11237, 1.47214, -1.90214, 4.65656, -0.0]","[-6.66943, 0.0569, 2.22886]",open,
75.75,1786779918.2583,sample,"[1.80684, -1.11237, 1.47214, -1.90214, 4.65656, -0.0]","[-6.66943, 0.0569, 2.22886]",open,
75.85,1786779918.3634,sample,"[1.80684, -1.11237, 1.47214, -1.90213, 4.65656, -0.0]","[-6.66943, 0.0569, 2.22886]",open,
75.95,1786779918.4674,sample,"[1.80684, -1.11237, 1.47214, -1.90213, 4.65657, -0.0]","[-6.66943, 0.0569, 2.22886]",open,
76.05,1786779918.5794,sample,"[1.80684, -1.11237, 1.47214, -1.90213, 4.65657, -0.0]","[-6.66943, 0.0569, 2.22886]",open,
76.15,1786779918.687,sample,"[1.80684, -1.11237, 1.47214, -1.90213, 4.65657, -0.0]","[-6.66943, 0.0569, 2.22886]",open,
76.25,1786779918.7978,sample,"[1.80761, -1.11237, 1.47214, -1.90213, 4.65657, -0.0]","[-6.67009, 0.05661, 2.22886]",open,
76.35,1786779918.9012,sample,"[1.82286, -1.11237, 1.47214, -1.90213, 4.65657, 0.0]","[-6.68311, 0.05087, 2.22886]",open,
76.45,1786779919.0144,sample,"[1.84086, -1.11237, 1.47214, -1.90213, 4.65657, -0.0]","[-6.69837, 0.04383, 2.22886]",open,
76.55,1786779919.1205,sample,"[1.84782, -1.11237, 1.47214, -1.90213, 4.65657, -0.0]","[-6.70423, 0.04104, 2.22886]",open,
76.65,1786779919.2262,sample,"[1.85038, -1.11237, 1.47214, -1.90213, 4.65657, -0.0]","[-6.70638, 0.04, 2.22886]",open,
76.75,1786779919.3323,sample,"[1.85132, -1.11237, 1.47214, -1.90213, 4.65657, -0.0]","[-6.70717, 0.03962, 2.22886]",open,
76.85,1786779919.4429,sample,"[1.8509, -1.11237, 1.47214, -1.90213, 4.65657, -0.0]","[-6.70682, 0.03979, 2.22886]",open,
76.95,1786779919.5474,sample,"[1.83579, -1.11237, 1.47214, -1.90213, 4.65658, -0.0]","[-6.69409, 0.04584, 2.22886]",open,
77.05,1786779919.6539,sample,"[1.81127, -1.11237, 1.47214, -1.90213, 4.65658, -0.0]","[-6.67323, 0.05525, 2.22886]",open,
77.15,1786779919.7624,sample,"[1.78546, -1.11237, 1.47214, -1.90213, 4.65659, -0.0]","[-6.65103, 0.0646, 2.22886]",open,
77.25,1786779919.8676,sample,"[1.77371, -1.11237, 1.47214, -1.90213, 4.65659, 0.0]","[-6.64085, 0.06866, 2.22886]",open,
77.35,1786779919.9779,sample,"[1.76862, -1.11237, 1.47214, -1.90213, 4.65659, -0.0]","[-6.63642, 0.07038, 2.22886]",open,
77.45,1786779920.0844,sample,"[1.75179, -1.11237, 1.47214, -1.90213, 4.65659, -0.0]","[-6.62173, 0.07592, 2.22886]",open,
77.55,1786779920.1934,sample,"[1.73321, -1.11237, 1.47214, -1.90213, 4.6566, -0.0]","[-6.6054, 0.08175, 2.22886]",open,
77.65,1786779920.3014,sample,"[1.72604, -1.11237, 1.47214, -1.90213, 4.6566, 0.0]","[-6.59907, 0.08392, 2.22886]",open,
77.75,1786779920.4108,sample,"[1.72122, -1.11237, 1.47214, -1.90213, 4.6566, -0.0]","[-6.59481, 0.08535, 2.22886]",open,
77.85,1786779920.5213,sample,"[1.70493, -1.11237, 1.47214, -1.90213, 4.6566, -0.0]","[-6.58034, 0.09003, 2.22886]",open,
77.95,1786779920.6336,sample,"[1.69667, -1.11237, 1.47214, -1.90213, 4.6566, -0.0]","[-6.57299, 0.09232, 2.22886]",open,
78.05,1786779920.7433,sample,"[1.69364, -1.11237, 1.47214, -1.90213, 4.6566, -0.0]","[-6.57028, 0.09314, 2.22886]",open,
78.15,1786779920.8509,sample,"[1.69252, -1.11237, 1.47214, -1.90213, 4.6566, -0.0]","[-6.56928, 0.09344, 2.22886]",open,
78.25,1786779920.9595,sample,"[1.69211, -1.11237, 1.47214, -1.90213, 4.6566, -0.0]","[-6.56891, 0.09355, 2.22886]",open,
78.35,1786779921.0661,sample,"[1.69196, -1.11237, 1.47214, -1.90213, 4.6566, -0.0]","[-6.56877, 0.09359, 2.22886]",open,
78.45,1786779921.1904,sample,"[1.69191, -1.11652, 1.47628, -1.90213, 4.6566, -0.0]","[-6.56845, 0.09135, 2.22998]",open,
78.55,1786779921.3014,sample,"[1.69188, -1.13594, 1.49494, -1.90213, 4.6566, -0.0]","[-6.56716, 0.08093, 2.23559]",open,
78.65,1786779921.4063,sample,"[1.69187, -1.15266, 1.50579, -1.90213, 4.6566, -0.0]","[-6.56623, 0.0734, 2.24363]",open,
78.75,1786779921.5137,sample,"[1.69186, -1.15881, 1.50979, -1.90213, 4.6566, -0.0]","[-6.56588, 0.07061, 2.24655]",open,
78.85,1786779921.6231,sample,"[1.69185, -1.16107, 1.51126, -1.90213, 4.6566, -0.0]","[-6.56575, 0.06958, 2.24762]",open,
78.95,1786779921.7334,sample,"[1.69185, -1.16848, 1.52437, -1.90213, 4.6566, -0.0]","[-6.56505, 0.06379, 2.2457]",open,
79.05,1786779921.8408,sample,"[1.69185, -1.18983, 1.54815, -1.90213, 4.6566, -0.0]","[-6.5635, 0.05108, 2.24911]",open,
79.15,1786779921.957,sample,"[1.69185, -1.21251, 1.57171, -1.90213, 4.6566, -0.0]","[-6.56191, 0.03798, 2.25355]",open,
79.25,1786779922.0695,sample,"[1.69184, -1.22192, 1.58144, -1.90213, 4.6566, -0.0]","[-6.56124, 0.03252, 2.25534]",open,
79.35,1786779922.1804,sample,"[1.69184, -1.22538, 1.58503, -1.90213, 4.6566, -0.0]","[-6.56099, 0.03051, 2.25598]",open,
79.45,1786779922.2859,sample,"[1.69184, -1.22666, 1.58635, -1.90213, 4.6566, -0.0]","[-6.5609, 0.02977, 2.25622]",open,
79.55,1786779922.3982,sample,"[1.69184, -1.22713, 1.58683, -1.90213, 4.6566, -0.0]","[-6.56087, 0.0295, 2.2563]",open,
79.65,1786779922.5101,sample,"[1.69184, -1.22807, 1.58778, -1.90213, 4.6566, -0.0]","[-6.56081, 0.02895, 2.25649]",open,
79.75,1786779922.6159,sample,"[1.69185, -1.24337, 1.60309, -1.90213, 4.6566, -0.0]","[-6.55974, 0.02017, 2.25957]",open,
79.85,1786779922.7244,sample,"[1.69185, -1.26382, 1.62353, -1.90213, 4.6566, -0.0]","[-6.5583, 0.00837, 2.26348]",open,
79.95,1786779922.8353,sample,"[1.69184, -1.27241, 1.63211, -1.90213, 4.6566, -0.0]","[-6.55769, 0.00339, 2.26505]",open,
80.05,1786779922.9431,sample,"[1.69184, -1.27557, 1.63527, -1.90213, 4.6566, -0.0]","[-6.55747, 0.00156, 2.26561]",open,
80.15,1786779923.0545,sample,"[1.68246, -1.27673, 1.63644, -1.90213, 4.65661, -0.0]","[-6.54986, 0.00326, 2.26582]",open,
80.25,1786779923.1638,sample,"[1.66081, -1.27716, 1.63687, -1.90213, 4.65661, -0.0]","[-6.53239, 0.00823, 2.26589]",open,
80.35,1786779923.2814,sample,"[1.64884, -1.27731, 1.63702, -1.90213, 4.65661, -0.0]","[-6.5227, 0.01087, 2.26592]",open,
80.45,1786779923.3868,sample,"[1.64443, -1.27737, 1.63707, -1.90213, 4.65661, -0.0]","[-6.51912, 0.01181, 2.26594]",open,
80.55,1786779923.5022,sample,"[1.64358, -1.27738, 1.63708, -1.90213, 4.65661, -0.0]","[-6.51842, 0.01199, 2.26593]",open,
80.65,1786779923.6146,sample,"[1.65822, -1.27738, 1.63709, -1.90213, 4.65661, 0.0]","[-6.53029, 0.0087, 2.26593]",open,
80.75,1786779923.7275,sample,"[1.67317, -1.27738, 1.6371, -1.90213, 4.65661, -0.0]","[-6.54235, 0.00516, 2.26592]",open,
80.85,1786779923.8384,sample,"[1.67867, -1.27738, 1.63711, -1.90213, 4.65661, -0.0]","[-6.54678, 0.00382, 2.26592]",open,
80.95,1786779923.9496,sample,"[1.68069, -1.27739, 1.63712, -1.90213, 4.65661, -0.0]","[-6.5484, 0.00331, 2.26592]",open,
81.05,1786779924.0554,sample,"[1.68144, -1.26485, 1.63709, -1.90213, 4.6566, -0.0]","[-6.5494, 0.00667, 2.25556]",open,
81.15,1786779924.1634,sample,"[1.68171, -1.24784, 1.6371, -1.90213, 4.6566, -0.0]","[-6.55012, 0.01119, 2.2414]",open,
81.25,1786779924.2768,sample,"[1.68181, -1.24124, 1.63711, -1.90213, 4.6566, -0.0]","[-6.55039, 0.01288, 2.2359]",open,
81.35,1786779924.3877,sample,"[1.68183, -1.22626, 1.63709, -1.90213, 4.6566, -0.0]","[-6.55084, 0.01664, 2.22336]",open,
81.45,1786779924.4956,sample,"[1.68183, -1.20836, 1.6371, -1.90213, 4.6566, -0.0]","[-6.55131, 0.0209, 2.20828]",open,
81.55,1786779924.6064,sample,"[1.68184, -1.20067, 1.6371, -1.90213, 4.6566, -0.0]","[-6.55151, 0.02264, 2.2018]",open,
81.65,1786779924.7159,sample,"[1.68183, -1.18365, 1.63709, -1.90213, 4.6566, -0.0]","[-6.55192, 0.02632, 2.18738]",open,
81.75,1786779924.8208,sample,"[1.68184, -1.17338, 1.6371, -1.90213, 4.6566, -0.0]","[-6.55215, 0.02843, 2.17864]",open,
81.85,1786779924.9261,sample,"[1.68184, -1.16961, 1.6371, -1.90213, 4.6566, -0.0]","[-6.55224, 0.02918, 2.17543]",open,
81.95,1786779925.032,sample,"[1.68184, -1.16822, 1.6371, -1.90213, 4.6566, -0.0]","[-6.55227, 0.02945, 2.17424]",open,
82.05,1786779925.1449,sample,"[1.68184, -1.16771, 1.6371, -1.90213, 4.6566, -0.0]","[-6.55228, 0.02955, 2.17381]",open,
82.15,1786779925.2544,sample,"[1.68184, -1.16752, 1.6371, -1.90213, 4.6566, -0.0]","[-6.55228, 0.02958, 2.17365]",open,
82.25,1786779925.3633,sample,"[1.68184, -1.16745, 1.6371, -1.90213, 4.6566, -0.0]","[-6.55229, 0.0296, 2.17359]",open,
82.35,1786779925.4721,sample,"[1.68184, -1.16744, 1.6371, -1.90213, 4.6566, -0.0]","[-6.55229, 0.0296, 2.17358]",open,
82.45,1786779925.5811,sample,"[1.68184, -1.16744, 1.63711, -1.90213, 4.6566, -0.0]","[-6.55229, 0.0296, 2.17358]",open,
82.55,1786779925.6971,sample,"[1.67967, -1.16744, 1.63711, -1.90213, 4.6566, -0.0]","[-6.55048, 0.03015, 2.17357]",open,
82.65,1786779925.8084,sample,"[1.66218, -1.16743, 1.63711, -1.90213, 4.6566, -0.0]","[-6.53593, 0.0344, 2.17357]",open,
82.75,1786779925.9238,sample,"[1.64934, -1.16743, 1.63711, -1.90213, 4.6566, -0.0]","[-6.5252, 0.03736, 2.17357]",open,
82.85,1786779926.0382,sample,"[1.64462, -1.16743, 1.63711, -1.90213, 4.6566, -0.0]","[-6.52124, 0.03842, 2.17356]",open,
82.95,1786779926.1541,sample,"[1.64288, -1.16742, 1.63711, -1.90213, 4.6566, -0.0]","[-6.51978, 0.0388, 2.17356]",open,
83.05,1786779926.2712,sample,"[1.64224, -1.17399, 1.63713, -1.90213, 4.6566, -0.0]","[-6.51915, 0.03763, 2.17914]",open,
83.15,1786779926.3924,sample,"[1.64201, -1.19285, 1.63712, -1.90213, 4.6566, -0.0]","[-6.51867, 0.03372, 2.19517]",open,
83.25,1786779926.5073,sample,"[1.64193, -1.20206, 1.63712, -1.90213, 4.6566, -0.0]","[-6.51846, 0.0317, 2.20296]",open,
83.35,1786779926.6148,sample,"[1.64191, -1.20544, 1.63712, -1.90213, 4.6566, -0.0]","[-6.51839, 0.03094, 2.20582]",open,
83.45,1786779926.7273,sample,"[1.64188, -1.21326, 1.63713, -1.90213, 4.6566, -0.0]","[-6.51824, 0.02913, 2.2124]",open,
83.55,1786779926.8431,sample,"[1.64187, -1.22819, 1.63712, -1.90213, 4.6566, -0.0]","[-6.51797, 0.02553, 2.22496]",open,
83.65,1786779926.9535,sample,"[1.64404, -1.23402, 1.63712, -1.90213, 4.6566, -0.0]","[-6.51966, 0.0236, 2.22985]",open,
83.75,1786779927.0629,sample,"[1.66155, -1.23617, 1.63712, -1.90213, 4.6566, -0.0]","[-6.534, 0.01908, 2.23164]",open,
83.85,1786779927.1763,sample,"[1.67516, -1.23695, 1.63712, -1.90213, 4.6566, -0.0]","[-6.5451, 0.01562, 2.2323]",open,
83.95,1786779927.2822,sample,"[1.69512, -1.23724, 1.63712, -1.90213, 4.6566, -0.0]","[-6.56132, 0.01049, 2.23254]",open,
84.05,1786779927.3912,sample,"[1.71925, -1.23735, 1.63712, -1.90213, 4.6566, -0.0]","[-6.5808, 0.00393, 2.23263]",open,
84.15,1786779927.5056,sample,"[1.73039, -1.23738, 1.63713, -1.90213, 4.6566, -0.0]","[-6.58973, 0.00074, 2.23265]",open,
84.25,1786779927.6164,sample,"[1.73372, -1.23738, 1.63713, -1.90213, 4.6566, -0.0]","[-6.5924, -0.00023, 2.23265]",open,
84.35,1786779927.7208,sample,"[1.71999, -1.23738, 1.63713, -1.90213, 4.6566, -0.0]","[-6.58139, 0.00371, 2.23265]",open,
84.45,1786779927.8273,sample,"[1.69597, -1.23738, 1.63713, -1.90213, 4.65661, -0.0]","[-6.56201, 0.01023, 2.23265]",open,
84.55,1786779927.9339,sample,"[1.66818, -1.23738, 1.63714, -1.90213, 4.65661, -0.0]","[-6.53939, 0.0172, 2.23265]",open,
84.65,1786779928.0484,sample,"[1.63899, -1.23738, 1.63714, -1.90213, 4.65662, -0.0]","[-6.51544, 0.02384, 2.23265]",open,
84.75,1786779928.1579,sample,"[1.60928, -1.23739, 1.63714, -1.90213, 4.65662, -0.0]","[-6.49087, 0.02987, 2.23265]",open,
84.85,1786779928.2653,sample,"[1.58597, -1.23739, 1.63714, -1.90213, 4.65663, 0.0]","[-6.47148, 0.0341, 2.23265]",open,
84.95,1786779928.3728,sample,"[1.57706, -1.23739, 1.63714, -1.90213, 4.65663, 0.0]","[-6.46404, 0.03559, 2.23265]",open,
85.05,1786779928.4849,sample,"[1.56438, -1.23739, 1.63714, -1.90213, 4.65663, -0.0]","[-6.45343, 0.0376, 2.23265]",open,
85.15,1786779928.5874,sample,"[1.54075, -1.23739, 1.63714, -1.90213, 4.65664, -0.0]","[-6.4336, 0.04099, 2.23266]",open,
85.25,1786779928.6937,sample,"[1.51967, -1.23739, 1.63714, -1.90213, 4.65664, -0.0]","[-6.41584, 0.04362, 2.23266]",open,
85.35,1786779928.7993,sample,"[1.51158, -1.23739, 1.63714, -1.90213, 4.65664, -0.0]","[-6.40901, 0.04453, 2.23266]",open,
85.45,1786779928.9037,sample,"[1.5086, -1.23739, 1.63714, -1.90213, 4.65664, -0.0]","[-6.4065, 0.04485, 2.23266]",open,
85.55,1786779929.0107,sample,"[1.50751, -1.23739, 1.63714, -1.90213, 4.65664, -0.0]","[-6.40557, 0.04497, 2.23266]",open,
85.65,1786779929.1175,sample,"[1.5071, -1.23739, 1.63714, -1.90213, 4.65664, -0.0]","[-6.40523, 0.04501, 2.23266]",open,
85.75,1786779929.2274,sample,"[1.50281, -1.23739, 1.63714, -1.90213, 4.65664, -0.0]","[-6.4016, 0.04545, 2.23266]",open,
85.85,1786779929.3308,sample,"[1.48333, -1.23739, 1.63714, -1.90213, 4.65665, -0.0]","[-6.38512, 0.04727, 2.23266]",open,
85.95,1786779929.4353,sample,"[1.46976, -1.23739, 1.63714, -1.90213, 4.65665, -0.0]","[-6.37362, 0.04835, 2.23266]",open,
86.05,1786779929.5436,sample,"[1.46477, -1.23739, 1.63714, -1.90213, 4.65665, -0.0]","[-6.36938, 0.04871, 2.23266]",open,
86.15,1786779929.648,sample,"[1.46294, -1.23739, 1.63714, -1.90213, 4.65665, -0.0]","[-6.36782, 0.04883, 2.23266]",open,
86.25,1786779929.7585,sample,"[1.4615, -1.23739, 1.63714, -1.90213, 4.65665, -0.0]","[-6.3666, 0.04893, 2.23266]",open,
86.35,1786779929.8646,sample,"[1.44678, -1.23739, 1.63714, -1.90213, 4.65665, -0.0]","[-6.3541, 0.04982, 2.23266]",open,
86.45,1786779929.9683,sample,"[1.43735, -1.23739, 1.63714, -1.90213, 4.65665, -0.0]","[-6.34609, 0.05029, 2.23266]",open,
86.55,1786779930.0797,sample,"[1.43171, -1.23739, 1.63714, -1.90213, 4.65666, -0.0]","[-6.34128, 0.05054, 2.23266]",open,
86.65,1786779930.1851,sample,"[1.41369, -1.23739, 1.63714, -1.90213, 4.65666, -0.0]","[-6.32596, 0.05114, 2.23266]",open,
86.75,1786779930.2898,sample,"[1.40306, -1.23739, 1.63714, -1.90213, 4.65666, -0.0]","[-6.3169, 0.05137, 2.23266]",open,
86.85,1786779930.3932,sample,"[1.39915, -1.23739, 1.63714, -1.90213, 4.65666, -0.0]","[-6.31357, 0.05143, 2.23266]",open,
86.95,1786779930.4994,sample,"[1.39771, -1.23739, 1.63714, -1.90213, 4.65666, -0.0]","[-6.31235, 0.05145, 2.23266]",open,
87.05,1786779930.6124,sample,"[1.39718, -1.23739, 1.63714, -1.90213, 4.65666, -0.0]","[-6.3119, 0.05145, 2.23266]",open,
87.15,1786779930.7193,sample,"[1.39699, -1.23739, 1.63714, -1.90213, 4.65666, -0.0]","[-6.31174, 0.05146, 2.23266]",open,
87.25,1786779930.8273,sample,"[1.39692, -1.23739, 1.63714, -1.90213, 4.65666, -0.0]","[-6.31168, 0.05146, 2.23266]",open,
87.35,1786779930.9351,sample,"[1.3969, -1.23739, 1.63714, -1.90213, 4.65666, -0.0]","[-6.31166, 0.05146, 2.23266]",open,
87.45,1786779931.0389,sample,"[1.39689, -1.23739, 1.63714, -1.90213, 4.65666, -0.0]","[-6.31165, 0.05146, 2.23266]",open,
87.55,1786779931.141,sample,"[1.39687, -1.23739, 1.63714, -1.90213, 4.65666, -0.0]","[-6.31164, 0.05146, 2.23266]",open,
87.65,1786779931.2482,sample,"[1.39686, -1.23739, 1.63714, -1.90213, 4.65666, -0.0]","[-6.31163, 0.05146, 2.23266]",open,
87.75,1786779931.3544,sample,"[1.39685, -1.23739, 1.63714, -1.90213, 4.65666, -0.0]","[-6.31162, 0.05146, 2.23266]",open,
87.85,1786779931.4703,sample,"[1.39684, -1.2374, 1.6379, -1.90213, 4.65666, -0.0]","[-6.31165, 0.05122, 2.23218]",open,
87.95,1786779931.5783,sample,"[1.39685, -1.24997, 1.65313, -1.90213, 4.65666, -0.0]","[-6.31307, 0.04319, 2.23296]",open,
88.05,1786779931.6882,sample,"[1.39685, -1.27279, 1.67692, -1.90213, 4.65666, -0.0]","[-6.31543, 0.02978, 2.2366]",open,
88.15,1786779931.7996,sample,"[1.39684, -1.2852, 1.68968, -1.90213, 4.65666, -0.0]","[-6.3167, 0.02251, 2.23856]",open,
88.25,1786779931.908,sample,"[1.39684, -1.28976, 1.69438, -1.90213, 4.65666, -0.0]","[-6.31717, 0.01982, 2.23925]",open,
88.35,1786779932.0355,sample,"[1.39685, -1.29221, 1.70025, -1.90213, 4.65666, -0.0]","[-6.31762, 0.0173, 2.2375]",open,
88.45,1786779932.1621,sample,"[1.39685, -1.30807, 1.72031, -1.90213, 4.65666, -0.0]","[-6.31948, 0.00673, 2.23743]",open,
88.55,1786779932.2765,sample,"[1.39684, -1.32629, 1.73409, -1.90213, 4.65666, -0.0]","[-6.32109, -0.00246, 2.24304]",open,
88.65,1786779932.3829,sample,"[1.39684, -1.33333, 1.73916, -1.90213, 4.65666, -0.0]","[-6.3217, -0.00595, 2.24532]",open,
88.75,1786779932.4898,sample,"[1.39684, -1.33592, 1.74102, -1.90213, 4.65666, -0.0]","[-6.32192, -0.00723, 2.24615]",open,
88.85,1786779932.5952,sample,"[1.39684, -1.33687, 1.74171, -1.90213, 4.65666, -0.0]","[-6.32201, -0.00771, 2.24645]",open,
88.95,1786779932.704,sample,"[1.39684, -1.33722, 1.74196, -1.90213, 4.65666, -0.0]","[-6.32204, -0.00788, 2.24656]",open,
89.05,1786779932.8168,sample,"[1.39684, -1.33659, 1.74205, -1.90213, 4.65666, -0.0]","[-6.32201, -0.00774, 2.24602]",open,
89.15,1786779932.9212,sample,"[1.39684, -1.32216, 1.74209, -1.90213, 4.65666, -0.0]","[-6.32136, -0.00401, 2.23477]",open,
89.25,1786779933.0277,sample,"[1.39684, -1.31285, 1.7421, -1.90213, 4.65666, -0.0]","[-6.32095, -0.00168, 2.22748]",open,
89.35,1786779933.1285,sample,"[1.39684, -1.30942, 1.7421, -1.90213, 4.65666, -0.0]","[-6.3208, -0.00084, 2.2248]",open,
89.45,1786779933.2372,sample,"[1.39684, -1.30816, 1.7421, -1.90213, 4.65666, -0.0]","[-6.32075, -0.00053, 2.22381]",open,
89.55,1786779933.3462,sample,"[1.39684, -1.30356, 1.74208, -1.90213, 4.65666, -0.0]","[-6.32055, 0.00059, 2.22021]",open,
89.65,1786779933.4506,sample,"[1.39684, -1.28396, 1.74209, -1.90213, 4.65665, -0.0]","[-6.31975, 0.00513, 2.20477]",open,
89.75,1786779933.5569,sample,"[1.39683, -1.25997, 1.7421, -1.90213, 4.65665, -0.0]","[-6.31884, 0.01029, 2.18576]",open,
89.85,1786779933.6639,sample,"[1.39684, -1.24888, 1.7421, -1.90213, 4.65665, -0.0]","[-6.31845, 0.01252, 2.17693]",open,
89.95,1786779933.7714,sample,"[1.39684, -1.2448, 1.7421, -1.90213, 4.65665, -0.0]","[-6.31831, 0.01332, 2.17368]",open,
90.05,1786779933.8814,sample,"[1.39684, -1.2433, 1.74209, -1.90213, 4.65665, -0.0]","[-6.31826, 0.01361, 2.17249]",open,
90.15,1786779933.9884,sample,"[1.39684, -1.24274, 1.74209, -1.90213, 4.65665, -0.0]","[-6.31824, 0.01372, 2.17205]",open,
90.25,1786779934.094,sample,"[1.39684, -1.24254, 1.74209, -1.90213, 4.65665, -0.0]","[-6.31823, 0.01376, 2.17189]",open,
90.35,1786779934.2004,sample,"[1.39684, -1.24247, 1.74208, -1.90213, 4.65665, -0.0]","[-6.31823, 0.01378, 2.17183]",open,
90.45,1786779934.3042,sample,"[1.39684, -1.24245, 1.74208, -1.90213, 4.65665, -0.0]","[-6.31823, 0.01378, 2.17182]",open,
90.55,1786779934.409,sample,"[1.39684, -1.24245, 1.74208, -1.90213, 4.65665, -0.0]","[-6.31823, 0.01378, 2.17182]",open,
90.65,1786779934.5123,sample,"[1.39684, -1.24245, 1.74208, -1.90213, 4.65665, -0.0]","[-6.31823, 0.01378, 2.17182]",open,
90.75,1786779934.6214,sample,"[1.39684, -1.24245, 1.74208, -1.9063, 4.65665, -0.0]","[-6.31815, 0.01423, 2.17223]",open,
90.85,1786779934.7319,sample,"[1.39684, -1.24245, 1.74208, -1.91633, 4.65665, -0.0]","[-6.31796, 0.01531, 2.17323]",open,
90.95,1786779934.8459,sample,"[1.39684, -1.24245, 1.74208, -1.92002, 4.65665, -0.0]","[-6.31789, 0.01571, 2.1736]",open,
91.05,1786779934.9568,sample,"[1.39684, -1.24245, 1.74208, -1.92138, 4.65665, -0.0]","[-6.31787, 0.01585, 2.17374]",open,
91.15,1786779935.0621,sample,"[1.39684, -1.24245, 1.74208, -1.92188, 4.65665, -0.0]","[-6.31786, 0.01591, 2.17379]",open,
91.25,1786779935.1711,sample,"[1.39684, -1.24245, 1.74208, -1.92425, 4.65665, -0.0]","[-6.31781, 0.01616, 2.17403]",open,
91.35,1786779935.277,sample,"[1.39684, -1.24245, 1.74208, -1.93524, 4.65665, -0.0]","[-6.31761, 0.01732, 2.17515]",open,
91.45,1786779935.3821,sample,"[1.39684, -1.24245, 1.74208, -1.93962, 4.65665, -0.0]","[-6.31753, 0.01778, 2.17559]",open,
91.55,1786779935.4881,sample,"[1.39684, -1.24245, 1.74208, -1.94123, 4.65665, -0.0]","[-6.3175, 0.01795, 2.17576]",open,
91.65,1786779935.5935,sample,"[1.39684, -1.24245, 1.74208, -1.94183, 4.65665, -0.0]","[-6.31749, 0.01801, 2.17582]",open,
91.75,1786779935.703,sample,"[1.39684, -1.24245, 1.74208, -1.94863, 4.65665, -0.0]","[-6.31736, 0.01872, 2.17652]",open,
91.85,1786779935.8112,sample,"[1.39684, -1.24245, 1.74208, -1.95719, 4.65665, -0.0]","[-6.31721, 0.0196, 2.17741]",open,
91.95,1786779935.9188,sample,"[1.39684, -1.24245, 1.74208, -1.96034, 4.65665, -0.0]","[-6.31715, 0.01993, 2.17775]",open,
92.05,1786779936.0247,sample,"[1.39684, -1.24245, 1.74208, -1.9615, 4.65665, -0.0]","[-6.31713, 0.02005, 2.17787]",open,
92.15,1786779936.1266,sample,"[1.39684, -1.24245, 1.74208, -1.96193, 4.65665, -0.0]","[-6.31712, 0.02009, 2.17791]",open,
92.25,1786779936.2361,sample,"[1.39684, -1.24245, 1.74208, -1.96208, 4.65665, -0.0]","[-6.31712, 0.02011, 2.17793]",open,
92.35,1786779936.3388,sample,"[1.39684, -1.24245, 1.74208, -1.96214, 4.65665, -0.0]","[-6.31712, 0.02011, 2.17794]",open,
92.45,1786779936.446,sample,"[1.39684, -1.24245, 1.74208, -1.96213, 4.65665, -0.0]","[-6.31712, 0.02011, 2.17794]",open,
92.55,1786779936.553,sample,"[1.39684, -1.24245, 1.74208, -1.96213, 4.65665, -0.0]","[-6.31712, 0.02011, 2.17793]",open,
92.65,1786779936.6611,sample,"[1.39684, -1.24245, 1.74208, -1.96213, 4.65665, -0.0]","[-6.31712, 0.02011, 2.17793]",open,
92.75,1786779936.7751,sample,"[1.39685, -1.25184, 1.7515, -1.96213, 4.65665, -0.0]","[-6.31807, 0.01473, 2.17974]",open,
92.85,1786779936.8859,sample,"[1.39685, -1.27349, 1.77316, -1.96213, 4.65666, -0.0]","[-6.32026, 0.0023, 2.18376]",open,
92.95,1786779936.9888,sample,"[1.39684, -1.28546, 1.78513, -1.96213, 4.65666, -0.0]","[-6.32147, -0.00462, 2.18586]",open,
93.05,1786779937.097,sample,"[1.39684, -1.28987, 1.78954, -1.96213, 4.65666, -0.0]","[-6.32191, -0.00717, 2.18661]",open,
93.15,1786779937.2022,sample,"[1.39684, -1.29149, 1.79116, -1.96213, 4.65666, -0.0]","[-6.32208, -0.00811, 2.18689]",open,
93.25,1786779937.3105,sample,"[1.39684, -1.29209, 1.79176, -1.96213, 4.65666, -0.0]","[-6.32214, -0.00845, 2.18699]",open,
93.35,1786779937.4164,sample,"[1.39684, -1.2923, 1.79198, -1.96213, 4.65666, -0.0]","[-6.32216, -0.00858, 2.18702]",open,
93.45,1786779937.5208,sample,"[1.39684, -1.29238, 1.79206, -1.96213, 4.65666, -0.0]","[-6.32217, -0.00863, 2.18703]",open,
93.55,1786779937.6238,sample,"[1.39684, -1.29241, 1.79207, -1.96213, 4.65666, -0.0]","[-6.32217, -0.00864, 2.18705]",open,
93.65,1786779937.7362,sample,"[1.39685, -1.2932, 1.79623, -1.96213, 4.65666, -0.0]","[-6.32248, -0.01035, 2.18514]",open,
93.75,1786779937.8412,sample,"[1.39684, -1.30429, 1.80626, -1.96213, 4.65666, -0.0]","[-6.32354, -0.0164, 2.1876]",open,
93.85,1786779937.948,sample,"[1.39684, -1.30944, 1.80995, -1.96213, 4.65666, -0.0]","[-6.32396, -0.01885, 2.18931]",open,
93.95,1786779938.0529,sample,"[1.39684, -1.31134, 1.81131, -1.96213, 4.65666, -0.0]","[-6.32412, -0.01975, 2.18993]",open,
94.05,1786779938.1593,sample,"[1.39684, -1.31203, 1.81181, -1.96213, 4.65666, -0.0]","[-6.32418, -0.02008, 2.19016]",open,
94.15,1786779938.2733,sample,"[1.39684, -1.31229, 1.81199, -1.96873, 4.65666, -0.0]","[-6.32408, -0.01953, 2.19094]",open,
94.25,1786779938.3811,sample,"[1.39684, -1.31238, 1.81206, -1.98321, 4.65666, -0.0]","[-6.32384, -0.01811, 2.19251]",open,
94.35,1786779938.4877,sample,"[1.39684, -1.31241, 1.81207, -1.98887, 4.65666, -0.0]","[-6.32374, -0.01756, 2.19314]",open,
94.45,1786779938.5956,sample,"[1.39684, -1.31244, 1.81207, -1.99096, 4.65666, -0.0]","[-6.3237, -0.01735, 2.19339]",open,
94.55,1786779938.7045,sample,"[1.39684, -1.31245, 1.81207, -1.99173, 4.65666, -0.0]","[-6.32369, -0.01728, 2.19348]",open,
94.65,1786779938.8159,sample,"[1.39684, -1.31245, 1.81207, -1.99277, 4.65666, -0.0]","[-6.32367, -0.01718, 2.19359]",open,
94.75,1786779938.9333,sample,"[1.39684, -1.31245, 1.81208, -2.00735, 4.65666, -0.0]","[-6.32342, -0.01575, 2.19518]",open,
94.85,1786779939.0478,sample,"[1.39684, -1.31245, 1.81208, -2.01672, 4.65666, -0.0]","[-6.32326, -0.01483, 2.19621]",open,
94.95,1786779939.1592,sample,"[1.39684, -1.31245, 1.81208, -2.02235, 4.65666, -0.0]","[-6.32316, -0.01429, 2.19683]",open,
95.05,1786779939.2651,sample,"[1.39684, -1.31245, 1.81208, -2.03894, 4.65666, -0.0]","[-6.32289, -0.01272, 2.19869]",open,
95.15,1786779939.3699,sample,"[1.39684, -1.31245, 1.81208, -2.0473, 4.65666, -0.0]","[-6.32275, -0.01193, 2.19964]",open,
95.25,1786779939.4803,sample,"[1.39684, -1.31245, 1.81207, -2.05038, 4.65666, -0.0]","[-6.3227, -0.01164, 2.19999]",open,
95.35,1786779939.5978,sample,"[1.39685, -1.31659, 1.81623, -2.05152, 4.65666, -0.0]","[-6.32311, -0.01396, 2.20075]",open,
95.45,1786779939.7112,sample,"[1.39685, -1.33524, 1.82909, -2.05193, 4.65666, -0.0]","[-6.32466, -0.02274, 2.20714]",open,
95.55,1786779939.819,sample,"[1.39684, -1.34611, 1.83415, -2.05209, 4.65666, -0.0]","[-6.3254, -0.02702, 2.21228]",open,
95.65,1786779939.9244,sample,"[1.39684, -1.35011, 1.83601, -2.05209, 4.65666, -0.0]","[-6.32568, -0.02861, 2.21414]",open,
95.75,1786779940.0329,sample,"[1.39684, -1.35158, 1.83671, -2.05209, 4.65666, -0.0]","[-6.32578, -0.0292, 2.21482]",open,
95.85,1786779940.1398,sample,"[1.39684, -1.35212, 1.83695, -2.05209, 4.65666, -0.0]","[-6.32582, -0.02942, 2.21508]",open,
95.95,1786779940.2468,sample,"[1.39684, -1.35232, 1.83705, -2.05209, 4.65666, -0.0]","[-6.32583, -0.0295, 2.21516]",open,
96.05,1786779940.3603,sample,"[1.39684, -1.34583, 1.83708, -2.05209, 4.65666, -0.0]","[-6.32557, -0.028, 2.21024]",open,
96.15,1786779940.4685,sample,"[1.39683, -1.32698, 1.83709, -2.05209, 4.65666, -0.0]","[-6.32483, -0.0238, 2.19595]",open,
96.25,1786779940.5748,sample,"[1.39684, -1.31779, 1.83709, -2.05209, 4.65666, -0.0]","[-6.32449, -0.02185, 2.18895]",open,
96.35,1786779940.6809,sample,"[1.39684, -1.31441, 1.83708, -2.05209, 4.65666, -0.0]","[-6.32437, -0.02115, 2.18638]",open,
96.45,1786779940.7894,sample,"[1.39684, -1.31316, 1.83708, -2.05209, 4.65666, -0.0]","[-6.32432, -0.02089, 2.18543]",open,
96.55,1786779940.9008,sample,"[1.39684, -1.30613, 1.83708, -2.05209, 4.65665, -0.0]","[-6.32407, -0.01947, 2.18006]",open,
96.65,1786779941.0111,sample,"[1.39684, -1.29149, 1.83708, -2.05209, 4.65665, -0.0]","[-6.32357, -0.01662, 2.16884]",open,
96.75,1786779941.1338,sample,"[1.39684, -1.28577, 1.83708, -2.05209, 4.65665, -0.0]","[-6.32338, -0.01554, 2.16445]",open,
96.85,1786779941.2484,sample,"[1.39684, -1.28366, 1.83707, -2.05209, 4.65665, -0.0]","[-6.32332, -0.01516, 2.16283]",open,
96.95,1786779941.3594,sample,"[1.39684, -1.28291, 1.83704, -2.05209, 4.65665, 0.0]","[-6.32329, -0.015, 2.16227]",open,
97.05,1786779941.4708,sample,"[1.39684, -1.28265, 1.83701, -2.05209, 4.65665, 0.0]","[-6.32328, -0.01495, 2.16209]",open,
97.15,1786779941.5822,sample,"[1.39684, -1.28256, 1.83699, -2.0521, 4.65665, 0.0]","[-6.32328, -0.01492, 2.16203]",open,
97.25,1786779941.6911,sample,"[1.39684, -1.28252, 1.83698, -2.0521, 4.65664, -0.0]","[-6.32327, -0.01491, 2.16201]",open,
97.35,1786779941.803,sample,"[1.39684, -1.28252, 1.83697, -2.0521, 4.65663, 0.0]","[-6.32327, -0.01491, 2.16202]",open,
97.45,1786779941.9214,sample,"[1.39684, -1.28252, 1.83696, -2.0521, 4.65663, 0.0]","[-6.32327, -0.0149, 2.16202]",open,
97.55,1786779942.0469,sample,"[1.39684, -1.28253, 1.83696, -2.0521, 4.65663, 0.0]","[-6.32327, -0.0149, 2.16203]",open,
97.65,1786779942.1639,sample,"[1.39684, -1.28252, 1.83696, -2.0521, 4.65663, 0.0]","[-6.32327, -0.0149, 2.16203]",open,
97.75,1786779942.2783,sample,"[1.39684, -1.28252, 1.83696, -2.0521, 4.65663, 0.0]","[-6.32327, -0.0149, 2.16203]",open,
97.85,1786779942.3973,sample,"[1.39684, -1.28252, 1.83696, -2.0521, 4.65663, 0.0]","[-6.32327, -0.0149, 2.16203]",open,
97.95,1786779942.5153,sample,"[1.39684, -1.28252, 1.83696, -2.0521, 4.65663, 0.0]","[-6.32327, -0.0149, 2.16203]",open,
98.05,1786779942.6438,sample,"[1.39684, -1.28253, 1.83696, -2.0521, 4.65663, 0.0]","[-6.32327, -0.0149, 2.16203]",closed,pkg_001
98.15,1786779942.7932,sample,"[1.39684, -1.28253, 1.83696, -2.0521, 4.65664, 0.0]","[-6.32327, -0.0149, 2.16203]",closed,pkg_001
98.25,1786779942.9046,sample,"[1.39684, -1.28253, 1.83696, -2.0521, 4.65664, 0.0]","[-6.32327, -0.0149, 2.16203]",closed,pkg_001
98.35,1786779943.017,sample,"[1.39684, -1.28253, 1.83696, -2.0521, 4.65664, 0.0]","[-6.32327, -0.0149, 2.16203]",closed,pkg_001
98.45,1786779943.1299,sample,"[1.39684, -1.28253, 1.83696, -2.0521, 4.65665, 0.0]","[-6.32327, -0.0149, 2.16203]",closed,pkg_001
98.55,1786779943.2439,sample,"[1.39684, -1.28253, 1.83697, -2.05209, 4.65665, 0.0]","[-6.32327, -0.01491, 2.16203]",closed,pkg_001
98.65,1786779943.3609,sample,"[1.39685, -1.28905, 1.83705, -2.05209, 4.65665, 0.0]","[-6.3235, -0.01614, 2.16699]",closed,pkg_001
98.75,1786779943.4693,sample,"[1.39685, -1.31007, 1.83711, -2.0521, 4.65662, 0.0]","[-6.32422, -0.02027, 2.18305]",closed,pkg_001
98.85,1786779943.5808,sample,"[1.39685, -1.33676, 1.83713, -2.05209, 4.65662, 0.0]","[-6.32522, -0.02597, 2.20335]",closed,pkg_001
98.95,1786779943.6871,sample,"[1.39687, -1.36555, 1.83714, -2.05209, 4.65659, 0.0]","[-6.32641, -0.0327, 2.22507]",closed,pkg_001
99.05,1786779943.7995,sample,"[1.39687, -1.3951, 1.83714, -2.05209, 4.65655, 0.0]","[-6.32774, -0.04025, 2.24715]",closed,pkg_001
99.15,1786779943.9158,sample,"[1.39688, -1.42493, 1.83715, -2.0521, 4.65652, 0.0]","[-6.3292, -0.04852, 2.26921]",closed,pkg_001
99.25,1786779944.0335,sample,"[1.39688, -1.45487, 1.83715, -2.0521, 4.65651, 0.0]","[-6.33077, -0.05746, 2.29108]",closed,pkg_001
99.35,1786779944.1442,sample,"[1.39687, -1.48485, 1.83714, -2.0521, 4.65653, 0.0]","[-6.33244, -0.06706, 2.31271]",closed,pkg_001
99.45,1786779944.2568,sample,"[1.39687, -1.51485, 1.83713, -2.0521, 4.65654, 0.0]","[-6.33425, -0.07729, 2.33405]",closed,pkg_001
99.55,1786779944.3721,sample,"[1.39686, -1.54485, 1.83712, -2.0521, 4.65655, 0.0]","[-6.33615, -0.08816, 2.35506]",closed,pkg_001
99.65,1786779944.5064,sample,"[1.39687, -1.57485, 1.83712, -2.0521, 4.65655, 0.0]","[-6.33817, -0.09964, 2.37573]",closed,pkg_001
99.75,1786779944.6321,sample,"[1.39688, -1.60485, 1.83711, -2.0521, 4.65655, 0.0]","[-6.3403, -0.11173, 2.39605]",closed,pkg_001
99.85,1786779944.747,sample,"[1.39687, -1.63485, 1.83712, -2.0521, 4.65655, 0.0]","[-6.34253, -0.12441, 2.41599]",closed,pkg_001
99.95,1786779944.8621,sample,"[1.39686, -1.66485, 1.83712, -2.05209, 4.65655, 0.0]","[-6.34485, -0.13768, 2.43553]",closed,pkg_001
100.05,1786779944.9757,sample,"[1.39686, -1.69485, 1.83712, -2.05209, 4.65655, 0.0]","[-6.34728, -0.15151, 2.45466]",closed,pkg_001
100.15,1786779945.0923,sample,"[1.39686, -1.72486, 1.83712, -2.05209, 4.65655, 0.0]","[-6.34981, -0.16591, 2.47336]",closed,pkg_001
100.25,1786779945.2022,sample,"[1.39686, -1.75486, 1.83712, -2.05209, 4.65655, 0.0]","[-6.35244, -0.18085, 2.49161]",closed,pkg_001
100.35,1786779945.3156,sample,"[1.39687, -1.78486, 1.83712, -2.05209, 4.65654, 0.0]","[-6.35516, -0.19633, 2.5094]",closed,pkg_001
100.45,1786779945.4289,sample,"[1.39687, -1.81486, 1.83712, -2.05209, 4.65654, 0.0]","[-6.35797, -0.21232, 2.52671]",closed,pkg_001
100.55,1786779945.5436,sample,"[1.39687, -1.84487, 1.83712, -2.05209, 4.65654, 0.0]","[-6.36087, -0.22882, 2.54352]",closed,pkg_001
100.65,1786779945.6559,sample,"[1.39687, -1.87487, 1.83712, -2.05209, 4.65654, 0.0]","[-6.36385, -0.24581, 2.55982]",closed,pkg_001
100.75,1786779945.7673,sample,"[1.39688, -1.90487, 1.83712, -2.05209, 4.65653, 0.0]","[-6.36692, -0.26327, 2.5756]",closed,pkg_001
100.85,1786779945.8777,sample,"[1.39688, -1.93487, 1.83712, -2.05209, 4.65653, 0.0]","[-6.37008, -0.28119, 2.59085]",closed,pkg_001
100.95,1786779945.9858,sample,"[1.39689, -1.96488, 1.83712, -2.05209, 4.65653, 0.0]","[-6.37331, -0.29955, 2.60554]",closed,pkg_001
101.05,1786779946.0958,sample,"[1.3969, -1.99488, 1.83712, -2.05209, 4.65652, 0.0]","[-6.37661, -0.31834, 2.61966]",closed,pkg_001
101.15,1786779946.2068,sample,"[1.39692, -2.02488, 1.83712, -2.05209, 4.65652, 0.0]","[-6.37999, -0.33754, 2.6332]",closed,pkg_001
101.25,1786779946.3152,sample,"[1.39694, -2.05271, 1.83712, -2.05209, 4.65651, 0.0]","[-6.38319, -0.3557, 2.64524]",closed,pkg_001
101.35,1786779946.4194,sample,"[1.39693, -2.06521, 1.83713, -2.05209, 4.6565, 0.0]","[-6.38464, -0.36396, 2.65047]",closed,pkg_001
101.45,1786779946.5177,sample,"[1.39693, -2.0698, 1.83714, -2.05209, 4.6565, 0.0]","[-6.38517, -0.36701, 2.65236]",closed,pkg_001
101.55,1786779946.6178,sample,"[1.39693, -2.0715, 1.83714, -2.05209, 4.65649, 0.0]","[-6.38537, -0.36814, 2.65305]",closed,pkg_001
101.65,1786779946.7212,sample,"[1.39693, -2.07212, 1.83715, -2.05209, 4.65649, 0.0]","[-6.38544, -0.36855, 2.65331]",closed,pkg_001
101.75,1786779946.8206,sample,"[1.39693, -2.07234, 1.83715, -2.05209, 4.65648, 0.0]","[-6.38546, -0.3687, 2.6534]",closed,pkg_001
101.85,1786779946.921,sample,"[1.39693, -2.07242, 1.83715, -2.05209, 4.65647, 0.0]","[-6.38547, -0.36875, 2.65343]",closed,pkg_001
101.95,1786779947.0229,sample,"[1.39693, -2.07249, 1.83715, -2.05209, 4.65647, 0.0]","[-6.38548, -0.3688, 2.65346]",closed,pkg_001
102.05,1786779947.1234,sample,"[1.39692, -2.0725, 1.83715, -2.05209, 4.65646, 0.0]","[-6.38548, -0.3688, 2.65346]",closed,pkg_001
102.15,1786779947.2304,sample,"[1.39692, -2.0725, 1.83715, -2.05209, 4.65646, 0.0]","[-6.38548, -0.3688, 2.65346]",closed,pkg_001
102.25,1786779947.3348,sample,"[1.39693, -2.0725, 1.83715, -2.05209, 4.65645, 0.0]","[-6.38548, -0.3688, 2.65346]",closed,pkg_001
102.35,1786779947.4476,sample,"[1.39616, -2.0725, 1.83715, -2.05209, 4.65645, 0.0]","[-6.38515, -0.36874, 2.65346]",closed,pkg_001
102.45,1786779947.5479,sample,"[1.38093, -2.0725, 1.83715, -2.0521, 4.65646, 0.0]","[-6.37857, -0.36749, 2.65346]",closed,pkg_001
102.55,1786779947.6468,sample,"[1.35636, -2.0725, 1.83715, -2.0521, 4.65647, 0.0]","[-6.36792, -0.36569, 2.65346]",closed,pkg_001
102.65,1786779947.7477,sample,"[1.33054, -2.0725, 1.83715, -2.05209, 4.65646, 0.0]","[-6.35669, -0.36408, 2.65346]",closed,pkg_001
102.75,1786779947.852,sample,"[1.31878, -2.0725, 1.83715, -2.05209, 4.65646, 0.0]","[-6.35156, -0.36345, 2.65346]",closed,pkg_001
102.85,1786779947.9509,sample,"[1.32701, -2.0725, 1.83715, -2.05209, 4.65645, 0.0]","[-6.35515, -0.36389, 2.65346]",closed,pkg_001
102.95,1786779948.0583,sample,"[1.34902, -2.06309, 1.83713, -2.05209, 4.65644, 0.0]","[-6.36333, -0.35902, 2.64958]",closed,pkg_001
103.05,1786779948.157,sample,"[1.37607, -2.04066, 1.83713, -2.05209, 4.65643, 0.0]","[-6.37234, -0.34619, 2.64008]",closed,pkg_001
103.15,1786779948.2548,sample,"[1.40498, -2.01344, 1.83713, -2.05209, 4.65642, 0.0]","[-6.38247, -0.33083, 2.6281]",closed,pkg_001
103.25,1786779948.3568,sample,"[1.43457, -1.98446, 1.83713, -2.05209, 4.65641, 0.0]","[-6.39378, -0.31496, 2.61481]",closed,pkg_001
103.35,1786779948.4572,sample,"[1.46442, -1.95484, 1.83713, -2.05209, 4.6564, 0.0]","[-6.40623, -0.29939, 2.60067]",closed,pkg_001
103.45,1786779948.5632,sample,"[1.48778, -1.92911, 1.83715, -2.05209, 4.65641, -0.0]","[-6.41658, -0.28618, 2.58794]",closed,pkg_001
103.55,1786779948.6643,sample,"[1.49671, -1.91858, 1.83716, -2.05209, 4.65641, 0.0]","[-6.42069, -0.28085, 2.58261]",closed,pkg_001
103.65,1786779948.7646,sample,"[1.5, -1.91471, 1.83715, -2.05209, 4.65641, 0.0]","[-6.42223, -0.27891, 2.58064]",closed,pkg_001
103.75,1786779948.862,sample,"[1.50121, -1.91329, 1.83715, -2.05209, 4.65641, 0.0]","[-6.4228, -0.2782, 2.57991]",closed,pkg_001
103.85,1786779948.965,sample,"[1.50166, -1.91276, 1.83715, -2.05209, 4.65641, 0.0]","[-6.42301, -0.27794, 2.57965]",closed,pkg_001
103.95,1786779949.0668,sample,"[1.50182, -1.91257, 1.83715, -2.05209, 4.65641, 0.0]","[-6.42309, -0.27785, 2.57955]",closed,pkg_001
104.05,1786779949.1707,sample,"[1.50187, -1.91251, 1.83715, -2.05209, 4.65641, 0.0]","[-6.42311, -0.27782, 2.57952]",closed,pkg_001
104.15,1786779949.28,sample,"[1.49534, -1.89992, 1.83714, -2.05209, 4.65643, 0.0]","[-6.41913, -0.2695, 2.57303]",closed,pkg_001
104.25,1786779949.3813,sample,"[1.47429, -1.87632, 1.83713, -2.05209, 4.65644, 0.0]","[-6.4066, -0.25325, 2.56059]",closed,pkg_001
104.35,1786779949.4822,sample,"[1.44758, -1.84867, 1.83713, -2.05209, 4.65645, 0.0]","[-6.39, -0.23479, 2.54561]",closed,pkg_001
104.45,1786779949.5847,sample,"[1.41879, -1.81954, 1.83713, -2.05209, 4.65645, 0.0]","[-6.37122, -0.21628, 2.52935]",closed,pkg_001
104.55,1786779949.6896,sample,"[1.3914, -1.79203, 1.83714, -2.05209, 4.65645, 0.0]","[-6.35254, -0.19981, 2.51356]",closed,pkg_001
104.65,1786779949.7894,sample,"[1.37907, -1.77965, 1.83716, -2.05209, 4.65645, 0.0]","[-6.34387, -0.19273, 2.50631]",closed,pkg_001
104.75,1786779949.8914,sample,"[1.37453, -1.7751, 1.83715, -2.05209, 4.65645, 0.0]","[-6.34065, -0.19018, 2.50363]",closed,pkg_001
104.85,1786779949.9998,sample,"[1.37287, -1.77342, 1.83715, -2.05209, 4.65644, 0.0]","[-6.33946, -0.18925, 2.50265]",closed,pkg_001
104.95,1786779950.1046,sample,"[1.37882, -1.77498, 1.83715, -2.05209, 4.65644, 0.0]","[-6.34325, -0.1903, 2.50357]",closed,pkg_001
105.05,1786779950.2042,sample,"[1.39964, -1.79226, 1.83714, -2.05209, 4.65644, 0.0]","[-6.3575, -0.20039, 2.5137]",closed,pkg_001
105.15,1786779950.3104,sample,"[1.42627, -1.81758, 1.83713, -2.05209, 4.65643, 0.0]","[-6.37543, -0.21577, 2.52824]",closed,pkg_001
105.25,1786779950.3953,sample,"[1.45504, -1.84587, 1.83712, -2.05209, 4.65643, 0.0]","[-6.39403, -0.23389, 2.54407]",closed,pkg_001
105.35,1786779950.4939,sample,"[1.48459, -1.87524, 1.83712, -2.05209, 4.65643, 0.0]","[-6.41217, -0.25375, 2.56002]",closed,pkg_001
105.45,1786779950.5974,sample,"[1.51442, -1.90501, 1.83712, -2.05209, 4.65642, 0.0]","[-6.4294, -0.2749, 2.57568]",closed,pkg_001
105.55,1786779950.6993,sample,"[1.54436, -1.93492, 1.83712, -2.05209, 4.65642, 0.0]","[-6.44554, -0.29715, 2.59087]",closed,pkg_001
105.65,1786779950.8002,sample,"[1.57435, -1.9649, 1.83712, -2.05209, 4.65641, 0.0]","[-6.46049, -0.32037, 2.60555]",closed,pkg_001
105.75,1786779950.9021,sample,"[1.60434, -1.99489, 1.83712, -2.05209, 4.6564, 0.0]","[-6.47416, -0.34445, 2.61966]",closed,pkg_001
105.85,1786779950.9988,sample,"[1.63434, -2.02488, 1.83712, -2.05209, 4.6564, 0.0]","[-6.48651, -0.36933, 2.6332]",closed,pkg_001
105.95,1786779951.1052,sample,"[1.66435, -2.05489, 1.83712, -2.05209, 4.6564, 0.0]","[-6.49748, -0.39492, 2.64616]",closed,pkg_001
106.05,1786779951.2213,sample,"[1.69435, -2.08489, 1.83711, -2.05209, 4.6564, 0.0]","[-6.50705, -0.42114, 2.65851]",closed,pkg_001
106.15,1786779951.3273,sample,"[1.72435, -2.1149, 1.83711, -2.05209, 4.65641, 0.0]","[-6.51517, -0.44791, 2.67025]",closed,pkg_001
106.25,1786779951.4302,sample,"[1.75435, -2.1449, 1.83711, -2.05209, 4.65641, 0.0]","[-6.5218, -0.47515, 2.68136]",closed,pkg_001
106.35,1786779951.53,sample,"[1.78436, -2.17491, 1.83711, -2.05209, 4.65641, 0.0]","[-6.52694, -0.50276, 2.69184]",closed,pkg_001
106.45,1786779951.6339,sample,"[1.81436, -2.20491, 1.83711, -2.05209, 4.65641, 0.0]","[-6.53054, -0.53067, 2.70168]",closed,pkg_001
106.55,1786779951.7333,sample,"[1.84436, -2.23492, 1.83711, -2.05209, 4.65642, 0.0]","[-6.5326, -0.55878, 2.71086]",closed,pkg_001
106.65,1786779951.8348,sample,"[1.87436, -2.26492, 1.83711, -2.05209, 4.65642, 0.0]","[-6.53311, -0.58701, 2.71939]",closed,pkg_001
106.75,1786779951.9346,sample,"[1.90436, -2.29493, 1.83711, -2.05209, 4.65642, 0.0]","[-6.53206, -0.61526, 2.72724]",closed,pkg_001
106.85,1786779952.0378,sample,"[1.93436, -2.32493, 1.83711, -2.05209, 4.65642, 0.0]","[-6.52945, -0.64345, 2.73442]",closed,pkg_001
106.95,1786779952.1392,sample,"[1.96436, -2.35494, 1.83711, -2.05209, 4.65643, 0.0]","[-6.52529, -0.67149, 2.74092]",closed,pkg_001
107.05,1786779952.2402,sample,"[1.99436, -2.38494, 1.83711, -2.05209, 4.65643, 0.0]","[-6.51958, -0.69929, 2.74673]",closed,pkg_001
107.15,1786779952.3396,sample,"[2.02436, -2.41495, 1.83711, -2.05209, 4.65643, 0.0]","[-6.51235, -0.72676, 2.75184]",closed,pkg_001
107.25,1786779952.4409,sample,"[2.05436, -2.44496, 1.8371, -2.05209, 4.65643, 0.0]","[-6.5036, -0.75381, 2.75626]",closed,pkg_001
107.35,1786779952.5475,sample,"[2.08436, -2.47496, 1.8371, -2.05209, 4.65643, 0.0]","[-6.49338, -0.78036, 2.75998]",closed,pkg_001
107.45,1786779952.6611,sample,"[2.11436, -2.50497, 1.8371, -2.05209, 4.65643, 0.0]","[-6.48171, -0.80632, 2.76299]",closed,pkg_001
107.55,1786779952.7632,sample,"[2.14435, -2.53497, 1.8371, -2.05209, 4.65644, 0.0]","[-6.46862, -0.83161, 2.76529]",closed,pkg_001
107.65,1786779952.8655,sample,"[2.17435, -2.56498, 1.8371, -2.05209, 4.65644, 0.0]","[-6.45415, -0.85615, 2.76689]",closed,pkg_001
107.75,1786779952.965,sample,"[2.20435, -2.59498, 1.8371, -2.0521, 4.65644, 0.0]","[-6.43835, -0.87987, 2.76777]",closed,pkg_001
107.85,1786779953.066,sample,"[2.23434, -2.62499, 1.83709, -2.05209, 4.65644, 0.0]","[-6.42127, -0.90268, 2.76794]",closed,pkg_001
107.95,1786779953.1668,sample,"[2.26434, -2.655, 1.83709, -2.0521, 4.65644, 0.0]","[-6.40297, -0.92453, 2.7674]",closed,pkg_001
108.05,1786779953.2712,sample,"[2.29434, -2.685, 1.83709, -2.0521, 4.65644, 0.0]","[-6.38349, -0.94532, 2.76615]",closed,pkg_001
108.15,1786779953.3756,sample,"[2.32433, -2.715, 1.83708, -2.0521, 4.65645, 0.0]","[-6.36291, -0.96501, 2.76419]",closed,pkg_001
108.25,1786779953.4794,sample,"[2.35433, -2.74501, 1.83708, -2.0521, 4.65645, 0.0]","[-6.34129, -0.98354, 2.76152]",closed,pkg_001
108.35,1786779953.5834,sample,"[2.38019, -2.77501, 1.83707, -2.0521, 4.65645, 0.0]","[-6.31951, -1.00076, 2.75814]",closed,pkg_001
108.45,1786779953.6878,sample,"[2.39076, -2.80502, 1.83705, -2.0521, 4.65645, 0.0]","[-6.30029, -1.01691, 2.75407]",closed,pkg_001
108.55,1786779953.7957,sample,"[2.39465, -2.83503, 1.83704, -2.0521, 4.65645, 0.0]","[-6.28238, -1.03271, 2.74929]",closed,pkg_001
108.65,1786779953.8975,sample,"[2.39609, -2.86503, 1.83703, -2.0521, 4.65645, 0.0]","[-6.26507, -1.04836, 2.74381]",closed,pkg_001
108.75,1786779954.0004,sample,"[2.39661, -2.89503, 1.83703, -2.0521, 4.65645, 0.0]","[-6.24809, -1.06388, 2.73764]",closed,pkg_001
108.85,1786779954.1023,sample,"[2.39681, -2.92504, 1.83703, -2.0521, 4.65645, 0.0]","[-6.23133, -1.07928, 2.73079]",closed,pkg_001
108.95,1786779954.2013,sample,"[2.39683, -2.94847, 1.83702, -2.0521, 4.65645, 0.0]","[-6.21838, -1.0912, 2.72497]",closed,pkg_001
109.05,1786779954.2921,sample,"[2.39685, -2.95742, 1.83702, -2.0521, 4.65645, 0.0]","[-6.21346, -1.09574, 2.72263]",closed,pkg_001
109.15,1786779954.382,sample,"[2.39686, -2.96072, 1.83703, -2.0521, 4.65645, 0.0]","[-6.21165, -1.0974, 2.72176]",closed,pkg_001
109.25,1786779954.4784,sample,"[2.39688, -2.96193, 1.83703, -2.0521, 4.65645, 0.0]","[-6.21098, -1.09801, 2.72143]",closed,pkg_001
109.35,1786779954.5732,sample,"[2.40347, -2.96237, 1.83704, -2.0521, 4.65646, 0.0]","[-6.20878, -1.09763, 2.72131]",closed,pkg_001
109.45,1786779954.663,sample,"[2.42452, -2.96253, 1.83704, -2.0521, 4.65646, 0.0]","[-6.20245, -1.09572, 2.72127]",closed,pkg_001
109.55,1786779954.7665,sample,"[2.45123, -2.96256, 1.83704, -2.0521, 4.65646, 0.0]","[-6.19457, -1.09302, 2.72126]",closed,pkg_001
109.65,1786779954.8622,sample,"[2.48002, -2.96259, 1.83704, -2.0521, 4.65646, 0.0]","[-6.18616, -1.08988, 2.72125]",closed,pkg_001
109.75,1786779954.9555,sample,"[2.50958, -2.96261, 1.83704, -2.0521, 4.65645, 0.0]","[-6.17763, -1.0864, 2.72124]",closed,pkg_001
109.85,1786779955.053,sample,"[2.53941, -2.96264, 1.83704, -2.0521, 4.65646, 0.0]","[-6.16912, -1.08264, 2.72124]",closed,pkg_001
109.95,1786779955.1549,sample,"[2.56935, -2.96266, 1.83704, -2.0521, 4.65645, 0.0]","[-6.16071, -1.0786, 2.72123]",closed,pkg_001
110.05,1786779955.2563,sample,"[2.59933, -2.96268, 1.83704, -2.0521, 4.65645, 0.0]","[-6.15241, -1.0743, 2.72123]",closed,pkg_001
110.15,1786779955.3648,sample,"[2.62933, -2.96269, 1.83704, -2.0521, 4.65646, 0.0]","[-6.14424, -1.06976, 2.72122]",closed,pkg_001
110.25,1786779955.4732,sample,"[2.65932, -2.9627, 1.83704, -2.0521, 4.65645, 0.0]","[-6.13621, -1.06497, 2.72122]",closed,pkg_001
110.35,1786779955.5765,sample,"[2.68932, -2.9627, 1.83704, -2.0521, 4.65646, 0.0]","[-6.12834, -1.05994, 2.72122]",closed,pkg_001
110.45,1786779955.6739,sample,"[2.71932, -2.9561, 1.83702, -2.0521, 4.65645, 0.0]","[-6.1251, -1.05266, 2.72298]",closed,pkg_001
110.55,1786779955.7702,sample,"[2.74933, -2.93502, 1.83701, -2.0521, 4.65645, 0.0]","[-6.13217, -1.04127, 2.72836]",closed,pkg_001
110.65,1786779955.8777,sample,"[2.77933, -2.9083, 1.83701, -2.05209, 4.65645, 0.0]","[-6.14386, -1.02898, 2.7347]",closed,pkg_001
110.75,1786779955.9775,sample,"[2.80933, -2.87951, 1.83701, -2.05209, 4.65645, 0.0]","[-6.15778, -1.01705, 2.74093]",closed,pkg_001
110.85,1786779956.0778,sample,"[2.83933, -2.84995, 1.83701, -2.05209, 4.65645, 0.0]","[-6.17298, -1.00593, 2.74666]",closed,pkg_001
110.95,1786779956.1908,sample,"[2.86934, -2.82011, 1.83702, -2.05209, 4.65645, 0.0]","[-6.18907, -0.99583, 2.75176]",closed,pkg_001
111.05,1786779956.3083,sample,"[2.89934, -2.79016, 1.83703, -2.05209, 4.65644, 0.0]","[-6.20584, -0.98683, 2.75619]",closed,pkg_001
111.15,1786779956.4192,sample,"[2.92934, -2.76018, 1.83704, -2.05209, 4.65644, 0.0]","[-6.22319, -0.97898, 2.75991]",closed,pkg_001
111.25,1786779956.5239,sample,"[2.95716, -2.73236, 1.83707, -2.05209, 4.65644, 0.0]","[-6.2397, -0.97277, 2.76274]",closed,pkg_001
111.35,1786779956.6183,sample,"[2.96965, -2.71987, 1.83707, -2.05209, 4.65645, 0.0]","[-6.24724, -0.97032, 2.76381]",closed,pkg_001
111.45,1786779956.7166,sample,"[2.97426, -2.71528, 1.84646, -2.05209, 4.65644, 0.0]","[-6.25494, -0.96865, 2.75964]",closed,pkg_001
111.55,1786779956.8059,sample,"[2.97595, -2.71358, 1.86889, -2.05209, 4.65644, 0.0]","[-6.26754, -0.96641, 2.74874]",closed,pkg_001
111.65,1786779956.9047,sample,"[2.97657, -2.71296, 1.89611, -2.05209, 4.65644, 0.0]","[-6.28163, -0.96403, 2.73505]",closed,pkg_001
111.75,1786779956.999,sample,"[2.97681, -2.71273, 1.92509, -2.05209, 4.65644, 0.0]","[-6.29595, -0.96164, 2.72002]",closed,pkg_001
111.85,1786779957.0898,sample,"[2.97686, -2.71266, 1.95472, -2.05209, 4.65644, 0.0]","[-6.31004, -0.9593, 2.70422]",closed,pkg_001
111.95,1786779957.1788,sample,"[2.9769, -2.71265, 1.97801, -2.05209, 4.65645, 0.0]","[-6.32076, -0.95751, 2.6915]",closed,pkg_001
112.05,1786779957.2711,sample,"[2.97694, -2.71263, 1.98692, -2.05209, 4.65645, 0.0]","[-6.32479, -0.95684, 2.68658]",closed,pkg_001
112.15,1786779957.365,sample,"[2.97697, -2.71262, 1.99019, -2.05209, 4.65645, 0.0]","[-6.32626, -0.9566, 2.68476]",closed,pkg_001
112.25,1786779957.4578,sample,"[2.97699, -2.71261, 1.99139, -2.05209, 4.65645, 0.0]","[-6.3268, -0.95651, 2.68409]",closed,pkg_001
112.35,1786779957.5549,sample,"[2.97699, -2.71478, 1.99184, -2.05209, 4.65646, 0.0]","[-6.32548, -0.95673, 2.68384]",closed,pkg_001
112.45,1786779957.6503,sample,"[2.977, -2.73228, 1.99614, -2.05209, 4.65645, 0.0]","[-6.31524, -0.95843, 2.68136]",closed,pkg_001
112.55,1786779957.7412,sample,"[2.97701, -2.75769, 2.01562, -2.05209, 4.65644, 0.0]","[-6.30661, -0.95986, 2.67027]",closed,pkg_001
112.65,1786779957.8343,sample,"[2.977, -2.786, 2.04175, -2.05209, 4.65644, 0.0]","[-6.29943, -0.96105, 2.65531]",closed,pkg_001
112.75,1786779957.9311,sample,"[2.977, -2.80879, 2.06376, -2.05209, 4.65644, 0.0]","[-6.29443, -0.96189, 2.64261]",closed,pkg_001
112.85,1786779958.0284,sample,"[2.977, -2.81752, 2.07143, -2.0521, 4.65645, 0.0]","[-6.29224, -0.96225, 2.63813]",closed,pkg_001
112.95,1786779958.1254,sample,"[2.97699, -2.81133, 2.05928, -2.0521, 4.65646, 0.0]","[-6.2907, -0.96251, 2.64496]",closed,pkg_001
113.05,1786779958.2208,sample,"[2.97699, -2.79009, 2.03585, -2.0521, 4.65646, 0.0]","[-6.29397, -0.96196, 2.6584]",closed,pkg_001
113.15,1786779958.3153,sample,"[2.97698, -2.76331, 2.00827, -2.0521, 4.65646, 0.0]","[-6.29936, -0.96107, 2.67415]",closed,pkg_001
113.25,1786779958.4093,sample,"[2.97698, -2.73449, 1.97916, -2.0521, 4.65646, 0.0]","[-6.30588, -0.95999, 2.6906]",closed,pkg_001
113.35,1786779958.4982,sample,"[2.97698, -2.70493, 1.94948, -2.0521, 4.65646, 0.0]","[-6.31314, -0.95878, 2.70716]",closed,pkg_001
113.45,1786779958.5956,sample,"[2.97698, -2.67508, 1.9196, -2.0521, 4.65646, 0.0]","[-6.32099, -0.95748, 2.72362]",closed,pkg_001
113.55,1786779958.6969,sample,"[2.97698, -2.64514, 1.88965, -2.0521, 4.65646, 0.0]","[-6.32935, -0.95609, 2.73986]",closed,pkg_001
113.65,1786779958.7993,sample,"[2.97698, -2.61515, 1.85966, -2.0521, 4.65646, 0.0]","[-6.33821, -0.95462, 2.75587]",closed,pkg_001
113.75,1786779958.9023,sample,"[2.97698, -2.58516, 1.82967, -2.0521, 4.65646, 0.0]","[-6.34755, -0.95306, 2.7716]",closed,pkg_001
113.85,1786779959.0088,sample,"[2.98637, -2.55515, 1.79967, -2.05209, 4.65646, 0.0]","[-6.35593, -0.95197, 2.78704]",closed,pkg_001
113.95,1786779959.1031,sample,"[3.00878, -2.52515, 1.76967, -2.05209, 4.65645, 0.0]","[-6.3628, -0.95181, 2.80217]",closed,pkg_001
114.05,1786779959.1951,sample,"[3.03599, -2.49515, 1.73967, -2.05209, 4.65645, 0.0]","[-6.36943, -0.95232, 2.81699]",closed,pkg_001
114.15,1786779959.2873,sample,"[3.06496, -2.46515, 1.70967, -2.05209, 4.65645, 0.0]","[-6.37623, -0.9534, 2.83148]",closed,pkg_001
114.25,1786779959.3822,sample,"[3.09459, -2.43514, 1.67967, -2.05209, 4.65645, 0.0]","[-6.38335, -0.95504, 2.84562]",closed,pkg_001
114.35,1786779959.4811,sample,"[3.12445, -2.40514, 1.64967, -2.05209, 4.65645, 0.0]","[-6.39081, -0.95725, 2.85941]",closed,pkg_001
114.45,1786779959.585,sample,"[3.15441, -2.37514, 1.62043, -2.05209, 4.65645, 0.0]","[-6.39896, -0.96007, 2.87241]",closed,pkg_001
114.55,1786779959.6869,sample,"[3.18439, -2.34513, 1.60567, -2.05209, 4.65644, 0.0]","[-6.41414, -0.96382, 2.87713]",closed,pkg_001
114.65,1786779959.7833,sample,"[3.20781, -2.31513, 1.60024, -2.05209, 4.65644, 0.0]","[-6.43475, -0.96807, 2.87614]",closed,pkg_001
114.75,1786779959.8786,sample,"[3.21676, -2.28511, 1.59825, -2.05209, 4.65645, 0.0]","[-6.45922, -0.97123, 2.87251]",closed,pkg_001
114.85,1786779959.9732,sample,"[3.22005, -2.2551, 1.59752, -2.05209, 4.65645, 0.0]","[-6.48507, -0.97383, 2.86738]",closed,pkg_001
114.95,1786779960.0958,sample,"[3.22126, -2.2251, 1.59726, -2.05209, 4.65645, 0.0]","[-6.5113, -0.97616, 2.8612]",closed,pkg_001
115.05,1786779960.1852,sample,"[3.22171, -2.19509, 1.59717, -2.05209, 4.65645, 0.0]","[-6.53753, -0.97837, 2.85411]",closed,pkg_001
115.15,1786779960.2809,sample,"[3.22186, -2.16507, 1.59056, -2.05209, 4.65645, 0.0]","[-6.56124, -0.98031, 2.85027]",closed,pkg_001
115.25,1786779960.3753,sample,"[3.22196, -2.13507, 1.5695, -2.05209, 4.65646, 0.0]","[-6.57978, -0.98183, 2.85478]",closed,pkg_001
115.35,1786779960.4683,sample,"[3.22196, -2.10507, 1.54279, -2.05209, 4.65646, 0.0]","[-6.59657, -0.98319, 2.86233]",closed,pkg_001
115.45,1786779960.5623,sample,"[3.22196, -2.07506, 1.514, -2.05209, 4.65646, 0.0]","[-6.6129, -0.9845, 2.87068]",closed,pkg_001
115.55,1786779960.6558,sample,"[3.22196, -2.04505, 1.48444, -2.05209, 4.65646, 0.0]","[-6.62921, -0.98581, 2.87903]",closed,pkg_001
115.65,1786779960.7511,sample,"[3.22196, -2.01505, 1.4546, -2.05209, 4.65646, 0.0]","[-6.64568, -0.98714, 2.88707]",closed,pkg_001
115.75,1786779960.854,sample,"[3.22196, -1.98504, 1.42466, -2.05209, 4.65646, 0.0]","[-6.66235, -0.98848, 2.89467]",closed,pkg_001
115.85,1786779960.9543,sample,"[3.22196, -1.95503, 1.39469, -2.05209, 4.65645, 0.0]","[-6.67923, -0.98984, 2.90179]",closed,pkg_001
115.95,1786779961.0552,sample,"[3.22196, -1.92502, 1.36469, -2.05209, 4.65645, 0.0]","[-6.6963, -0.99122, 2.90841]",closed,pkg_001
116.05,1786779961.1722,sample,"[3.22196, -1.89502, 1.3347, -2.05209, 4.65645, 0.0]","[-6.71357, -0.99261, 2.91451]",closed,pkg_001
116.15,1786779961.2841,sample,"[3.22196, -1.86501, 1.3047, -2.05209, 4.65645, 0.0]","[-6.73101, -0.99401, 2.92009]",closed,pkg_001
116.25,1786779961.3902,sample,"[3.22196, -1.835, 1.2747, -2.05209, 4.65644, 0.0]","[-6.74861, -0.99543, 2.92515]",closed,pkg_001
116.35,1786779961.4988,sample,"[3.22196, -1.80499, 1.2447, -2.05209, 4.65644, 0.0]","[-6.76635, -0.99686, 2.92967]",closed,pkg_001
116.45,1786779961.6049,sample,"[3.22196, -1.77499, 1.2147, -2.05209, 4.65644, 0.0]","[-6.78422, -0.9983, 2.93366]",closed,pkg_001
116.55,1786779961.7053,sample,"[3.22196, -1.74498, 1.1847, -2.05209, 4.65644, 0.0]","[-6.8022, -0.99975, 2.9371]",closed,pkg_001
116.65,1786779961.8096,sample,"[3.22196, -1.71497, 1.15471, -2.05209, 4.65643, 0.0]","[-6.82028, -1.0012, 2.94001]",closed,pkg_001
116.75,1786779961.9119,sample,"[3.22196, -1.68496, 1.12471, -2.0521, 4.65643, 0.0]","[-6.83844, -1.00267, 2.94237]",closed,pkg_001
116.85,1786779962.016,sample,"[3.22197, -1.65495, 1.09471, -2.0521, 4.65642, 0.0]","[-6.85666, -1.00413, 2.94418]",closed,pkg_001
116.95,1786779962.1184,sample,"[3.22197, -1.62494, 1.06471, -2.0521, 4.65642, 0.0]","[-6.87492, -1.00561, 2.94544]",closed,pkg_001
117.05,1786779962.2334,sample,"[3.22197, -1.59493, 1.03471, -2.0521, 4.65642, 0.0]","[-6.89322, -1.00708, 2.94615]",closed,pkg_001
117.15,1786779962.3538,sample,"[3.22197, -1.56492, 1.00471, -2.0521, 4.65642, 0.0]","[-6.91153, -1.00856, 2.94632]",closed,pkg_001
117.25,1786779962.4533,sample,"[3.22197, -1.53491, 0.97471, -2.0521, 4.65641, 0.0]","[-6.92983, -1.01003, 2.94592]",closed,pkg_001
117.35,1786779962.5612,sample,"[3.22197, -1.5049, 0.94472, -2.0521, 4.65641, 0.0]","[-6.94812, -1.0115, 2.94498]",closed,pkg_001
117.45,1786779962.6672,sample,"[3.22197, -1.47489, 0.91472, -2.05211, 4.65641, 0.0]","[-6.96637, -1.01297, 2.94349]",closed,pkg_001
117.55,1786779962.78,sample,"[3.22197, -1.44487, 0.88472, -2.05211, 4.6564, 0.0]","[-6.98457, -1.01444, 2.94145]",closed,pkg_001
117.65,1786779962.8814,sample,"[3.22197, -1.41486, 0.85472, -2.05211, 4.6564, 0.0]","[-7.00271, -1.0159, 2.93886]",closed,pkg_001
117.75,1786779962.9832,sample,"[3.22196, -1.38485, 0.82473, -2.05211, 4.6564, 0.0]","[-7.02075, -1.01735, 2.93572]",closed,pkg_001
117.85,1786779963.086,sample,"[3.22196, -1.35484, 0.79473, -2.05211, 4.6564, 0.0]","[-7.0387, -1.01879, 2.93205]",closed,pkg_001
117.95,1786779963.1854,sample,"[3.22196, -1.32482, 0.76473, -2.05211, 4.65639, 0.0]","[-7.05653, -1.02022, 2.92783]",closed,pkg_001
118.05,1786779963.2973,sample,"[3.22195, -1.29481, 0.73474, -2.05211, 4.65639, 0.0]","[-7.07422, -1.02165, 2.92308]",closed,pkg_001
118.15,1786779963.3973,sample,"[3.22195, -1.26479, 0.70474, -2.05211, 4.65639, 0.0]","[-7.09177, -1.02305, 2.9178]",closed,pkg_001
118.25,1786779963.5008,sample,"[3.22194, -1.23478, 0.67474, -2.05211, 4.65639, 0.0]","[-7.10915, -1.02445, 2.91199]",closed,pkg_001
118.35,1786779963.6083,sample,"[3.22194, -1.20476, 0.64475, -2.05212, 4.65639, 0.0]","[-7.12635, -1.02583, 2.90567]",closed,pkg_001
118.45,1786779963.7137,sample,"[3.22193, -1.17474, 0.61475, -2.05212, 4.65638, 0.0]","[-7.14336, -1.02719, 2.89882]",closed,pkg_001
118.55,1786779963.8164,sample,"[3.22193, -1.14473, 0.58475, -2.05212, 4.65638, 0.0]","[-7.16015, -1.02854, 2.89147]",closed,pkg_001
118.65,1786779963.9238,sample,"[3.22192, -1.11471, 0.55476, -2.05212, 4.65638, 0.0]","[-7.17672, -1.02987, 2.88361]",closed,pkg_001
118.75,1786779964.0277,sample,"[3.22191, -1.08469, 0.52476, -2.05212, 4.65638, 0.0]","[-7.19305, -1.03118, 2.87526]",closed,pkg_001
118.85,1786779964.1269,sample,"[3.2219, -1.06122, 0.50136, -2.05212, 4.65638, 0.0]","[-7.20565, -1.03218, 2.86836]",closed,pkg_001
118.95,1786779964.2636,sample,"[3.22189, -1.05227, 0.49239, -2.05212, 4.65638, 0.0]","[-7.2104, -1.03255, 2.86568]",open,
119.05,1786779964.3734,sample,"[3.22187, -1.04899, 0.48906, -2.05212, 4.65638, 0.0]","[-7.21213, -1.03268, 2.86471]",open,
119.15,1786779964.4682,sample,"[3.22186, -1.04779, 0.48784, -2.05212, 4.65638, 0.0]","[-7.21276, -1.03272, 2.86436]",open,
119.25,1786779964.5604,sample,"[3.22185, -1.04735, 0.48739, -2.05212, 4.65637, 0.0]","[-7.21298, -1.03273, 2.86423]",open,
119.35,1786779964.6608,sample,"[3.22185, -1.04719, 0.48722, -2.05212, 4.65637, 0.0]","[-7.21307, -1.03273, 2.86418]",open,
119.45,1786779964.7562,sample,"[3.22184, -1.04712, 0.48716, -2.05212, 4.65637, 0.0]","[-7.21311, -1.03272, 2.86416]",open,
119.55,1786779964.8536,sample,"[3.22183, -1.0471, 0.48713, -2.05212, 4.65637, 0.0]","[-7.21312, -1.03272, 2.86416]",open,
119.65,1786779964.9504,sample,"[3.22183, -1.0471, 0.48713, -2.05212, 4.65637, 0.0]","[-7.21312, -1.03271, 2.86416]",open,
119.75,1786779965.0478,sample,"[3.22182, -1.0471, 0.48712, -2.05212, 4.65637, 0.0]","[-7.21312, -1.03271, 2.86416]",open,
119.85,1786779965.1475,sample,"[3.22182, -1.0471, 0.48712, -2.05212, 4.65637, 0.0]","[-7.21312, -1.0327, 2.86416]",open,
119.95,1786779965.2449,sample,"[3.22182, -1.0471, 0.48712, -2.05212, 4.65637, 0.0]","[-7.21312, -1.0327, 2.86416]",open,
120.05,1786779965.3509,sample,"[3.22182, -1.0471, 0.48712, -2.05212, 4.65637, 0.0]","[-7.21312, -1.0327, 2.86416]",open,
120.15,1786779965.4534,sample,"[3.20931, -1.0471, 0.48712, -2.05212, 4.65637, 0.0]","[-7.21596, -1.02126, 2.86416]",open,
120.25,1786779965.5513,sample,"[3.18574, -1.04709, 0.48712, -2.05211, 4.65637, 0.0]","[-7.22093, -0.99961, 2.86416]",open,
120.35,1786779965.6487,sample,"[3.1581, -1.04709, 0.48712, -2.05211, 4.65637, 0.0]","[-7.22609, -0.97409, 2.86416]",open,
120.45,1786779965.7477,sample,"[3.12897, -1.04709, 0.48712, -2.0521, 4.65638, 0.0]","[-7.23077, -0.94704, 2.86415]",open,
120.55,1786779965.8468,sample,"[3.09929, -1.04709, 0.48712, -2.0521, 4.65638, 0.0]","[-7.23473, -0.91936, 2.86415]",open,
120.65,1786779965.9583,sample,"[3.06941, -1.04709, 0.48712, -2.05209, 4.65638, 0.0]","[-7.23788, -0.89138, 2.86415]",open,
120.75,1786779966.0708,sample,"[3.03945, -1.04709, 0.48712, -2.05209, 4.65639, 0.0]","[-7.24019, -0.86324, 2.86415]",open,
120.85,1786779966.1779,sample,"[3.00946, -1.04709, 0.48712, -2.05209, 4.65639, 0.0]","[-7.24167, -0.83503, 2.86415]",open,
120.95,1786779966.2849,sample,"[2.97947, -1.04709, 0.48712, -2.05209, 4.65639, 0.0]","[-7.24229, -0.80677, 2.86415]",open,
121.05,1786779966.391,sample,"[2.94947, -1.04709, 0.48712, -2.05209, 4.65639, 0.0]","[-7.24207, -0.77851, 2.86415]",open,
121.15,1786779966.5097,sample,"[2.91947, -1.04709, 0.48712, -2.05209, 4.6564, 0.0]","[-7.241, -0.75026, 2.86415]",open,
121.25,1786779966.6161,sample,"[2.88947, -1.04709, 0.48712, -2.05209, 4.6564, 0.0]","[-7.23909, -0.72206, 2.86415]",open,
121.35,1786779966.7212,sample,"[2.85947, -1.04709, 0.48712, -2.05209, 4.6564, 0.0]","[-7.23633, -0.69392, 2.86415]",open,
121.45,1786779966.8256,sample,"[2.82947, -1.04709, 0.48712, -2.05209, 4.65641, 0.0]","[-7.23272, -0.66588, 2.86415]",open,
121.55,1786779966.9374,sample,"[2.79947, -1.04709, 0.48712, -2.05209, 4.65641, 0.0]","[-7.22828, -0.63797, 2.86415]",open,
121.65,1786779967.0474,sample,"[2.76947, -1.04709, 0.48712, -2.05209, 4.65641, 0.0]","[-7.223, -0.61019, 2.86415]",open,
121.75,1786779967.1553,sample,"[2.73947, -1.04709, 0.48712, -2.05209, 4.65641, 0.0]","[-7.2169, -0.58259, 2.86415]",open,
121.85,1786779967.2613,sample,"[2.70947, -1.04709, 0.48712, -2.05209, 4.65642, 0.0]","[-7.20996, -0.55519, 2.86415]",open,
121.95,1786779967.3691,sample,"[2.67947, -1.04709, 0.48712, -2.05209, 4.65642, 0.0]","[-7.20221, -0.528, 2.86415]",open,
122.05,1786779967.4894,sample,"[2.64947, -1.04709, 0.48712, -2.05209, 4.65642, 0.0]","[-7.19364, -0.50106, 2.86415]",open,
122.15,1786779967.5923,sample,"[2.61947, -1.04709, 0.48712, -2.05209, 4.65642, 0.0]","[-7.18428, -0.47439, 2.86415]",open,
122.25,1786779967.6982,sample,"[2.58947, -1.04709, 0.48712, -2.05209, 4.65642, 0.0]","[-7.17411, -0.44801, 2.86415]",open,
122.35,1786779967.8067,sample,"[2.55947, -1.04709, 0.48712, -2.05209, 4.65642, 0.0]","[-7.16316, -0.42195, 2.86415]",open,
122.45,1786779967.9148,sample,"[2.52947, -1.04709, 0.48712, -2.05209, 4.65642, 0.0]","[-7.15143, -0.39623, 2.86415]",open,
122.55,1786779968.0263,sample,"[2.49947, -1.04635, 0.48711, -2.05209, 4.65642, 0.0]","[-7.13946, -0.37048, 2.86347]",open,
122.65,1786779968.1257,sample,"[2.46946, -1.03114, 0.48709, -2.05209, 4.65643, 0.0]","[-7.13666, -0.33717, 2.84924]",open,
122.75,1786779968.2239,sample,"[2.43946, -1.00654, 0.48711, -2.05209, 4.65643, 0.0]","[-7.13857, -0.2986, 2.82577]",open,
122.85,1786779968.3213,sample,"[2.40946, -0.97851, 0.48712, -2.05209, 4.65643, 0.0]","[-7.14057, -0.25802, 2.79841]",open,
122.95,1786779968.4183,sample,"[2.37946, -0.94923, 0.48713, -2.05209, 4.65644, 0.0]","[-7.14103, -0.21673, 2.76914]",open,
123.05,1786779968.5238,sample,"[2.34946, -0.91948, 0.48714, -2.05209, 4.65644, 0.0]","[-7.13939, -0.17531, 2.73871]",open,
123.15,1786779968.639,sample,"[2.31946, -0.88957, 0.48715, -2.05209, 4.65644, 0.0]","[-7.13547, -0.13406, 2.70744]",open,
123.25,1786779968.7394,sample,"[2.2936, -0.86369, 0.48718, -2.05209, 4.65644, 0.0]","[-7.13025, -0.09876, 2.67984]",open,
123.35,1786779968.8374,sample,"[2.28302, -0.85312, 0.48718, -2.05209, 4.65644, 0.0]","[-7.1276, -0.08444, 2.66843]",open,
123.45,1786779968.9329,sample,"[2.27913, -0.84926, 0.48717, -2.05209, 4.65644, 0.0]","[-7.12654, -0.0792, 2.66425]",open,
123.55,1786779969.0339,sample,"[2.2777, -0.84785, 0.48716, -2.05209, 4.65644, 0.0]","[-7.12614, -0.07728, 2.66273]",open,
123.65,1786779969.1339,sample,"[2.27717, -0.84733, 0.48716, -2.05209, 4.65644, 0.0]","[-7.12599, -0.07658, 2.66217]",open,
123.75,1786779969.2294,sample,"[2.27697, -0.84714, 0.48715, -2.0521, 4.65644, 0.0]","[-7.12592, -0.07632, 2.66197]",open,
123.85,1786779969.3357,sample,"[2.27694, -0.84709, 0.48791, -2.0521, 4.65644, 0.0]","[-7.12604, -0.07613, 2.66139]",open,
123.95,1786779969.4359,sample,"[2.27691, -0.85643, 0.50317, -2.0521, 4.65644, 0.0]","[-7.12409, -0.07837, 2.66112]",open,
124.05,1786779969.5289,sample,"[2.27689, -0.87885, 0.52774, -2.0521, 4.65644, 0.0]","[-7.11758, -0.08596, 2.66853]",open,
124.15,1786779969.6422,sample,"[2.27687, -0.90609, 0.55573, -2.0521, 4.65644, 0.0]","[-7.10926, -0.09569, 2.67847]",open,
124.25,1786779969.742,sample,"[2.27685, -0.93509, 0.58498, -2.0521, 4.65644, 0.0]","[-7.10012, -0.10638, 2.68904]",open,
124.35,1786779969.8424,sample,"[2.27683, -0.96473, 0.6147, -2.0521, 4.65644, 0.0]","[-7.09054, -0.11758, 2.69954]",open,
124.45,1786779969.9514,sample,"[2.27682, -0.99461, 0.6446, -2.0521, 4.65644, 0.0]","[-7.08068, -0.12912, 2.70972]",open,
124.55,1786779970.0624,sample,"[2.27681, -1.02458, 0.67456, -2.0521, 4.65644, 0.0]","[-7.0706, -0.14093, 2.71949]",open,
124.65,1786779970.1693,sample,"[2.27681, -1.05458, 0.70454, -2.0521, 4.65644, 0.0]","[-7.06033, -0.15298, 2.7288]",open,
124.75,1786779970.284,sample,"[2.27681, -1.08459, 0.73453, -2.0521, 4.65644, 0.0]","[-7.04988, -0.16524, 2.73763]",open,
124.85,1786779970.3996,sample,"[2.27681, -1.1146, 0.76453, -2.0521, 4.65644, 0.0]","[-7.03926, -0.17769, 2.74598]",open,
124.95,1786779970.51,sample,"[2.27681, -1.14461, 0.79453, -2.0521, 4.65644, 0.0]","[-7.02848, -0.19034, 2.75384]",open,
125.05,1786779970.6265,sample,"[2.27681, -1.17461, 0.82039, -2.0521, 4.65644, 0.0]","[-7.01697, -0.20384, 2.764]",open,
125.15,1786779970.7347,sample,"[2.28342, -1.19525, 0.83094, -2.0521, 4.65643, 0.0]","[-7.01175, -0.21917, 2.77563]",open,
125.25,1786779970.8311,sample,"[2.30449, -1.20284, 0.83483, -2.05211, 4.65643, 0.0]","[-7.02036, -0.23814, 2.77983]",open,
125.35,1786779970.93,sample,"[2.33121, -1.20562, 0.83627, -2.05211, 4.65642, 0.0]","[-7.0338, -0.25896, 2.78135]",open,
125.45,1786779971.0284,sample,"[2.36, -1.20664, 0.8368, -2.05212, 4.65641, 0.0]","[-7.04858, -0.2808, 2.78191]",open,
125.55,1786779971.1293,sample,"[2.38541, -1.20702, 0.837, -2.05212, 4.65641, 0.0]","[-7.06134, -0.30016, 2.78212]",open,
125.65,1786779971.2273,sample,"[2.39582, -1.20716, 0.83706, -2.05212, 4.65641, 0.0]","[-7.06643, -0.30818, 2.78219]",open,
125.75,1786779971.3282,sample,"[2.39965, -1.20721, 0.83709, -2.05212, 4.6564, 0.0]","[-7.06828, -0.31115, 2.78222]",open,
125.85,1786779971.4231,sample,"[2.40107, -1.20721, 0.8371, -2.05212, 4.6564, 0.0]","[-7.06897, -0.31224, 2.78222]",open,
125.95,1786779971.5278,sample,"[2.39744, -1.20722, 0.8371, -2.05211, 4.6564, 0.0]","[-7.06719, -0.30945, 2.78223]",open,
126.05,1786779971.6322,sample,"[2.3782, -1.20723, 0.8371, -2.05211, 4.65641, 0.0]","[-7.05761, -0.29479, 2.78223]",open,
126.15,1786779971.7704,sample,"[2.35216, -1.20723, 0.8371, -2.0521, 4.65641, 0.0]","[-7.0442, -0.27524, 2.78224]",open,
126.25,1786779971.8669,sample,"[2.32362, -1.20723, 0.8371, -2.0521, 4.65642, 0.0]","[-7.02892, -0.25421, 2.78224]",open,
126.35,1786779971.9683,sample,"[2.29415, -1.20724, 0.8371, -2.0521, 4.65643, 0.0]","[-7.01252, -0.23298, 2.78224]",open,
126.45,1786779972.0849,sample,"[2.26435, -1.20724, 0.8371, -2.0521, 4.65643, 0.0]","[-6.99531, -0.212, 2.78224]",open,
126.55,1786779972.1977,sample,"[2.23442, -1.20724, 0.8371, -2.05209, 4.65644, 0.0]","[-6.9774, -0.19146, 2.78224]",open,
126.65,1786779972.3051,sample,"[2.20445, -1.20724, 0.8371, -2.05209, 4.65644, 0.0]","[-6.95886, -0.17143, 2.78225]",open,
126.75,1786779972.4142,sample,"[2.17446, -1.20725, 0.8371, -2.05209, 4.65644, 0.0]","[-6.93971, -0.15196, 2.78225]",open,
126.85,1786779972.5191,sample,"[2.14446, -1.20725, 0.8371, -2.05209, 4.65645, 0.0]","[-6.91999, -0.13307, 2.78225]",open,
126.95,1786779972.6308,sample,"[2.11446, -1.20725, 0.8371, -2.05209, 4.65645, 0.0]","[-6.89971, -0.11477, 2.78225]",open,
127.05,1786779972.7349,sample,"[2.08446, -1.20725, 0.8371, -2.05209, 4.65645, 0.0]","[-6.87888, -0.09709, 2.78225]",open,
127.15,1786779972.8579,sample,"[2.05446, -1.20725, 0.8371, -2.05209, 4.65645, 0.0]","[-6.85754, -0.08004, 2.78225]",open,
127.25,1786779972.9684,sample,"[2.02446, -1.20725, 0.8371, -2.05209, 4.65645, 0.0]","[-6.83569, -0.06364, 2.78225]",open,
127.35,1786779973.081,sample,"[1.99446, -1.20725, 0.8371, -2.05209, 4.65645, 0.0]","[-6.81336, -0.0479, 2.78225]",open,
127.45,1786779973.1886,sample,"[1.96446, -1.20725, 0.8371, -2.05209, 4.65645, 0.0]","[-6.79057, -0.03284, 2.78225]",open,
127.55,1786779973.2903,sample,"[1.94103, -1.20724, 0.8371, -2.05209, 4.65645, 0.0]","[-6.77247, -0.02156, 2.78224]",open,
127.65,1786779973.3952,sample,"[1.93208, -1.21136, 0.83789, -2.05209, 4.65645, 0.0]","[-6.76437, -0.0203, 2.7854]",open,
127.75,1786779973.4957,sample,"[1.92878, -1.2308, 0.85312, -2.05209, 4.65644, 0.0]","[-6.75753, -0.03017, 2.79232]",open,
127.85,1786779973.5947,sample,"[1.92757, -1.25692, 0.87769, -2.05209, 4.65644, 0.0]","[-6.75118, -0.04415, 2.79851]",open,
127.95,1786779973.6963,sample,"[1.92713, -1.2855, 0.90568, -2.05209, 4.65644, 0.0]","[-6.74497, -0.05975, 2.80407]",open,
128.05,1786779973.7973,sample,"[1.92697, -1.31423, 0.93417, -2.05209, 4.65644, 0.0]","[-6.73892, -0.0756, 2.80893]",open,
128.15,1786779973.9063,sample,"[1.92693, -1.32881, 0.94865, -2.05209, 4.65643, 0.0]","[-6.73587, -0.08371, 2.8112]",open,
128.25,1786779974.014,sample,"[1.92691, -1.33634, 0.95618, -2.05209, 4.65643, 0.0]","[-6.73429, -0.08791, 2.81229]",open,
128.35,1786779974.1075,sample,"[1.92688, -1.35582, 0.97565, -2.05209, 4.65643, 0.0]","[-6.73022, -0.09879, 2.81495]",open,
128.45,1786779974.2071,sample,"[1.92686, -1.38196, 1.00177, -2.05209, 4.65642, 0.0]","[-6.72474, -0.11347, 2.81817]",open,
128.55,1786779974.3024,sample,"[1.92686, -1.41054, 1.03034, -2.05209, 4.65642, 0.0]","[-6.71873, -0.12962, 2.82122]",open,
128.65,1786779974.4059,sample,"[1.92686, -1.44003, 1.05981, -2.05209, 4.65642, 0.0]","[-6.71251, -0.14636, 2.82385]",open,
128.75,1786779974.5113,sample,"[1.92686, -1.46985, 1.08962, -2.05209, 4.65641, 0.0]","[-6.70619, -0.16335, 2.82597]",open,
128.85,1786779974.6222,sample,"[1.92686, -1.49979, 1.11955, -2.05209, 4.65641, 0.0]","[-6.69982, -0.18046, 2.82755]",open,
128.95,1786779974.7366,sample,"[1.92686, -1.52977, 1.14952, -2.05209, 4.65641, 0.0]","[-6.69344, -0.19764, 2.82858]",open,
129.05,1786779974.8435,sample,"[1.92686, -1.55977, 1.17951, -2.05209, 4.65641, 0.0]","[-6.68704, -0.21484, 2.82907]",open,
129.15,1786779974.9638,sample,"[1.92686, -1.58978, 1.2095, -2.05209, 4.65641, 0.0]","[-6.68064, -0.23205, 2.829]",open,
129.25,1786779975.0689,sample,"[1.92687, -1.6176, 1.22693, -2.05209, 4.65641, 0.0]","[-6.67383, -0.25038, 2.83546]",open,
129.35,1786779975.1753,sample,"[1.92689, -1.63011, 1.23334, -2.05209, 4.65641, 0.0]","[-6.67064, -0.25898, 2.83916]",open,
129.45,1786779975.2786,sample,"[1.91433, -1.63471, 1.2357, -2.05209, 4.65642, 0.0]","[-6.66268, -0.25755, 2.84049]",open,
129.55,1786779975.381,sample,"[1.89075, -1.6364, 1.23657, -2.05209, 4.65642, 0.0]","[-6.6494, -0.25032, 2.84098]",open,
129.65,1786779975.4844,sample,"[1.86311, -1.63702, 1.2369, -2.05209, 4.65642, 0.0]","[-6.63395, -0.24131, 2.84115]",open,
129.75,1786779975.594,sample,"[1.83616, -1.63725, 1.23702, -2.05209, 4.65642, 0.0]","[-6.61873, -0.23267, 2.84122]",open,
129.85,1786779975.6999,sample,"[1.82616, -1.63732, 1.23707, -2.05209, 4.65642, 0.0]","[-6.61303, -0.22957, 2.84123]",open,
129.95,1786779975.8031,sample,"[1.83919, -1.63737, 1.23706, -2.05209, 4.65642, 0.0]","[-6.62042, -0.23373, 2.84126]",open,
130.05,1786779975.9081,sample,"[1.86294, -1.63737, 1.23706, -2.05209, 4.65641, 0.0]","[-6.63377, -0.24151, 2.84127]",open,
130.15,1786779976.0296,sample,"[1.89064, -1.63737, 1.23706, -2.05209, 4.6564, 0.0]","[-6.64912, -0.25097, 2.84127]",open,
130.25,1786779976.1341,sample,"[1.9104, -1.63737, 1.23707, -2.05209, 4.6564, 0.0]","[-6.65989, -0.25797, 2.84126]",open,
130.35,1786779976.241,sample,"[1.91767, -1.63737, 1.23707, -2.05209, 4.6564, 0.0]","[-6.66382, -0.2606, 2.84126]",open,
130.45,1786779976.344,sample,"[1.92034, -1.63737, 1.23707, -2.05209, 4.6564, 0.0]","[-6.66526, -0.26157, 2.84126]",open,
130.55,1786779976.4469,sample,"[1.92132, -1.63737, 1.23707, -2.05209, 4.6564, 0.0]","[-6.6658, -0.26193, 2.84126]",open,
130.65,1786779976.5508,sample,"[1.92168, -1.63737, 1.23707, -2.05209, 4.6564, 0.0]","[-6.66599, -0.26206, 2.84126]",open,
130.75,1786779976.6572,sample,"[1.92258, -1.63737, 1.23707, -2.05209, 4.6564, 0.0]","[-6.66647, -0.26239, 2.84126]",open,
130.85,1786779976.7621,sample,"[1.93787, -1.63737, 1.23706, -2.05209, 4.6564, 0.0]","[-6.67465, -0.26806, 2.84126]",open,
130.95,1786779976.9068,sample,"[1.96246, -1.63737, 1.23706, -2.05209, 4.65639, 0.0]","[-6.68761, -0.27743, 2.84127]",open,
131.05,1786779977.012,sample,"[1.99047, -1.63737, 1.23706, -2.0521, 4.65639, 0.0]","[-6.70209, -0.28849, 2.84127]",open,
131.15,1786779977.1163,sample,"[2.01033, -1.63737, 1.23707, -2.05209, 4.65639, 0.0]","[-6.71217, -0.29658, 2.84126]",open,
131.25,1786779977.2158,sample,"[2.01764, -1.63737, 1.23707, -2.05209, 4.65639, 0.0]","[-6.71584, -0.2996, 2.84126]",open,
131.35,1786779977.3297,sample,"[2.01376, -1.63737, 1.23707, -2.05209, 4.65639, 0.0]","[-6.7139, -0.29799, 2.84126]",open,
131.45,1786779977.4431,sample,"[1.9937, -1.63737, 1.23707, -2.05209, 4.65639, 0.0]","[-6.70375, -0.28978, 2.84125]",open,
131.55,1786779977.5593,sample,"[1.96735, -1.63737, 1.23707, -2.05209, 4.65639, 0.0]","[-6.69017, -0.27933, 2.84125]",open,
131.65,1786779977.7112,sample,"[1.9387, -1.63737, 1.23707, -2.05209, 4.6564, 0.0]","[-6.67509, -0.26836, 2.84125]",open,
131.75,1786779977.8176,sample,"[1.90919, -1.63737, 1.23707, -2.05209, 4.6564, 0.0]","[-6.65924, -0.25753, 2.84125]",open,
131.85,1786779977.9413,sample,"[1.87938, -1.63737, 1.23707, -2.05209, 4.6564, 0.0]","[-6.64291, -0.24706, 2.84125]",open,
131.95,1786779978.0738,sample,"[1.84944, -1.63737, 1.23707, -2.05209, 4.65641, 0.0]","[-6.62621, -0.23704, 2.84125]",open,
132.05,1786779978.1938,sample,"[1.82023, -1.63736, 1.23707, -2.05209, 4.65641, 0.0]","[-6.60963, -0.22775, 2.84125]",open,
132.15,1786779978.3112,sample,"[1.80547, -1.63955, 1.23926, -2.05209, 4.65641, 0.0]","[-6.60084, -0.22454, 2.84116]",open,
132.25,1786779978.4158,sample,"[1.80005, -1.65706, 1.25678, -2.05209, 4.65641, 0.0]","[-6.59528, -0.23332, 2.84032]",open,
132.35,1786779978.5198,sample,"[1.79805, -1.68247, 1.28218, -2.05209, 4.65642, 0.0]","[-6.59067, -0.24781, 2.83879]",open,
132.45,1786779978.6268,sample,"[1.79732, -1.71079, 1.31049, -2.05209, 4.65642, 0.0]","[-6.5864, -0.26436, 2.83663]",open,
132.55,1786779978.7329,sample,"[1.79706, -1.74017, 1.33986, -2.05209, 4.65642, 0.0]","[-6.58227, -0.2816, 2.83386]",open,
132.65,1786779978.841,sample,"[1.79697, -1.76777, 1.36744, -2.05209, 4.65642, 0.0]","[-6.5785, -0.29777, 2.8308]",open,
132.75,1786779978.9558,sample,"[1.79694, -1.78019, 1.37985, -2.05209, 4.65642, 0.0]","[-6.57682, -0.30501, 2.82927]",open,
132.85,1786779979.0748,sample,"[1.79693, -1.78476, 1.38442, -2.05209, 4.65642, 0.0]","[-6.5762, -0.30767, 2.82868]",open,
132.95,1786779979.2288,sample,"[1.79692, -1.7872, 1.38611, -2.05209, 4.65642, 0.0]","[-6.57583, -0.30928, 2.82887]",open,
133.05,1786779979.3354,sample,"[1.79692, -1.80306, 1.39613, -2.05209, 4.65643, 0.0]","[-6.57337, -0.31996, 2.83062]",open,
133.15,1786779979.454,sample,"[1.79692, -1.82786, 1.41802, -2.05209, 4.65643, 0.0]","[-6.5699, -0.33505, 2.8289]",open,
133.25,1786779979.5823,sample,"[1.79694, -1.84655, 1.43006, -2.05209, 4.65643, 0.0]","[-6.56704, -0.34751, 2.83034]",open,
133.35,1786779979.6977,sample,"[1.79692, -1.84403, 1.42192, -2.05209, 4.65642, 0.0]","[-6.56703, -0.34751, 2.8345]",open,
133.45,1786779979.8028,sample,"[1.79691, -1.82414, 1.39998, -2.05208, 4.65642, 0.0]","[-6.56954, -0.33659, 2.83903]",open,
133.55,1786779979.9209,sample,"[1.79689, -1.79785, 1.37294, -2.05208, 4.65642, 0.0]","[-6.57299, -0.32156, 2.84335]",open,
133.65,1786779980.0323,sample,"[1.79689, -1.76921, 1.34403, -2.05208, 4.65642, 0.0]","[-6.57681, -0.30493, 2.84723]",open,
133.75,1786779980.1549,sample,"[1.79689, -1.73971, 1.31444, -2.05208, 4.65641, 0.0]","[-6.58078, -0.28766, 2.85059]",open,
133.85,1786779980.2644,sample,"[1.7969, -1.70989, 1.28459, -2.05208, 4.65641, 0.0]","[-6.58483, -0.27009, 2.85341]",open,
133.95,1786779980.3689,sample,"[1.79691, -1.68935, 1.26406, -2.05208, 4.65641, 0.0]","[-6.58763, -0.25794, 2.85502]",open,
134.05,1786779980.4793,sample,"[1.79691, -1.68396, 1.25651, -2.05209, 4.65641, 0.0]","[-6.58823, -0.25532, 2.85684]",open,
134.15,1786779980.5898,sample,"[1.79689, -1.69869, 1.2559, -2.05209, 4.65641, 0.0]","[-6.58527, -0.26818, 2.86591]",open,
134.25,1786779980.6937,sample,"[1.79689, -1.72308, 1.27237, -2.05209, 4.65641, 0.0]","[-6.58144, -0.28478, 2.86905]",open,
134.35,1786779980.8013,sample,"[1.79689, -1.75102, 1.29739, -2.05209, 4.65642, 0.0]","[-6.57747, -0.30203, 2.86814]",open,
134.45,1786779980.9221,sample,"[1.79689, -1.78026, 1.32556, -2.05209, 4.65642, 0.0]","[-6.57347, -0.31945, 2.86538]",open,
134.55,1786779981.0368,sample,"[1.79689, -1.80999, 1.35488, -2.05209, 4.65642, 0.0]","[-6.56947, -0.33685, 2.8616]",open,
134.65,1786779981.1444,sample,"[1.79691, -1.83575, 1.37523, -2.05209, 4.65642, 0.0]","[-6.5657, -0.35327, 2.86122]",open,
134.75,1786779981.2683,sample,"[1.79694, -1.84553, 1.3827, -2.05209, 4.65642, 0.0]","[-6.56427, -0.35956, 2.86114]",open,
134.85,1786779981.3768,sample,"[1.79693, -1.83418, 1.38469, -2.05209, 4.65641, 0.0]","[-6.56663, -0.34925, 2.85422]",open,
134.95,1786779981.4833,sample,"[1.79691, -1.81102, 1.37048, -2.05209, 4.65641, 0.0]","[-6.57027, -0.3334, 2.85185]",open,
135.05,1786779981.5928,sample,"[1.79689, -1.78354, 1.34629, -2.05209, 4.65641, 0.0]","[-6.57414, -0.31652, 2.85345]",open,
135.15,1786779981.7023,sample,"[1.79689, -1.75446, 1.31843, -2.05209, 4.6564, 0.0]","[-6.57813, -0.29919, 2.85615]",open,
135.25,1786779981.8133,sample,"[1.79689, -1.72479, 1.28922, -2.05209, 4.6564, 0.0]","[-6.58217, -0.28163, 2.8589]",open,
135.35,1786779981.9285,sample,"[1.7969, -1.69491, 1.25951, -2.05209, 4.6564, 0.0]","[-6.58624, -0.26393, 2.86133]",open,
135.45,1786779982.0492,sample,"[1.7969, -1.66495, 1.22961, -2.05209, 4.6564, 0.0]","[-6.59033, -0.24615, 2.86328]",open,
135.55,1786779982.1642,sample,"[1.7969, -1.63496, 1.19965, -2.05209, 4.65639, 0.0]","[-6.59444, -0.22832, 2.86471]",open,
135.65,1786779982.2879,sample,"[1.7969, -1.60909, 1.17045, -2.05209, 4.65639, 0.0]","[-6.59777, -0.21381, 2.86773]",open,
135.75,1786779982.3986,sample,"[1.7969, -1.60069, 1.1557, -2.05209, 4.65639, 0.0]","[-6.59852, -0.21054, 2.87209]",open,
135.85,1786779982.5021,sample,"[1.79688, -1.61431, 1.15966, -2.05209, 4.65639, 0.0]","[-6.59603, -0.22136, 2.87814]",open,
135.95,1786779982.6029,sample,"[1.79687, -1.63829, 1.18008, -2.05209, 4.6564, 0.0]","[-6.5925, -0.23664, 2.87967]",open,
136.05,1786779982.7059,sample,"[1.79687, -1.66608, 1.20655, -2.05208, 4.6564, 0.0]","[-6.58862, -0.25354, 2.87915]",open,
136.15,1786779982.8121,sample,"[1.79687, -1.69527, 1.23525, -2.05208, 4.6564, 0.0]","[-6.5846, -0.27098, 2.87751]",open,
136.25,1786779982.9201,sample,"[1.79687, -1.72498, 1.26477, -2.05209, 4.65641, 0.0]","[-6.58056, -0.28858, 2.87511]",open,
136.35,1786779983.0387,sample,"[1.79687, -1.75487, 1.29383, -2.05208, 4.65641, 0.0]","[-6.57646, -0.30639, 2.87258]",open,
136.45,1786779983.1501,sample,"[1.79688, -1.78483, 1.30853, -2.05209, 4.65641, 0.0]","[-6.57141, -0.32836, 2.87891]",open,
136.55,1786779983.2553,sample,"[1.79688, -1.81483, 1.31393, -2.05209, 4.65641, 0.0]","[-6.56569, -0.35326, 2.89065]",open,
136.65,1786779983.3692,sample,"[1.79689, -1.84483, 1.31592, -2.05209, 4.65641, 0.0]","[-6.55964, -0.37954, 2.90383]",open,
136.75,1786779983.4691,sample,"[1.79689, -1.87484, 1.31665, -2.05209, 4.65641, 0.0]","[-6.55342, -0.4066, 2.917]",open,
136.85,1786779983.5736,sample,"[1.79693, -1.90072, 1.32104, -2.05209, 4.65641, 0.0]","[-6.54831, -0.42888, 2.92538]",open,
136.95,1786779983.6768,sample,"[1.79693, -1.9113, 1.33979, -2.05209, 4.65641, 0.0]","[-6.54762, -0.43191, 2.9182]",open,
137.05,1786779983.7821,sample,"[1.79694, -1.90578, 1.3507, -2.05209, 4.6564, 0.0]","[-6.54966, -0.42306, 2.90911]",open,
137.15,1786779983.888,sample,"[1.79695, -1.88479, 1.35472, -2.05209, 4.6564, 0.0]","[-6.55434, -0.40274, 2.89747]",open,
137.25,1786779983.9909,sample,"[1.79695, -1.85809, 1.35621, -2.05209, 4.6564, 0.0]","[-6.55992, -0.37848, 2.88434]",open,
137.35,1786779984.0937,sample,"[1.79694, -1.82931, 1.35676, -2.05209, 4.6564, 0.0]","[-6.56576, -0.35305, 2.8701]",open,
137.45,1786779984.1964,sample,"[1.79692, -1.79975, 1.35696, -2.05209, 4.65639, 0.0]","[-6.57164, -0.32748, 2.85494]",open,
137.55,1786779984.3129,sample,"[1.79691, -1.76991, 1.35704, -2.0521, 4.65639, 0.0]","[-6.57746, -0.30215, 2.83894]",open,
137.65,1786779984.4323,sample,"[1.79689, -1.73996, 1.35706, -2.0521, 4.65639, 0.0]","[-6.58318, -0.27722, 2.82216]",open,
137.75,1786779984.5473,sample,"[1.79689, -1.70998, 1.35707, -2.0521, 4.65639, 0.0]","[-6.5888, -0.25278, 2.80459]",open,
137.85,1786779984.6593,sample,"[1.79689, -1.67998, 1.35709, -2.0521, 4.65639, 0.0]","[-6.59431, -0.22884, 2.78627]",open,
137.95,1786779984.7713,sample,"[1.7969, -1.64998, 1.35711, -2.0521, 4.65639, 0.0]","[-6.59969, -0.20545, 2.76722]",open,
138.05,1786779984.8883,sample,"[1.7969, -1.61998, 1.35712, -2.0521, 4.65639, 0.0]","[-6.60494, -0.18263, 2.74746]",open,
138.15,1786779984.9997,sample,"[1.7969, -1.58998, 1.35712, -2.0521, 4.65639, 0.0]","[-6.61006, -0.16039, 2.72701]",open,
138.25,1786779985.1106,sample,"[1.7969, -1.55997, 1.35712, -2.0521, 4.65639, 0.0]","[-6.61504, -0.13876, 2.70589]",open,
138.35,1786779985.2237,sample,"[1.7969, -1.52997, 1.35712, -2.0521, 4.65639, 0.0]","[-6.61987, -0.11776, 2.68411]",open,
138.45,1786779985.3365,sample,"[1.7969, -1.49997, 1.35712, -2.0521, 4.65639, 0.0]","[-6.62455, -0.09741, 2.6617]",open,
138.55,1786779985.4486,sample,"[1.79691, -1.46996, 1.35712, -2.0521, 4.65639, 0.0]","[-6.62908, -0.07772, 2.63866]",open,
138.65,1786779985.5648,sample,"[1.79691, -1.43996, 1.35712, -2.0521, 4.65639, 0.0]","[-6.63346, -0.05871, 2.61504]",open,
138.75,1786779985.6773,sample,"[1.79691, -1.40996, 1.35712, -2.0521, 4.65639, 0.0]","[-6.63767, -0.04041, 2.59084]",open,
138.85,1786779985.7871,sample,"[1.79691, -1.37996, 1.35712, -2.0521, 4.65639, 0.0]","[-6.64172, -0.02281, 2.56608]",open,
138.95,1786779985.9014,sample,"[1.79691, -1.34995, 1.35712, -2.0521, 4.65639, 0.0]","[-6.64559, -0.00595, 2.5408]",open,
139.05,1786779986.0103,sample,"[1.79691, -1.31995, 1.35712, -2.0521, 4.65639, 0.0]","[-6.6493, 0.01016, 2.51501]",open,
139.15,1786779986.1239,sample,"[1.7969, -1.28995, 1.35712, -2.0521, 4.65639, 0.0]","[-6.65283, 0.02551, 2.48873]",open,
139.25,1786779986.2363,sample,"[1.7969, -1.25995, 1.35712, -2.0521, 4.6564, 0.0]","[-6.65618, 0.04009, 2.462]",open,
139.35,1786779986.3503,sample,"[1.7969, -1.22995, 1.35712, -2.0521, 4.6564, 0.0]","[-6.65935, 0.05388, 2.43483]",open,
139.45,1786779986.4602,sample,"[1.7969, -1.19994, 1.35712, -2.0521, 4.6564, 0.0]","[-6.66234, 0.06687, 2.40724]",open,
139.55,1786779986.5813,sample,"[1.79689, -1.16994, 1.35712, -2.0521, 4.6564, 0.0]","[-6.66514, 0.07905, 2.37927]",open,
139.65,1786779986.6903,sample,"[1.79689, -1.13994, 1.35712, -2.0521, 4.6564, 0.0]","[-6.66775, 0.0904, 2.35093]",open,
139.75,1786779986.8003,sample,"[1.79689, -1.10994, 1.35712, -2.0521, 4.6564, 0.0]","[-6.67016, 0.10092, 2.32226]",open,
139.85,1786779986.9097,sample,"[1.79688, -1.07994, 1.35712, -2.0521, 4.6564, 0.0]","[-6.67238, 0.1106, 2.29328]",open,
139.95,1786779987.0238,sample,"[1.79688, -1.04994, 1.35712, -2.0521, 4.6564, 0.0]","[-6.67441, 0.11943, 2.26402]",open,
140.05,1786779987.1289,sample,"[1.79687, -1.02933, 1.35712, -2.0521, 4.6564, -0.0]","[-6.67568, 0.12499, 2.24376]",open,
140.15,1786779987.2369,sample,"[1.79685, -1.02393, 1.35931, -2.05209, 4.65641, -0.0]","[-6.67585, 0.12583, 2.23697]",open,
140.25,1786779987.3408,sample,"[1.79685, -1.03865, 1.37681, -2.05209, 4.65641, -0.0]","[-6.67395, 0.11758, 2.23974]",open,
140.35,1786779987.4448,sample,"[1.79685, -1.06304, 1.40221, -2.05209, 4.65642, 0.0]","[-6.67099, 0.1047, 2.24648]",open,
140.45,1786779987.5444,sample,"[1.79685, -1.09098, 1.43051, -2.05209, 4.65643, 0.0]","[-6.6676, 0.08993, 2.25435]",open,
140.55,1786779987.6547,sample,"[1.79685, -1.12022, 1.45988, -2.05209, 4.65643, 0.0]","[-6.66401, 0.07431, 2.26229]",open,
140.65,1786779987.7568,sample,"[1.79684, -1.14337, 1.48307, -2.05209, 4.65644, 0.0]","[-6.66113, 0.06181, 2.26829]",open,
140.75,1786779987.8589,sample,"[1.79684, -1.15223, 1.49194, -2.05209, 4.65644, 0.0]","[-6.66002, 0.05699, 2.2705]",open,
140.85,1786779987.9639,sample,"[1.79684, -1.1555, 1.50178, -2.05209, 4.65644, 0.0]","[-6.65921, 0.05349, 2.26693]",open,
140.95,1786779988.0691,sample,"[1.79685, -1.16609, 1.52404, -2.05209, 4.65645, -0.0]","[-6.65717, 0.04458, 2.26177]",open,
141.05,1786779988.1724,sample,"[1.79685, -1.18895, 1.55119, -2.05209, 4.65645, -0.0]","[-6.65401, 0.03082, 2.2643]",open,
141.15,1786779988.2704,sample,"[1.79685, -1.21633, 1.58013, -2.05209, 4.65646, -0.0]","[-6.65041, 0.01516, 2.26929]",open,
141.25,1786779988.372,sample,"[1.79685, -1.24123, 1.60559, -2.05209, 4.65646, 0.0]","[-6.64715, 0.00101, 2.27403]",open,
141.35,1786779988.4711,sample,"[1.79684, -1.25145, 1.61603, -2.05209, 4.65646, 0.0]","[-6.6458, -0.00482, 2.27589]",open,
141.45,1786779988.5708,sample,"[1.79684, -1.25522, 1.61987, -2.05209, 4.65647, 0.0]","[-6.64531, -0.00698, 2.27655]",open,
141.55,1786779988.6852,sample,"[1.79684, -1.2566, 1.62128, -2.05209, 4.65647, 0.0]","[-6.64512, -0.00777, 2.2768]",open,
141.65,1786779988.7894,sample,"[1.79684, -1.25711, 1.62181, -2.05209, 4.65647, 0.0]","[-6.64506, -0.00806, 2.27688]",open,
141.75,1786779988.8974,sample,"[1.79685, -1.26144, 1.6314, -2.05209, 4.65648, -0.0]","[-6.64416, -0.01198, 2.27423]",open,
141.85,1786779989.0023,sample,"[1.79685, -1.28094, 1.6539, -2.05209, 4.65648, -0.0]","[-6.64142, -0.02393, 2.27577]",open,
141.95,1786779989.1066,sample,"[1.79685, -1.30489, 1.67895, -2.05209, 4.65649, 0.0]","[-6.63819, -0.03797, 2.27907]",open,
142.05,1786779989.2091,sample,"[1.79684, -1.31597, 1.69042, -2.05209, 4.65649, 0.0]","[-6.63669, -0.04447, 2.28056]",open,
142.15,1786779989.3151,sample,"[1.79684, -1.32004, 1.69465, -2.05209, 4.65649, 0.0]","[-6.63614, -0.04686, 2.28108]",open,
142.25,1786779989.4219,sample,"[1.80343, -1.32155, 1.6962, -2.05209, 4.65649, 0.0]","[-6.64088, -0.04997, 2.28127]",open,
142.35,1786779989.5234,sample,"[1.82449, -1.3221, 1.69678, -2.05209, 4.65649, 0.0]","[-6.65652, -0.05764, 2.28134]",open,
142.45,1786779989.6229,sample,"[1.8512, -1.3223, 1.69698, -2.05209, 4.65649, 0.0]","[-6.67618, -0.06754, 2.28137]",open,
142.55,1786779989.7354,sample,"[1.86743, -1.32237, 1.69706, -2.05209, 4.65649, -0.0]","[-6.68801, -0.07379, 2.28138]",open,
142.65,1786779989.8398,sample,"[1.864, -1.32239, 1.69707, -2.05209, 4.6565, -0.0]","[-6.68551, -0.07247, 2.28138]",open,
142.75,1786779989.9401,sample,"[1.84377, -1.3224, 1.69708, -2.05209, 4.6565, -0.0]","[-6.67072, -0.06483, 2.28139]",open,
142.85,1786779990.0405,sample,"[1.81736, -1.32241, 1.69708, -2.05209, 4.65651, -0.0]","[-6.65118, -0.0553, 2.28139]",open,
142.95,1786779990.1413,sample,"[1.78869, -1.32242, 1.69708, -2.05209, 4.65651, -0.0]","[-6.62968, -0.04554, 2.2814]",open,
143.05,1786779990.2419,sample,"[1.76135, -1.32243, 1.69708, -2.05209, 4.65652, 0.0]","[-6.60894, -0.03681, 2.28141]",open,
143.15,1786779990.3439,sample,"[1.74904, -1.32243, 1.69709, -2.05209, 4.65652, 0.0]","[-6.59951, -0.03307, 2.28141]",open,
143.25,1786779990.4428,sample,"[1.74451, -1.32244, 1.69709, -2.05209, 4.65652, 0.0]","[-6.59604, -0.03172, 2.28142]",open,
143.35,1786779990.5447,sample,"[1.74284, -1.32245, 1.69709, -2.05209, 4.65653, 0.0]","[-6.59475, -0.03123, 2.28142]",open,
143.45,1786779990.6447,sample,"[1.74223, -1.32245, 1.69709, -2.05209, 4.65653, 0.0]","[-6.59428, -0.03105, 2.28142]",open,
143.55,1786779990.7586,sample,"[1.74615, -1.32245, 1.69709, -2.05209, 4.65653, 0.0]","[-6.5973, -0.03221, 2.28142]",open,
143.65,1786779990.8586,sample,"[1.76549, -1.32245, 1.69709, -2.05209, 4.65653, 0.0]","[-6.61209, -0.03811, 2.28142]",open,
143.75,1786779990.9574,sample,"[1.79156, -1.32245, 1.69709, -2.05209, 4.65652, -0.0]","[-6.63185, -0.0465, 2.28142]",open,
143.85,1786779991.0614,sample,"[1.81355, -1.32245, 1.69709, -2.05209, 4.65652, -0.0]","[-6.64833, -0.05398, 2.28142]",open,
143.95,1786779991.1643,sample,"[1.8212, -1.32245, 1.69709, -2.05209, 4.65653, -0.0]","[-6.65403, -0.05667, 2.28142]",open,
144.05,1786779991.2652,sample,"[1.80906, -1.32245, 1.69709, -2.05209, 4.65653, -0.0]","[-6.64498, -0.05243, 2.28142]",open,
144.15,1786779991.3661,sample,"[1.78563, -1.32245, 1.69709, -2.05209, 4.65654, -0.0]","[-6.62737, -0.04455, 2.28142]",open,
144.25,1786779991.4684,sample,"[1.75805, -1.32245, 1.69709, -2.05209, 4.65654, -0.0]","[-6.60642, -0.03581, 2.28142]",open,
144.35,1786779991.5669,sample,"[1.72894, -1.32245, 1.69709, -2.05209, 4.65655, 0.0]","[-6.58404, -0.02721, 2.28142]",open,
144.45,1786779991.6702,sample,"[1.69927, -1.32245, 1.6971, -2.05209, 4.65656, -0.0]","[-6.56099, -0.01913, 2.28142]",open,
144.55,1786779991.7852,sample,"[1.66939, -1.32245, 1.6971, -2.05209, 4.65656, 0.0]","[-6.53755, -0.01168, 2.28142]",open,
144.65,1786779991.9129,sample,"[1.63943, -1.32245, 1.6971, -2.05209, 4.65657, 0.0]","[-6.51383, -0.00492, 2.28141]",open,
144.75,1786779992.0233,sample,"[1.60945, -1.32245, 1.6971, -2.05209, 4.65657, 0.0]","[-6.4899, 0.00114, 2.28141]",open,
144.85,1786779992.1348,sample,"[1.58603, -1.32245, 1.6971, -2.05209, 4.65657, 0.0]","[-6.47109, 0.00536, 2.28141]",open,
144.95,1786779992.2493,sample,"[1.57708, -1.32245, 1.6971, -2.05209, 4.65657, 0.0]","[-6.46387, 0.00686, 2.28141]",open,
145.05,1786779992.3542,sample,"[1.57378, -1.33499, 1.70967, -2.05209, 4.65657, 0.0]","[-6.46119, -6e-05, 2.28324]",open,
145.15,1786779992.4683,sample,"[1.57257, -1.35857, 1.73326, -2.05209, 4.65657, 0.0]","[-6.46019, -0.01394, 2.28644]",open,
145.25,1786779992.5778,sample,"[1.57213, -1.38621, 1.76089, -2.05209, 4.65657, 0.0]","[-6.45982, -0.03045, 2.28977]",open,
145.35,1786779992.6804,sample,"[1.57197, -1.41458, 1.78926, -2.05209, 4.65657, 0.0]","[-6.45968, -0.04754, 2.29272]",open,
145.45,1786779992.7783,sample,"[1.57192, -1.42903, 1.8037, -2.05209, 4.65657, 0.0]","[-6.45964, -0.05627, 2.29404]",open,
145.55,1786779992.8883,sample,"[1.57191, -1.43434, 1.80901, -2.05209, 4.65657, 0.0]","[-6.45962, -0.05949, 2.29449]",open,
145.65,1786779992.9943,sample,"[1.57189, -1.44045, 1.82037, -2.05209, 4.65657, -0.0]","[-6.4596, -0.06471, 2.29153]",open,
145.75,1786779993.0983,sample,"[1.57186, -1.46059, 1.84275, -2.05209, 4.65657, -0.0]","[-6.45956, -0.0776, 2.29154]",open,
145.85,1786779993.2028,sample,"[1.57185, -1.4744, 1.85498, -2.05209, 4.65657, 0.0]","[-6.45955, -0.08555, 2.29345]",open,
145.95,1786779993.3113,sample,"[1.57184, -1.47949, 1.85948, -2.05209, 4.65657, 0.0]","[-6.45954, -0.08847, 2.29413]",open,
146.05,1786779993.4198,sample,"[1.57184, -1.48136, 1.86114, -2.05209, 4.65657, 0.0]","[-6.45954, -0.08955, 2.29437]",open,
146.15,1786779993.5198,sample,"[1.57184, -1.48205, 1.86175, -2.05209, 4.65657, -0.0]","[-6.45954, -0.08995, 2.29446]",open,
146.25,1786779993.6228,sample,"[1.57108, -1.4823, 1.86198, -2.05209, 4.65658, -0.0]","[-6.459, -0.08997, 2.29449]",open,
146.35,1786779993.7212,sample,"[1.55586, -1.48239, 1.86206, -2.05209, 4.65658, -0.0]","[-6.44818, -0.08769, 2.2945]",open,
146.45,1786779993.8221,sample,"[1.5313, -1.48243, 1.86207, -2.05209, 4.65659, -0.0]","[-6.43064, -0.08428, 2.29452]",open,
146.55,1786779993.9282,sample,"[1.5033, -1.48245, 1.86208, -2.05209, 4.65659, -0.0]","[-6.41055, -0.08091, 2.29454]",open,
146.65,1786779994.0306,sample,"[1.4748, -1.48245, 1.86208, -2.05209, 4.6566, 0.0]","[-6.39002, -0.07805, 2.29453]",open,
146.75,1786779994.1329,sample,"[1.46031, -1.48245, 1.86208, -2.05209, 4.6566, 0.0]","[-6.37955, -0.07682, 2.29453]",open,
146.85,1786779994.2329,sample,"[1.45498, -1.48245, 1.86209, -2.05209, 4.6566, 0.0]","[-6.37569, -0.07641, 2.29453]",open,
146.95,1786779994.3363,sample,"[1.44887, -1.48245, 1.86209, -2.05209, 4.6566, -0.0]","[-6.37127, -0.07596, 2.29453]",open,
147.05,1786779994.4367,sample,"[1.42873, -1.48245, 1.86209, -2.05209, 4.65661, -0.0]","[-6.35667, -0.07468, 2.29453]",open,
147.15,1786779994.5383,sample,"[1.40235, -1.48245, 1.86209, -2.05209, 4.65661, -0.0]","[-6.33752, -0.07343, 2.29452]",open,
147.25,1786779994.6438,sample,"[1.37445, -1.48245, 1.8621, -2.05209, 4.65661, -0.0]","[-6.31724, -0.07267, 2.29452]",open,
147.35,1786779994.7994,sample,"[1.36018, -1.48245, 1.8621, -2.05209, 4.65661, 0.0]","[-6.30686, -0.0725, 2.29452]",open,
147.45,1786779994.9252,sample,"[1.35493, -1.48245, 1.8621, -2.05209, 4.65661, 0.0]","[-6.30304, -0.07247, 2.29452]",open,
147.55,1786779995.0361,sample,"[1.353, -1.48245, 1.8621, -2.05209, 4.65661, 0.0]","[-6.30163, -0.07247, 2.29452]",open,
147.65,1786779995.1367,sample,"[1.35229, -1.48245, 1.8621, -2.05209, 4.65661, 0.0]","[-6.30112, -0.07247, 2.29452]",open,
147.75,1786779995.2346,sample,"[1.35202, -1.48245, 1.8621, -2.05209, 4.65661, -0.0]","[-6.30093, -0.07247, 2.29452]",open,
147.85,1786779995.3369,sample,"[1.35192, -1.48245, 1.8621, -2.05209, 4.65661, -0.0]","[-6.30085, -0.07247, 2.29452]",open,
147.95,1786779995.4329,sample,"[1.35191, -1.48245, 1.8621, -2.05209, 4.65661, -0.0]","[-6.30084, -0.07247, 2.29452]",open,
148.05,1786779995.5369,sample,"[1.3519, -1.48245, 1.8621, -2.05209, 4.65661, -0.0]","[-6.30084, -0.07247, 2.29452]",open,
148.15,1786779995.6368,sample,"[1.35189, -1.48245, 1.86211, -2.05209, 4.65661, -0.0]","[-6.30083, -0.07247, 2.29452]",open,
148.25,1786779995.7461,sample,"[1.35187, -1.48463, 1.86212, -2.05209, 4.65661, -0.0]","[-6.30097, -0.07315, 2.29605]",open,
148.35,1786779995.8455,sample,"[1.35186, -1.50214, 1.87467, -2.05209, 4.65661, -0.0]","[-6.30297, -0.08218, 2.30014]",open,
148.45,1786779995.9468,sample,"[1.35186, -1.52754, 1.89826, -2.05209, 4.65661, -0.0]","[-6.30623, -0.09682, 2.30221]",open,
148.55,1786779996.0549,sample,"[1.35186, -1.54927, 1.91333, -2.05209, 4.65661, 0.0]","[-6.3087, -0.10795, 2.30703]",open,
148.65,1786779996.1523,sample,"[1.35185, -1.5576, 1.91888, -2.05209, 4.65661, 0.0]","[-6.30963, -0.11217, 2.30896]",open,
148.75,1786779996.2528,sample,"[1.35185, -1.56067, 1.92092, -2.05209, 4.65661, 0.0]","[-6.30998, -0.11372, 2.30966]",open,
148.85,1786779996.3507,sample,"[1.35184, -1.5618, 1.92167, -2.05209, 4.6566, 0.0]","[-6.3101, -0.11429, 2.30992]",open,
148.95,1786779996.4511,sample,"[1.35184, -1.56221, 1.92195, -2.05209, 4.6566, 0.0]","[-6.31015, -0.1145, 2.31001]",open,
149.05,1786779996.55,sample,"[1.35184, -1.56237, 1.92206, -2.05209, 4.6566, 0.0]","[-6.31016, -0.11458, 2.31004]",open,
149.15,1786779996.65,sample,"[1.35184, -1.56242, 1.92207, -2.05209, 4.6566, 0.0]","[-6.31016, -0.1146, 2.31006]",open,
149.25,1786779996.7501,sample,"[1.35184, -1.56245, 1.92208, -2.05209, 4.65659, 0.0]","[-6.31017, -0.11461, 2.31008]",open,
149.35,1786779996.8601,sample,"[1.35184, -1.56169, 1.92208, -2.05209, 4.65659, 0.0]","[-6.31011, -0.11437, 2.30957]",open,
149.45,1786779996.9619,sample,"[1.35185, -1.54645, 1.92209, -2.05209, 4.65659, 0.0]","[-6.30904, -0.1095, 2.29936]",open,
149.55,1786779997.0658,sample,"[1.35185, -1.52846, 1.92209, -2.05209, 4.65659, -0.0]","[-6.3078, -0.10394, 2.28721]",open,
149.65,1786779997.1729,sample,"[1.35185, -1.5215, 1.92209, -2.05209, 4.65659, -0.0]","[-6.30733, -0.10185, 2.28249]",open,
149.75,1786779997.2723,sample,"[1.35184, -1.51894, 1.9221, -2.05209, 4.65659, -0.0]","[-6.30716, -0.10109, 2.28075]",open,
149.85,1786779997.3976,sample,"[1.35184, -1.51582, 1.92209, -2.05209, 4.65659, -0.0]","[-6.30695, -0.10016, 2.27863]",open,
149.95,1786779997.5072,sample,"[1.35185, -1.49797, 1.92209, -2.05209, 4.65658, -0.0]","[-6.30581, -0.09501, 2.26641]",open,
150.05,1786779997.6077,sample,"[1.35186, -1.47244, 1.92209, -2.05209, 4.65658, -0.0]","[-6.30426, -0.08802, 2.24878]",open,
150.15,1786779997.7143,sample,"[1.35186, -1.44409, 1.9221, -2.05209, 4.65658, -0.0]","[-6.30265, -0.08076, 2.22899]",open,
150.25,1786779997.8138,sample,"[1.35185, -1.42725, 1.9221, -2.05209, 4.65658, -0.0]","[-6.30174, -0.07672, 2.21714]",open,
150.35,1786779997.921,sample,"[1.35184, -1.42106, 1.92209, -2.05209, 4.65658, -0.0]","[-6.30141, -0.07528, 2.21277]",open,
150.45,1786779998.0298,sample,"[1.35184, -1.40938, 1.92208, -2.05209, 4.65658, -0.0]","[-6.30082, -0.07263, 2.2045]",open,
150.55,1786779998.1366,sample,"[1.35184, -1.38688, 1.92209, -2.05209, 4.65658, -0.0]","[-6.29975, -0.06781, 2.18848]",open,
150.65,1786779998.2387,sample,"[1.35184, -1.3746, 1.92209, -2.05209, 4.65658, -0.0]","[-6.2992, -0.06532, 2.17968]",open,
150.75,1786779998.3473,sample,"[1.35184, -1.37008, 1.92208, -2.05209, 4.65658, -0.0]","[-6.299, -0.06443, 2.17644]",open,
150.85,1786779998.4637,sample,"[1.35184, -1.36842, 1.92208, -2.05209, 4.65658, -0.0]","[-6.29893, -0.06411, 2.17525]",open,
150.95,1786779998.5914,sample,"[1.35184, -1.36781, 1.92207, -2.05209, 4.65658, -0.0]","[-6.2989, -0.06399, 2.17481]",open,
151.05,1786779998.7022,sample,"[1.35184, -1.36758, 1.92207, -2.05209, 4.65658, -0.0]","[-6.29889, -0.06394, 2.17466]",open,
151.15,1786779998.8098,sample,"[1.35184, -1.36751, 1.92207, -2.05209, 4.65658, -0.0]","[-6.29889, -0.06393, 2.1746]",open,
151.25,1786779998.911,sample,"[1.35184, -1.36746, 1.92207, -2.05209, 4.65658, -0.0]","[-6.29889, -0.06392, 2.17457]",open,
151.35,1786779999.0114,sample,"[1.35184, -1.36745, 1.92207, -2.05209, 4.65658, -0.0]","[-6.29889, -0.06392, 2.17456]",open,
151.45,1786779999.1114,sample,"[1.35184, -1.36745, 1.92207, -2.05209, 4.65658, -0.0]","[-6.29889, -0.06392, 2.17456]",open,
151.55,1786779999.2231,sample,"[1.35184, -1.36745, 1.92207, -2.05209, 4.65658, -0.0]","[-6.29889, -0.06392, 2.17456]",open,
151.65,1786779999.319,sample,"[1.35184, -1.36745, 1.92207, -2.05209, 4.65658, -0.0]","[-6.29889, -0.06392, 2.17456]",open,
151.75,1786779999.4163,sample,"[1.35184, -1.36745, 1.92207, -2.05209, 4.65658, -0.0]","[-6.29889, -0.06392, 2.17456]",open,
151.85,1786779999.5165,sample,"[1.35184, -1.36745, 1.92207, -2.05209, 4.65658, -0.0]","[-6.29889, -0.06392, 2.17456]",open,
151.95,1786779999.6244,sample,"[1.35184, -1.36745, 1.92207, -2.04273, 4.65658, -0.0]","[-6.29909, -0.06484, 2.17355]",open,
152.05,1786779999.7311,sample,"[1.35184, -1.36745, 1.92207, -2.02691, 4.65658, -0.0]","[-6.29944, -0.06642, 2.17186]",open,
152.15,1786779999.8342,sample,"[1.35184, -1.36745, 1.92207, -2.02076, 4.65658, -0.0]","[-6.29958, -0.06704, 2.17121]",open,
152.25,1786779999.941,sample,"[1.35184, -1.36745, 1.92207, -2.01849, 4.65658, -0.0]","[-6.29963, -0.06727, 2.17097]",open,
152.35,1786780000.0533,sample,"[1.35184, -1.36745, 1.92207, -2.01843, 4.65658, -0.0]","[-6.29963, -0.06727, 2.17096]",open,
152.45,1786780000.1611,sample,"[1.35184, -1.36746, 1.92207, -2.03336, 4.65658, -0.0]","[-6.2993, -0.06577, 2.17254]",open,
152.55,1786780000.2963,sample,"[1.35184, -1.36745, 1.92207, -2.04602, 4.65658, -0.0]","[-6.29902, -0.06452, 2.1739]",open,
152.65,1786780000.3939,sample,"[1.35184, -1.36746, 1.92207, -2.06564, 4.65658, -0.0]","[-6.29859, -0.0626, 2.17604]",open,
152.75,1786780000.4937,sample,"[1.35184, -1.36745, 1.92207, -2.07925, 4.65658, -0.0]","[-6.2983, -0.0613, 2.17755]",open,
152.85,1786780000.5977,sample,"[1.35184, -1.36745, 1.92207, -2.08426, 4.65658, -0.0]","[-6.2982, -0.06082, 2.17811]",open,
152.95,1786780000.6973,sample,"[1.35184, -1.36745, 1.92207, -2.0861, 4.65658, -0.0]","[-6.29816, -0.06065, 2.17832]",open,
153.05,1786780000.7973,sample,"[1.35184, -1.36745, 1.92207, -2.08677, 4.65658, -0.0]","[-6.29814, -0.06059, 2.17839]",open,
153.15,1786780000.9013,sample,"[1.35184, -1.36745, 1.92207, -2.08702, 4.65658, -0.0]","[-6.29814, -0.06056, 2.17842]",open,
153.25,1786780001.0108,sample,"[1.35185, -1.36822, 1.92622, -2.08709, 4.65658, -0.0]","[-6.29854, -0.06232, 2.17649]",open,
153.35,1786780001.1151,sample,"[1.35185, -1.38346, 1.94566, -2.08709, 4.65658, -0.0]","[-6.3009, -0.0729, 2.1758]",open,
153.45,1786780001.215,sample,"[1.35184, -1.40145, 1.95921, -2.08709, 4.65658, -0.0]","[-6.30286, -0.08174, 2.1804]",open,
153.55,1786780001.3212,sample,"[1.35184, -1.40841, 1.96419, -2.08709, 4.65658, -0.0]","[-6.30359, -0.08507, 2.18228]",open,
153.65,1786780001.4273,sample,"[1.35184, -1.41097, 1.96603, -2.08709, 4.65658, -0.0]","[-6.30386, -0.0863, 2.18297]",open,
153.75,1786780001.5268,sample,"[1.35184, -1.41191, 1.96671, -2.08709, 4.65658, -0.0]","[-6.30397, -0.08675, 2.18322]",open,
153.85,1786780001.6271,sample,"[1.35184, -1.41226, 1.96695, -2.08709, 4.65658, -0.0]","[-6.304, -0.08691, 2.18331]",open,
153.95,1786780001.7332,sample,"[1.35185, -1.41896, 1.97743, -2.08709, 4.65658, -0.0]","[-6.30522, -0.09234, 2.18169]",open,
154.05,1786780001.8381,sample,"[1.35184, -1.43065, 1.98354, -2.08709, 4.65659, -0.0]","[-6.30627, -0.09708, 2.18607]",open,
154.15,1786780001.9431,sample,"[1.35184, -1.43496, 1.98579, -2.08709, 4.65659, -0.0]","[-6.30666, -0.09883, 2.18767]",open,
154.25,1786780002.0483,sample,"[1.35184, -1.43654, 1.98662, -2.08709, 4.65659, -0.0]","[-6.3068, -0.09948, 2.18825]",open,
154.35,1786780002.149,sample,"[1.35184, -1.43712, 1.98693, -2.08709, 4.65659, -0.0]","[-6.30685, -0.09972, 2.18846]",open,
154.45,1786780002.2484,sample,"[1.35184, -1.43734, 1.98704, -2.08709, 4.65659, -0.0]","[-6.30687, -0.0998, 2.18854]",open,
154.55,1786780002.3623,sample,"[1.35184, -1.43523, 1.98707, -2.08709, 4.65659, -0.0]","[-6.30678, -0.09938, 2.18708]",open,
154.65,1786780002.4823,sample,"[1.35184, -1.41994, 1.98708, -2.08709, 4.65659, -0.0]","[-6.3061, -0.09633, 2.17662]",open,
154.75,1786780002.5914,sample,"[1.35183, -1.41205, 1.98708, -2.08709, 4.65659, -0.0]","[-6.30576, -0.09481, 2.17121]",open,
154.85,1786780002.6874,sample,"[1.35184, -1.40915, 1.98707, -2.08709, 4.65659, -0.0]","[-6.30564, -0.09426, 2.16922]",open,
154.95,1786780002.7878,sample,"[1.35184, -1.40808, 1.98707, -2.08709, 4.65659, -0.0]","[-6.30559, -0.09406, 2.16848]",open,
155.05,1786780002.8937,sample,"[1.35184, -1.40769, 1.98707, -2.08709, 4.65659, -0.0]","[-6.30558, -0.09398, 2.16821]",open,
155.15,1786780002.9982,sample,"[1.35184, -1.40754, 1.98707, -2.08709, 4.65659, -0.0]","[-6.30557, -0.09396, 2.16811]",open,
155.25,1786780003.0986,sample,"[1.35184, -1.4075, 1.98707, -2.08709, 4.65659, -0.0]","[-6.30557, -0.09395, 2.16808]",open,
155.35,1786780003.1987,sample,"[1.35184, -1.40746, 1.98707, -2.08709, 4.65659, -0.0]","[-6.30557, -0.09394, 2.16806]",open,
155.45,1786780003.2996,sample,"[1.35184, -1.40745, 1.98707, -2.08709, 4.65659, -0.0]","[-6.30557, -0.09394, 2.16805]",open,
155.55,1786780003.4039,sample,"[1.35184, -1.40745, 1.98707, -2.0893, 4.65659, -0.0]","[-6.30552, -0.09373, 2.16829]",open,
155.65,1786780003.5238,sample,"[1.35184, -1.40746, 1.98707, -2.10684, 4.65659, -0.0]","[-6.30514, -0.09205, 2.17024]",open,
155.75,1786780003.6292,sample,"[1.35184, -1.40746, 1.98707, -2.11969, 4.65659, -0.0]","[-6.30488, -0.09084, 2.17168]",open,
155.85,1786780003.7294,sample,"[1.35184, -1.40745, 1.98707, -2.12442, 4.65659, -0.0]","[-6.30478, -0.0904, 2.17221]",open,
155.95,1786780003.8293,sample,"[1.35184, -1.40745, 1.98707, -2.12616, 4.65659, -0.0]","[-6.30474, -0.09024, 2.17241]",open,
156.05,1786780003.9334,sample,"[1.35184, -1.40745, 1.98707, -2.1268, 4.65659, -0.0]","[-6.30473, -0.09018, 2.17248]",open,
156.15,1786780004.0354,sample,"[1.35184, -1.40745, 1.98707, -2.12704, 4.65659, -0.0]","[-6.30472, -0.09016, 2.17251]",open,
156.25,1786780004.1338,sample,"[1.35184, -1.40745, 1.98707, -2.1271, 4.65659, -0.0]","[-6.30472, -0.09015, 2.17252]",open,
156.35,1786780004.2468,sample,"[1.35185, -1.4116, 1.99366, -2.1271, 4.65659, -0.0]","[-6.30549, -0.09357, 2.17148]",open,
156.45,1786780004.3529,sample,"[1.35185, -1.42885, 2.01253, -2.1271, 4.65659, -0.0]","[-6.30791, -0.10441, 2.1721]",open,
156.55,1786780004.4558,sample,"[1.35184, -1.43745, 2.02174, -2.1271, 4.65659, -0.0]","[-6.30909, -0.10974, 2.17247]",open,
156.65,1786780004.5649,sample,"[1.35184, -1.44062, 2.02512, -2.1271, 4.65659, -0.0]","[-6.30952, -0.11171, 2.17259]",open,
156.75,1786780004.6678,sample,"[1.35184, -1.44179, 2.02636, -2.1271, 4.65659, -0.0]","[-6.30968, -0.11243, 2.17264]",open,
156.85,1786780004.7722,sample,"[1.35184, -1.44222, 2.02684, -2.1271, 4.65659, -0.0]","[-6.30974, -0.1127, 2.17265]",open,
156.95,1786780004.8762,sample,"[1.35184, -1.44237, 2.02701, -2.1271, 4.65659, -0.0]","[-6.30976, -0.1128, 2.17265]",open,
157.05,1786780004.9857,sample,"[1.35184, -1.43905, 2.02703, -2.1271, 4.65659, -0.0]","[-6.30962, -0.11217, 2.17042]",open,
157.15,1786780005.0901,sample,"[1.35184, -1.43489, 2.02702, -2.1271, 4.65659, -0.0]","[-6.30945, -0.11139, 2.16763]",open,
157.25,1786780005.1939,sample,"[1.35184, -1.43336, 2.02702, -2.1271, 4.65659, -0.0]","[-6.30939, -0.11111, 2.16661]",open,
157.35,1786780005.2969,sample,"[1.35184, -1.43279, 2.02702, -2.1271, 4.65659, -0.0]","[-6.30936, -0.111, 2.16623]",open,
157.45,1786780005.3987,sample,"[1.35184, -1.43259, 2.02702, -2.1271, 4.65659, -0.0]","[-6.30936, -0.11096, 2.1661]",open,
157.55,1786780005.4996,sample,"[1.35184, -1.43252, 2.02702, -2.1271, 4.65659, -0.0]","[-6.30935, -0.11095, 2.16605]",open,
157.65,1786780005.6049,sample,"[1.35184, -1.43249, 2.02702, -2.1271, 4.65659, -0.0]","[-6.30935, -0.11094, 2.16603]",open,
157.75,1786780005.7044,sample,"[1.35184, -1.43246, 2.02702, -2.1271, 4.65659, -0.0]","[-6.30935, -0.11094, 2.16601]",open,
157.85,1786780005.7983,sample,"[1.35184, -1.43245, 2.02702, -2.1271, 4.65659, -0.0]","[-6.30935, -0.11094, 2.16601]",open,
157.95,1786780005.8962,sample,"[1.35184, -1.43245, 2.02702, -2.1271, 4.65659, -0.0]","[-6.30935, -0.11094, 2.16601]",open,
158.05,1786780005.9913,sample,"[1.35184, -1.43245, 2.02702, -2.1271, 4.65659, -0.0]","[-6.30935, -0.11094, 2.16601]",open,
158.15,1786780006.0881,sample,"[1.35184, -1.43245, 2.02702, -2.1271, 4.65659, -0.0]","[-6.30935, -0.11094, 2.16601]",open,
158.25,1786780006.1878,sample,"[1.35184, -1.43245, 2.02702, -2.1271, 4.65659, -0.0]","[-6.30935, -0.11094, 2.16601]",open,
158.35,1786780006.2851,sample,"[1.35184, -1.43245, 2.02702, -2.1271, 4.65659, -0.0]","[-6.30935, -0.11094, 2.16601]",open,
158.45,1786780006.4488,sample,"[1.35184, -1.43245, 2.02705, -2.1271, 4.6566, -0.0]","[-6.30935, -0.11095, 2.16599]",closed,pkg_002
158.55,1786780006.5574,sample,"[1.35184, -1.43245, 2.02706, -2.12709, 4.6566, -0.0]","[-6.30935, -0.11096, 2.16598]",closed,pkg_002
158.65,1786780006.6709,sample,"[1.35184, -1.43245, 2.02707, -2.12709, 4.65661, -0.0]","[-6.30936, -0.11096, 2.16597]",closed,pkg_002
158.75,1786780006.7754,sample,"[1.35184, -1.43245, 2.02708, -2.12709, 4.65662, -0.0]","[-6.30936, -0.11096, 2.16597]",closed,pkg_002
158.85,1786780006.8804,sample,"[1.35184, -1.43246, 2.02708, -2.12709, 4.65663, -0.0]","[-6.30936, -0.11097, 2.16597]",closed,pkg_002
158.95,1786780006.9878,sample,"[1.35184, -1.43246, 2.02709, -2.12709, 4.65663, -0.0]","[-6.30936, -0.11097, 2.16597]",closed,pkg_002
159.05,1786780007.0953,sample,"[1.35184, -1.43246, 2.02709, -2.12709, 4.65664, -0.0]","[-6.30936, -0.11097, 2.16596]",closed,pkg_002
159.15,1786780007.2002,sample,"[1.35184, -1.43246, 2.02709, -2.12709, 4.65664, -0.0]","[-6.30936, -0.11097, 2.16596]",closed,pkg_002
159.25,1786780007.3032,sample,"[1.35184, -1.43246, 2.0271, -2.12709, 4.65664, -0.0]","[-6.30936, -0.11097, 2.16596]",closed,pkg_002
159.35,1786780007.4058,sample,"[1.35184, -1.43246, 2.0271, -2.12709, 4.65664, -0.0]","[-6.30936, -0.11097, 2.16596]",closed,pkg_002
159.45,1786780007.5202,sample,"[1.35184, -1.43322, 2.02711, -2.12709, 4.65664, -0.0]","[-6.3094, -0.11112, 2.16647]",closed,pkg_002
159.55,1786780007.6262,sample,"[1.35185, -1.44846, 2.02715, -2.1271, 4.65663, -0.0]","[-6.31005, -0.11403, 2.17663]",closed,pkg_002
159.65,1786780007.7376,sample,"[1.35186, -1.47302, 2.02716, -2.12711, 4.65662, -0.0]","[-6.31116, -0.11902, 2.19297]",closed,pkg_002
159.75,1786780007.8435,sample,"[1.35186, -1.50103, 2.02715, -2.12711, 4.6566, -0.0]","[-6.31253, -0.12517, 2.21143]",closed,pkg_002
159.85,1786780007.9464,sample,"[1.35186, -1.53029, 2.02714, -2.12711, 4.65657, -0.0]","[-6.31408, -0.13215, 2.23053]",closed,pkg_002
159.95,1786780008.055,sample,"[1.35186, -1.56002, 2.02715, -2.12712, 4.65655, -0.0]","[-6.31578, -0.13979, 2.2497]",closed,pkg_002
160.05,1786780008.1642,sample,"[1.35186, -1.58992, 2.02715, -2.12712, 4.65655, -0.0]","[-6.31761, -0.14803, 2.26874]",closed,pkg_002
160.15,1786780008.2749,sample,"[1.35186, -1.61989, 2.02716, -2.12711, 4.65656, -0.0]","[-6.31957, -0.15685, 2.28755]",closed,pkg_002
160.25,1786780008.3823,sample,"[1.35186, -1.64987, 2.02718, -2.12711, 4.65656, -0.0]","[-6.32166, -0.16622, 2.3061]",closed,pkg_002
160.35,1786780008.4965,sample,"[1.35186, -1.67987, 2.02717, -2.12711, 4.65656, -0.0]","[-6.32387, -0.17613, 2.32437]",closed,pkg_002
160.45,1786780008.5945,sample,"[1.36128, -1.70987, 2.02716, -2.12711, 4.65655, -0.0]","[-6.33196, -0.18684, 2.34233]",closed,pkg_002
160.55,1786780008.6923,sample,"[1.3837, -1.73987, 2.02715, -2.12711, 4.65653, 0.0]","[-6.34779, -0.19875, 2.35996]",closed,pkg_002
160.65,1786780008.7971,sample,"[1.41092, -1.76987, 2.02716, -2.12711, 4.65652, 0.0]","[-6.36601, -0.21188, 2.37724]",closed,pkg_002
160.75,1786780008.8946,sample,"[1.4399, -1.79987, 2.02716, -2.12711, 4.65651, 0.0]","[-6.38462, -0.2262, 2.39416]",closed,pkg_002
160.85,1786780008.9894,sample,"[1.46953, -1.82987, 2.02717, -2.12712, 4.65652, -0.0]","[-6.40288, -0.24166, 2.4107]",closed,pkg_002
160.95,1786780009.0886,sample,"[1.4994, -1.85988, 2.02715, -2.12711, 4.6565, -0.0]","[-6.42045, -0.25821, 2.42687]",closed,pkg_002
161.05,1786780009.1957,sample,"[1.52935, -1.88988, 2.02715, -2.12711, 4.65649, 0.0]","[-6.43719, -0.27579, 2.44262]",closed,pkg_002
161.15,1786780009.3113,sample,"[1.55934, -1.91989, 2.02715, -2.12711, 4.65647, 0.0]","[-6.453, -0.29434, 2.45795]",closed,pkg_002
161.25,1786780009.4162,sample,"[1.58933, -1.94989, 2.02715, -2.12711, 4.65645, 0.0]","[-6.46783, -0.31382, 2.47285]",closed,pkg_002
161.35,1786780009.5201,sample,"[1.61933, -1.97989, 2.02715, -2.1271, 4.65643, 0.0]","[-6.4816, -0.33415, 2.4873]",closed,pkg_002
161.45,1786780009.6251,sample,"[1.64934, -2.0099, 2.02715, -2.1271, 4.65642, 0.0]","[-6.49427, -0.35529, 2.5013]",closed,pkg_002
161.55,1786780009.7294,sample,"[1.67934, -2.0399, 2.02715, -2.1271, 4.6564, 0.0]","[-6.5058, -0.37716, 2.51482]",closed,pkg_002
161.65,1786780009.842,sample,"[1.70934, -2.0699, 2.02715, -2.12709, 4.6564, 0.0]","[-6.51613, -0.39971, 2.52785]",closed,pkg_002
161.75,1786780009.954,sample,"[1.73935, -2.0999, 2.02715, -2.12709, 4.6564, 0.0]","[-6.52524, -0.42285, 2.54039]",closed,pkg_002
161.85,1786780010.063,sample,"[1.76935, -2.12991, 2.02715, -2.12709, 4.6564, 0.0]","[-6.53308, -0.44653, 2.55243]",closed,pkg_002
161.95,1786780010.172,sample,"[1.79935, -2.15991, 2.02715, -2.12709, 4.6564, 0.0]","[-6.53963, -0.47067, 2.56394]",closed,pkg_002
162.05,1786780010.2808,sample,"[1.82935, -2.18992, 2.02715, -2.12709, 4.6564, 0.0]","[-6.54485, -0.4952, 2.57493]",closed,pkg_002
162.15,1786780010.3879,sample,"[1.85936, -2.21992, 2.02715, -2.1271, 4.6564, 0.0]","[-6.54874, -0.52004, 2.58538]",closed,pkg_002
162.25,1786780010.496,sample,"[1.88936, -2.24993, 2.02715, -2.12709, 4.6564, 0.0]","[-6.55125, -0.54511, 2.59528]",closed,pkg_002
162.35,1786780010.6021,sample,"[1.91936, -2.27993, 2.02715, -2.1271, 4.65641, 0.0]","[-6.5524, -0.57034, 2.60463]",closed,pkg_002
162.45,1786780010.7109,sample,"[1.94936, -2.30994, 2.02715, -2.1271, 4.65641, 0.0]","[-6.55217, -0.59564, 2.61341]",closed,pkg_002
162.55,1786780010.8242,sample,"[1.97936, -2.33995, 2.02715, -2.1271, 4.65641, 0.0]","[-6.55054, -0.62094, 2.62161]",closed,pkg_002
162.65,1786780010.9439,sample,"[2.00936, -2.36995, 2.02715, -2.1271, 4.65641, 0.0]","[-6.54754, -0.64615, 2.62924]",closed,pkg_002
162.75,1786780011.057,sample,"[2.03936, -2.39995, 2.02715, -2.1271, 4.65641, 0.0]","[-6.54315, -0.67121, 2.63628]",closed,pkg_002
162.85,1786780011.1668,sample,"[2.06936, -2.42996, 2.02715, -2.1271, 4.65641, 0.0]","[-6.5374, -0.69602, 2.64272]",closed,pkg_002
162.95,1786780011.2778,sample,"[2.09936, -2.45996, 2.02715, -2.1271, 4.65641, 0.0]","[-6.53029, -0.72052, 2.64857]",closed,pkg_002
163.05,1786780011.3859,sample,"[2.12936, -2.48996, 2.02714, -2.1271, 4.65641, 0.0]","[-6.52185, -0.74462, 2.65381]",closed,pkg_002
163.15,1786780011.4923,sample,"[2.15936, -2.51997, 2.02714, -2.1271, 4.65641, 0.0]","[-6.51209, -0.76826, 2.65844]",closed,pkg_002
163.25,1786780011.5992,sample,"[2.18936, -2.54998, 2.02714, -2.1271, 4.65641, 0.0]","[-6.50105, -0.79135, 2.66246]",closed,pkg_002
163.35,1786780011.7063,sample,"[2.21935, -2.57998, 2.02714, -2.1271, 4.65641, 0.0]","[-6.48876, -0.81382, 2.66586]",closed,pkg_002
163.45,1786780011.8204,sample,"[2.24935, -2.60999, 2.02714, -2.1271, 4.65641, 0.0]","[-6.47526, -0.8356, 2.66865]",closed,pkg_002
163.55,1786780011.9436,sample,"[2.27935, -2.63999, 2.02713, -2.1271, 4.65641, 0.0]","[-6.46058, -0.85663, 2.67081]",closed,pkg_002
163.65,1786780012.0549,sample,"[2.30935, -2.66999, 2.02713, -2.1271, 4.65641, 0.0]","[-6.44478, -0.87684, 2.67234]",closed,pkg_002
163.75,1786780012.1578,sample,"[2.3352, -2.7, 2.02712, -2.1271, 4.65641, 0.0]","[-6.42829, -0.89563, 2.67325]",closed,pkg_002
163.85,1786780012.2628,sample,"[2.34577, -2.72663, 2.02711, -2.1271, 4.6564, 0.0]","[-6.41429, -0.91024, 2.67354]",closed,pkg_002
163.95,1786780012.3854,sample,"[2.34966, -2.75168, 2.0271, -2.1271, 4.6564, 0.0]","[-6.40159, -0.9231, 2.67335]",closed,pkg_002
164.05,1786780012.5114,sample,"[2.3511, -2.7649, 2.02708, -2.1271, 4.6564, 0.0]","[-6.39493, -0.9298, 2.67309]",closed,pkg_002
164.15,1786780012.6493,sample,"[2.35163, -2.76977, 2.02706, -2.1271, 4.6564, 0.0]","[-6.39247, -0.93226, 2.67297]",closed,pkg_002
164.25,1786780012.7533,sample,"[2.35182, -2.78412, 2.02707, -2.1271, 4.6564, 0.0]","[-6.38542, -0.93937, 2.67247]",closed,pkg_002
164.35,1786780012.8566,sample,"[2.35184, -2.80836, 2.02708, -2.1271, 4.6564, 0.0]","[-6.37356, -0.95134, 2.67132]",closed,pkg_002
164.45,1786780012.9579,sample,"[2.35186, -2.83625, 2.02708, -2.1271, 4.6564, 0.0]","[-6.35994, -0.96507, 2.6695]",closed,pkg_002
164.55,1786780013.0643,sample,"[2.35188, -2.86547, 2.02708, -2.1271, 4.6564, 0.0]","[-6.3457, -0.97943, 2.66701]",closed,pkg_002
164.65,1786780013.1748,sample,"[2.35189, -2.89519, 2.02708, -2.1271, 4.6564, 0.0]","[-6.33129, -0.99396, 2.66388]",closed,pkg_002
164.75,1786780013.2878,sample,"[2.35191, -2.91569, 2.02704, -2.1271, 4.6564, 0.0]","[-6.32137, -1.00396, 2.66138]",closed,pkg_002
164.85,1786780013.3957,sample,"[2.35193, -2.92323, 2.02701, -2.1271, 4.6564, 0.0]","[-6.31773, -1.00763, 2.6604]",closed,pkg_002
164.95,1786780013.494,sample,"[2.35195, -2.92601, 2.02702, -2.1271, 4.6564, 0.0]","[-6.31639, -1.00898, 2.66002]",closed,pkg_002
165.05,1786780013.5949,sample,"[2.35196, -2.92702, 2.02702, -2.1271, 4.6564, 0.0]","[-6.3159, -1.00947, 2.65988]",closed,pkg_002
165.15,1786780013.6994,sample,"[2.36449, -2.92739, 2.02701, -2.1271, 4.6564, 0.0]","[-6.31309, -1.00983, 2.65983]",closed,pkg_002
165.25,1786780013.8033,sample,"[2.38806, -2.92753, 2.02701, -2.1271, 4.6564, 0.0]","[-6.30807, -1.01015, 2.65981]",closed,pkg_002
165.35,1786780013.9043,sample,"[2.4157, -2.92755, 2.02701, -2.1271, 4.6564, 0.0]","[-6.30225, -1.0103, 2.65981]",closed,pkg_002
165.45,1786780014.0159,sample,"[2.44483, -2.92757, 2.02701, -2.1271, 4.6564, 0.0]","[-6.29612, -1.01028, 2.65981]",closed,pkg_002
165.55,1786780014.1178,sample,"[2.47451, -2.92758, 2.02701, -2.1271, 4.6564, 0.0]","[-6.28987, -1.01008, 2.6598]",closed,pkg_002
165.65,1786780014.2282,sample,"[2.50439, -2.9276, 2.02701, -2.1271, 4.6564, 0.0]","[-6.28359, -1.00969, 2.6598]",closed,pkg_002
165.75,1786780014.3335,sample,"[2.53435, -2.9276, 2.02289, -2.1271, 4.6564, 0.0]","[-6.27544, -1.01041, 2.66169]",closed,pkg_002
165.85,1786780014.4328,sample,"[2.56433, -2.9276, 2.00348, -2.1271, 4.6564, 0.0]","[-6.26005, -1.0155, 2.67047]",closed,pkg_002
165.95,1786780014.5341,sample,"[2.59433, -2.92759, 1.97737, -2.1271, 4.6564, 0.0]","[-6.24091, -1.02194, 2.68195]",closed,pkg_002
166.05,1786780014.6309,sample,"[2.62433, -2.92759, 1.9488, -2.1271, 4.65641, 0.0]","[-6.21985, -1.02828, 2.69406]",closed,pkg_002
166.15,1786780014.7286,sample,"[2.65432, -2.92759, 1.91932, -2.1271, 4.65641, 0.0]","[-6.19758, -1.03397, 2.70605]",closed,pkg_002
166.25,1786780014.8333,sample,"[2.68432, -2.92759, 1.88951, -2.1271, 4.65641, 0.0]","[-6.17443, -1.03875, 2.71765]",closed,pkg_002
166.35,1786780014.9413,sample,"[2.71432, -2.92758, 1.85957, -2.1271, 4.65641, 0.0]","[-6.15053, -1.04252, 2.72875]",closed,pkg_002
166.45,1786780015.0446,sample,"[2.74432, -2.92758, 1.82959, -2.1271, 4.6564, 0.0]","[-6.12598, -1.04521, 2.7393]",closed,pkg_002
166.55,1786780015.1629,sample,"[2.77432, -2.92759, 1.7996, -2.1271, 4.6564, 0.0]","[-6.10085, -1.04674, 2.7493]",closed,pkg_002
166.65,1786780015.2692,sample,"[2.80433, -2.92543, 1.76959, -2.1271, 4.6564, 0.0]","[-6.07681, -1.04653, 2.75935]",closed,pkg_002
166.75,1786780015.3656,sample,"[2.83433, -2.90795, 1.75213, -2.1271, 4.6564, 0.0]","[-6.0718, -1.03899, 2.76977]",closed,pkg_002
166.85,1786780015.4639,sample,"[2.86019, -2.88255, 1.74572, -2.1271, 4.6564, 0.0]","[-6.08117, -1.02854, 2.77893]",closed,pkg_002
166.95,1786780015.5666,sample,"[2.87076, -2.85423, 1.74337, -2.1271, 4.6564, 0.0]","[-6.09931, -1.02051, 2.78714]",closed,pkg_002
167.05,1786780015.6696,sample,"[2.87465, -2.82485, 1.74252, -2.1271, 4.6564, 0.0]","[-6.121, -1.01356, 2.79451]",closed,pkg_002
167.15,1786780015.7695,sample,"[2.87609, -2.79507, 1.7422, -2.1271, 4.6564, 0.0]","[-6.1441, -1.00694, 2.80108]",closed,pkg_002
167.25,1786780015.8809,sample,"[2.87662, -2.76515, 1.7421, -2.1271, 4.6564, 0.0]","[-6.16781, -1.00039, 2.80688]",closed,pkg_002
167.35,1786780015.9793,sample,"[2.87681, -2.73517, 1.7295, -2.1271, 4.6564, 0.0]","[-6.18463, -0.9958, 2.81698]",closed,pkg_002
167.45,1786780016.0772,sample,"[2.87685, -2.70518, 1.7059, -2.1271, 4.65639, 0.0]","[-6.19555, -0.99283, 2.83116]",closed,pkg_002
167.55,1786780016.1874,sample,"[2.8769, -2.67518, 1.67826, -2.1271, 4.65639, 0.0]","[-6.20462, -0.99036, 2.84673]",closed,pkg_002
167.65,1786780016.2782,sample,"[2.87694, -2.64518, 1.64912, -2.1271, 4.65639, 0.0]","[-6.21331, -0.988, 2.86265]",closed,pkg_002
167.75,1786780016.3753,sample,"[2.87697, -2.61518, 1.61944, -2.1271, 4.65639, 0.0]","[-6.22216, -0.9856, 2.87854]",closed,pkg_002
167.85,1786780016.4813,sample,"[2.87698, -2.58518, 1.58955, -2.1271, 4.65639, 0.0]","[-6.23136, -0.9831, 2.89422]",closed,pkg_002
167.95,1786780016.5878,sample,"[2.87698, -2.55517, 1.5596, -2.1271, 4.65639, 0.0]","[-6.24097, -0.9805, 2.90965]",closed,pkg_002
168.05,1786780016.6934,sample,"[2.87698, -2.52517, 1.52961, -2.1271, 4.65639, 0.0]","[-6.25101, -0.97778, 2.92478]",closed,pkg_002
168.15,1786780016.8009,sample,"[2.87698, -2.49516, 1.49962, -2.1271, 4.65639, 0.0]","[-6.26148, -0.97494, 2.9396]",closed,pkg_002
168.25,1786780016.9076,sample,"[2.87698, -2.46516, 1.46962, -2.1271, 4.6564, 0.0]","[-6.27237, -0.97199, 2.95408]",closed,pkg_002
168.35,1786780017.0113,sample,"[2.88952, -2.43515, 1.44039, -2.1271, 4.6564, 0.0]","[-6.282, -0.9686, 2.96792]",closed,pkg_002
168.45,1786780017.1066,sample,"[2.9131, -2.40515, 1.42562, -2.1271, 4.6564, 0.0]","[-6.2986, -0.96334, 2.97545]",closed,pkg_002
168.55,1786780017.2191,sample,"[2.94074, -2.37514, 1.42019, -2.1271, 4.6564, 0.0]","[-6.32041, -0.95788, 2.97849]",closed,pkg_002
168.65,1786780017.3158,sample,"[2.96987, -2.34514, 1.4182, -2.1271, 4.6564, 0.0]","[-6.3443, -0.95347, 2.97927]",closed,pkg_002
168.75,1786780017.4204,sample,"[2.99955, -2.31511, 1.40808, -2.1271, 4.65639, 0.0]","[-6.36396, -0.95125, 2.98294]",closed,pkg_002
168.85,1786780017.5224,sample,"[3.02944, -2.28511, 1.38539, -2.12709, 4.65639, 0.0]","[-6.37705, -0.95111, 2.99183]",closed,pkg_002
168.95,1786780017.6258,sample,"[3.0594, -2.25511, 1.35808, -2.12709, 4.65639, 0.0]","[-6.38797, -0.95207, 3.0024]",closed,pkg_002
169.05,1786780017.7205,sample,"[3.08939, -2.2251, 1.32907, -2.12709, 4.65639, 0.0]","[-6.3983, -0.95386, 3.01334]",closed,pkg_002
169.15,1786780017.8167,sample,"[3.11939, -2.1951, 1.29943, -2.12709, 4.65639, 0.0]","[-6.40858, -0.95641, 3.02412]",closed,pkg_002
169.25,1786780017.9214,sample,"[3.14939, -2.16509, 1.26956, -2.12709, 4.65639, 0.0]","[-6.41897, -0.95971, 3.03457]",closed,pkg_002
169.35,1786780018.0292,sample,"[3.17525, -2.13509, 1.23961, -2.12709, 4.6564, 0.0]","[-6.43019, -0.96325, 3.0446]",closed,pkg_002
169.45,1786780018.135,sample,"[3.18583, -2.10508, 1.20963, -2.12709, 4.6564, 0.0]","[-6.44411, -0.96532, 3.05417]",closed,pkg_002
169.55,1786780018.2546,sample,"[3.18972, -2.07507, 1.17964, -2.12709, 4.6564, 0.0]","[-6.4594, -0.96664, 3.06328]",closed,pkg_002
169.65,1786780018.3692,sample,"[3.19115, -2.04506, 1.14964, -2.12709, 4.6564, 0.0]","[-6.47536, -0.96767, 3.0719]",closed,pkg_002
169.75,1786780018.4642,sample,"[3.19168, -2.01507, 1.12904, -2.12709, 4.6564, 0.0]","[-6.49685, -0.96885, 3.07567]",closed,pkg_002
169.85,1786780018.5659,sample,"[3.19188, -1.98505, 1.12146, -2.1271, 4.6564, 0.0]","[-6.52562, -0.97034, 3.07267]",closed,pkg_002
169.95,1786780018.6674,sample,"[3.19193, -1.95504, 1.11868, -2.1271, 4.6564, 0.0]","[-6.55691, -0.97193, 3.06653]",closed,pkg_002
170.05,1786780018.7638,sample,"[3.19193, -1.92502, 1.11766, -2.1271, 4.6564, 0.0]","[-6.58893, -0.97354, 3.0586]",closed,pkg_002
170.15,1786780018.8642,sample,"[3.19193, -1.89501, 1.11729, -2.1271, 4.6564, 0.0]","[-6.62104, -0.97516, 3.04939]",closed,pkg_002
170.25,1786780018.9639,sample,"[3.19193, -1.865, 1.11716, -2.1271, 4.6564, 0.0]","[-6.65296, -0.97677, 3.0391]",closed,pkg_002
170.35,1786780019.0635,sample,"[3.19194, -1.83499, 1.11712, -2.1271, 4.6564, 0.0]","[-6.68462, -0.97836, 3.02779]",closed,pkg_002
170.45,1786780019.161,sample,"[3.19194, -1.80498, 1.11712, -2.12711, 4.6564, 0.0]","[-6.71593, -0.97994, 3.01553]",closed,pkg_002
170.55,1786780019.2582,sample,"[3.19194, -1.77497, 1.11711, -2.12711, 4.6564, 0.0]","[-6.74686, -0.9815, 3.00233]",closed,pkg_002
170.65,1786780019.3661,sample,"[3.19195, -1.74496, 1.11712, -2.12711, 4.6564, 0.0]","[-6.77739, -0.98304, 2.9882]",closed,pkg_002
170.75,1786780019.4637,sample,"[3.19195, -1.71496, 1.11712, -2.12711, 4.6564, 0.0]","[-6.80747, -0.98456, 2.97316]",closed,pkg_002
170.85,1786780019.5607,sample,"[3.19195, -1.68495, 1.11713, -2.12711, 4.65639, 0.0]","[-6.8371, -0.98605, 2.95722]",closed,pkg_002
170.95,1786780019.6575,sample,"[3.19196, -1.65494, 1.11713, -2.12711, 4.65639, 0.0]","[-6.86623, -0.98752, 2.94041]",closed,pkg_002
171.05,1786780019.7534,sample,"[3.19196, -1.62494, 1.11713, -2.12711, 4.65639, 0.0]","[-6.89484, -0.98897, 2.92272]",closed,pkg_002
171.15,1786780019.8535,sample,"[3.19196, -1.59493, 1.11714, -2.12711, 4.65639, 0.0]","[-6.92291, -0.99039, 2.90418]",closed,pkg_002
171.25,1786780019.9494,sample,"[3.19197, -1.56493, 1.11713, -2.12711, 4.65639, 0.0]","[-6.95042, -0.99177, 2.88481]",closed,pkg_002
171.35,1786780020.065,sample,"[3.19197, -1.53492, 1.11714, -2.12711, 4.65638, 0.0]","[-6.97732, -0.99313, 2.86463]",closed,pkg_002
171.45,1786780020.1674,sample,"[3.19197, -1.5049, 1.11299, -2.12711, 4.65639, 0.0]","[-7.00256, -0.9944, 2.84641]",closed,pkg_002
171.55,1786780020.2637,sample,"[3.19197, -1.47489, 1.09357, -2.12711, 4.65639, 0.0]","[-7.02354, -0.99546, 2.83781]",closed,pkg_002
171.65,1786780020.3653,sample,"[3.19197, -1.44489, 1.06746, -2.12711, 4.65639, 0.0]","[-7.04274, -0.99643, 2.83316]",closed,pkg_002
171.75,1786780020.4636,sample,"[3.19197, -1.41489, 1.03888, -2.12711, 4.65639, 0.0]","[-7.06125, -0.99736, 2.82961]",closed,pkg_002
171.85,1786780020.5609,sample,"[3.19197, -1.38488, 1.00941, -2.12711, 4.65639, 0.0]","[-7.07946, -0.99828, 2.82613]",closed,pkg_002
171.95,1786780020.6693,sample,"[3.19196, -1.35487, 0.9796, -2.12711, 4.65638, 0.0]","[-7.09748, -0.99918, 2.82233]",closed,pkg_002
172.05,1786780020.7783,sample,"[3.19196, -1.32486, 0.94968, -2.12711, 4.65638, 0.0]","[-7.11536, -1.00008, 2.81807]",closed,pkg_002
172.15,1786780020.8835,sample,"[3.19196, -1.29487, 0.92384, -2.12711, 4.65637, 0.0]","[-7.13409, -1.00103, 2.81052]",closed,pkg_002
172.25,1786780020.9819,sample,"[3.19195, -1.26486, 0.91328, -2.12711, 4.65636, 0.0]","[-7.15629, -1.00214, 2.79206]",closed,pkg_002
172.35,1786780021.0821,sample,"[3.19195, -1.23484, 0.9094, -2.12711, 4.65636, 0.0]","[-7.17951, -1.00331, 2.76838]",closed,pkg_002
172.45,1786780021.1804,sample,"[3.19195, -1.20483, 0.90797, -2.12711, 4.65637, 0.0]","[-7.20256, -1.00447, 2.74235]",closed,pkg_002
172.55,1786780021.2799,sample,"[3.19195, -1.17482, 0.90745, -2.12711, 4.65636, 0.0]","[-7.225, -1.0056, 2.71501]",closed,pkg_002
172.65,1786780021.3802,sample,"[3.19194, -1.14481, 0.90726, -2.12711, 4.65636, 0.0]","[-7.24667, -1.00668, 2.68679]",closed,pkg_002
172.75,1786780021.4783,sample,"[3.19194, -1.11481, 0.90719, -2.12711, 4.65636, 0.0]","[-7.26751, -1.00773, 2.65784]",closed,pkg_002
172.85,1786780021.5808,sample,"[3.19194, -1.0848, 0.90717, -2.12711, 4.65637, 0.0]","[-7.28747, -1.00873, 2.62825]",closed,pkg_002
172.95,1786780021.681,sample,"[3.19192, -1.06417, 0.90718, -2.12711, 4.65637, 0.0]","[-7.30068, -1.00939, 2.60753]",closed,pkg_002
173.05,1786780021.7803,sample,"[3.19191, -1.0566, 0.90718, -2.12711, 4.65637, 0.0]","[-7.30543, -1.00962, 2.59987]",closed,pkg_002
173.15,1786780021.8803,sample,"[3.1919, -1.05382, 0.90717, -2.12711, 4.65637, 0.0]","[-7.30715, -1.00969, 2.59706]",closed,pkg_002
173.25,1786780021.9775,sample,"[3.19189, -1.0528, 0.90716, -2.12711, 4.65637, 0.0]","[-7.30778, -1.00972, 2.59603]",closed,pkg_002
173.35,1786780022.0786,sample,"[3.19189, -1.05242, 0.90715, -2.12711, 4.65637, 0.0]","[-7.30802, -1.00972, 2.59565]",closed,pkg_002
173.45,1786780022.1803,sample,"[3.19188, -1.05229, 0.90715, -2.1271, 4.65637, 0.0]","[-7.3081, -1.00972, 2.59551]",closed,pkg_002
173.55,1786780022.2769,sample,"[3.19187, -1.05225, 0.90715, -2.1271, 4.65637, 0.0]","[-7.30813, -1.00971, 2.59547]",closed,pkg_002
173.65,1786780022.3785,sample,"[3.19846, -1.05222, 0.90715, -2.12711, 4.65638, 0.0]","[-7.30674, -1.01635, 2.59544]",closed,pkg_002
173.75,1786780022.4887,sample,"[3.21951, -1.05221, 0.90715, -2.12711, 4.65639, 0.0]","[-7.30197, -1.0375, 2.59543]",closed,pkg_002
173.85,1786780022.5978,sample,"[3.24546, -1.05221, 0.90715, -2.12711, 4.6564, 0.0]","[-7.29548, -1.06341, 2.59543]",closed,pkg_002
173.95,1786780022.7068,sample,"[3.25902, -1.05221, 0.90715, -2.12711, 4.65639, 0.0]","[-7.29181, -1.07688, 2.59543]",closed,pkg_002
174.05,1786780022.8177,sample,"[3.26618, -1.05221, 0.90715, -2.12711, 4.65639, 0.0]","[-7.28981, -1.08398, 2.59543]",closed,pkg_002
174.15,1786780022.922,sample,"[3.28551, -1.05221, 0.90715, -2.12712, 4.65639, 0.0]","[-7.28413, -1.10306, 2.59543]",closed,pkg_002
174.25,1786780023.0722,sample,"[3.30219, -1.05221, 0.90713, -2.12712, 4.65639, 0.0]","[-7.27893, -1.11943, 2.59545]",open,
174.35,1786780023.1863,sample,"[3.30833, -1.05221, 0.90712, -2.12712, 4.65639, 0.0]","[-7.27696, -1.12543, 2.59546]",open,
174.45,1786780023.2875,sample,"[3.31059, -1.05221, 0.90712, -2.12712, 4.65639, 0.0]","[-7.27622, -1.12764, 2.59546]",open,
174.55,1786780023.3899,sample,"[3.31142, -1.05221, 0.90711, -2.12712, 4.65639, 0.0]","[-7.27594, -1.12845, 2.59546]",open,
174.65,1786780023.4956,sample,"[3.31171, -1.05221, 0.90711, -2.12712, 4.65639, 0.0]","[-7.27585, -1.12874, 2.59546]",open,
174.75,1786780023.6138,sample,"[3.31182, -1.05221, 0.90711, -2.12712, 4.65639, 0.0]","[-7.27581, -1.12885, 2.59546]",open,
174.85,1786780023.7197,sample,"[3.31182, -1.05221, 0.90711, -2.12712, 4.65639, 0.0]","[-7.27581, -1.12884, 2.59547]",open,
174.95,1786780023.8202,sample,"[3.31182, -1.05221, 0.9071, -2.12712, 4.65639, 0.0]","[-7.27581, -1.12884, 2.59547]",open,
175.05,1786780023.929,sample,"[3.31182, -1.05221, 0.9071, -2.12712, 4.65639, 0.0]","[-7.27581, -1.12884, 2.59547]",open,
175.15,1786780024.0413,sample,"[3.29931, -1.05221, 0.9071, -2.12711, 4.6564, 0.0]","[-7.27985, -1.11661, 2.59547]",open,
175.25,1786780024.1433,sample,"[3.27574, -1.05222, 0.9071, -2.12711, 4.6564, 0.0]","[-7.28703, -1.09343, 2.59547]",open,
175.35,1786780024.2493,sample,"[3.24811, -1.05222, 0.9071, -2.1271, 4.65641, 0.0]","[-7.29476, -1.06605, 2.59547]",open,
175.45,1786780024.355,sample,"[3.21898, -1.05222, 0.9071, -2.1271, 4.65641, 0.0]","[-7.30209, -1.03696, 2.59548]",open,
175.55,1786780024.4584,sample,"[3.1893, -1.05222, 0.9071, -2.12709, 4.65642, 0.0]","[-7.30868, -1.00712, 2.59548]",open,
175.65,1786780024.5721,sample,"[3.15941, -1.05222, 0.9071, -2.12709, 4.65643, 0.0]","[-7.31442, -0.97689, 2.59548]",open,
175.75,1786780024.6921,sample,"[3.12946, -1.05223, 0.9071, -2.12709, 4.65643, 0.0]","[-7.31926, -0.94643, 2.59548]",open,
175.85,1786780024.8022,sample,"[3.09947, -1.05223, 0.9071, -2.12709, 4.65644, 0.0]","[-7.32319, -0.9158, 2.59548]",open,
175.95,1786780024.9242,sample,"[3.06948, -1.05223, 0.9071, -2.12709, 4.65644, 0.0]","[-7.3262, -0.88507, 2.59548]",open,
176.05,1786780025.0411,sample,"[3.03948, -1.05223, 0.9071, -2.12709, 4.65644, 0.0]","[-7.32829, -0.85425, 2.59549]",open,
176.15,1786780025.1619,sample,"[3.00948, -1.05223, 0.9071, -2.12709, 4.65645, 0.0]","[-7.32945, -0.82338, 2.59549]",open,
176.25,1786780025.2759,sample,"[2.97948, -1.05223, 0.9071, -2.12709, 4.65645, 0.0]","[-7.32969, -0.79249, 2.59549]",open,
176.35,1786780025.392,sample,"[2.94948, -1.05223, 0.9071, -2.12709, 4.65645, 0.0]","[-7.329, -0.76161, 2.59549]",open,
176.45,1786780025.5071,sample,"[2.91948, -1.05224, 0.9071, -2.12709, 4.65645, 0.0]","[-7.32739, -0.73076, 2.59549]",open,
176.55,1786780025.624,sample,"[2.88948, -1.05224, 0.9071, -2.12709, 4.65646, 0.0]","[-7.32485, -0.69997, 2.59549]",open,
176.65,1786780025.7498,sample,"[2.85947, -1.05224, 0.9071, -2.12709, 4.65646, 0.0]","[-7.32138, -0.66928, 2.59549]",open,
176.75,1786780025.8667,sample,"[2.82947, -1.05224, 0.9071, -2.12709, 4.65646, 0.0]","[-7.317, -0.6387, 2.59549]",open,
176.85,1786780025.9799,sample,"[2.79947, -1.05224, 0.9071, -2.12709, 4.65647, 0.0]","[-7.31171, -0.60826, 2.59549]",open,
176.95,1786780026.0938,sample,"[2.76947, -1.05224, 0.9071, -2.12709, 4.65647, 0.0]","[-7.3055, -0.578, 2.59549]",open,
177.05,1786780026.2113,sample,"[2.73947, -1.05224, 0.9071, -2.12709, 4.65647, 0.0]","[-7.29839, -0.54794, 2.59549]",open,
177.15,1786780026.3244,sample,"[2.70947, -1.05224, 0.9071, -2.12709, 4.65647, 0.0]","[-7.29038, -0.51811, 2.59549]",open,
177.25,1786780026.4355,sample,"[2.67947, -1.05224, 0.9071, -2.12709, 4.65648, 0.0]","[-7.28148, -0.48853, 2.59549]",open,
177.35,1786780026.5509,sample,"[2.64947, -1.05224, 0.9071, -2.12709, 4.65648, 0.0]","[-7.27169, -0.45923, 2.59549]",open,
177.45,1786780026.666,sample,"[2.61947, -1.05224, 0.9071, -2.12709, 4.65648, 0.0]","[-7.26103, -0.43023, 2.59549]",open,
177.55,1786780026.7956,sample,"[2.58947, -1.05224, 0.9071, -2.12709, 4.65649, 0.0]","[-7.24951, -0.40157, 2.59549]",open,
177.65,1786780026.9063,sample,"[2.55947, -1.05224, 0.9071, -2.12709, 4.65649, 0.0]","[-7.23713, -0.37327, 2.59549]",open,
177.75,1786780027.0236,sample,"[2.52947, -1.05224, 0.9071, -2.12709, 4.65649, 0.0]","[-7.22391, -0.34535, 2.59549]",open,
177.85,1786780027.1395,sample,"[2.49947, -1.05224, 0.9071, -2.12709, 4.65649, 0.0]","[-7.20986, -0.31784, 2.59549]",open,
177.95,1786780027.257,sample,"[2.46947, -1.05224, 0.9071, -2.12709, 4.6565, 0.0]","[-7.19498, -0.29077, 2.59549]",open,
178.05,1786780027.3728,sample,"[2.43947, -1.05224, 0.9071, -2.12709, 4.6565, 0.0]","[-7.17931, -0.26415, 2.59549]",open,
178.15,1786780027.5005,sample,"[2.40946, -1.05224, 0.9071, -2.12709, 4.6565, 0.0]","[-7.16284, -0.23802, 2.59549]",open,
178.25,1786780027.6239,sample,"[2.37946, -1.05224, 0.9071, -2.12709, 4.6565, 0.0]","[-7.14559, -0.21239, 2.59549]",open,
178.35,1786780027.7476,sample,"[2.34946, -1.05224, 0.9071, -2.12709, 4.6565, 0.0]","[-7.12759, -0.18729, 2.59549]",open,
178.45,1786780027.8754,sample,"[2.31946, -1.04812, 0.90708, -2.12709, 4.6565, 0.0]","[-7.11056, -0.16088, 2.59131]",open,
178.55,1786780027.9819,sample,"[2.28946, -1.02869, 0.90709, -2.12709, 4.6565, 0.0]","[-7.09876, -0.12801, 2.57137]",open,
178.65,1786780028.0919,sample,"[2.25946, -1.00257, 0.90711, -2.12709, 4.6565, 0.0]","[-7.08789, -0.09263, 2.54421]",open,
178.75,1786780028.201,sample,"[2.22946, -0.97399, 0.90712, -2.12709, 4.6565, 0.0]","[-7.07598, -0.05684, 2.51406]",open,
178.85,1786780028.3142,sample,"[2.19946, -0.94451, 0.90712, -2.12709, 4.6565, 0.0]","[-7.06238, -0.02146, 2.4825]",open,
178.95,1786780028.44,sample,"[2.16946, -0.91882, 0.90714, -2.12709, 4.65651, 0.0]","[-7.0458, 0.0115, 2.45463]",open,
179.05,1786780028.5513,sample,"[2.13945, -0.90831, 0.90714, -2.12709, 4.65651, 0.0]","[-7.02379, 0.03768, 2.44314]",open,
179.15,1786780028.6638,sample,"[2.10945, -0.90445, 0.90713, -2.12709, 4.65651, 0.0]","[-6.99926, 0.06055, 2.43892]",open,
179.25,1786780028.7759,sample,"[2.07945, -0.90304, 0.90713, -2.12709, 4.65652, 0.0]","[-6.97345, 0.08171, 2.43737]",open,
179.35,1786780028.8967,sample,"[2.04945, -0.90252, 0.90713, -2.12709, 4.65652, 0.0]","[-6.94681, 0.10172, 2.4368]",open,
179.45,1786780029.0023,sample,"[2.01945, -0.90233, 0.90713, -2.12709, 4.65652, 0.0]","[-6.9195, 0.1208, 2.43659]",open,
179.55,1786780029.1137,sample,"[1.98945, -0.90226, 0.90713, -2.12709, 4.65652, 0.0]","[-6.89162, 0.139, 2.43651]",open,
179.65,1786780029.2238,sample,"[1.95945, -0.90224, 0.90713, -2.12709, 4.65653, 0.0]","[-6.86319, 0.15633, 2.43649]",open,
179.75,1786780029.3342,sample,"[1.92945, -0.90223, 0.90713, -2.12709, 4.65653, 0.0]","[-6.83426, 0.17279, 2.43648]",open,
179.85,1786780029.4442,sample,"[1.89945, -0.90222, 0.90713, -2.12709, 4.65653, 0.0]","[-6.80484, 0.18838, 2.43647]",open,
179.95,1786780029.5539,sample,"[1.86945, -0.90222, 0.90713, -2.12709, 4.65654, 0.0]","[-6.77496, 0.20308, 2.43647]",open,
180.05,1786780029.6686,sample,"[1.8436, -0.90222, 0.90713, -2.12709, 4.65654, 0.0]","[-6.74887, 0.21503, 2.43647]",open,
180.15,1786780029.7823,sample,"[1.83302, -0.90222, 0.90712, -2.12709, 4.65653, 0.0]","[-6.73811, 0.21972, 2.43647]",open,
180.25,1786780029.9198,sample,"[1.82913, -0.90879, 0.91128, -2.12709, 4.65653, 0.0]","[-6.73334, 0.21841, 2.44069]",open,
180.35,1786780030.0319,sample,"[1.8277, -0.92984, 0.93069, -2.12709, 4.65653, 0.0]","[-6.72929, 0.20914, 2.44968]",open,
180.45,1786780030.1509,sample,"[1.82718, -0.95656, 0.9568, -2.12709, 4.65652, 0.0]","[-6.72541, 0.19658, 2.45972]",open,
180.55,1786780030.2653,sample,"[1.82698, -0.98536, 0.98536, -2.12709, 4.65652, 0.0]","[-6.72153, 0.18259, 2.46984]",open,
180.65,1786780030.3781,sample,"[1.82692, -1.01493, 1.01483, -2.12709, 4.65652, 0.0]","[-6.71761, 0.16788, 2.47969]",open,
180.75,1786780030.4961,sample,"[1.8269, -1.04477, 1.04463, -2.12709, 4.65652, 0.0]","[-6.71362, 0.15275, 2.48912]",open,
180.85,1786780030.6134,sample,"[1.82688, -1.07472, 1.07456, -2.12709, 4.65652, 0.0]","[-6.70955, 0.13729, 2.49811]",open,
180.95,1786780030.7324,sample,"[1.82686, -1.10471, 1.10453, -2.12709, 4.65652, 0.0]","[-6.70542, 0.12156, 2.50661]",open,
181.05,1786780030.8483,sample,"[1.82685, -1.13471, 1.13452, -2.12709, 4.65652, 0.0]","[-6.70123, 0.10558, 2.51462]",open,
181.15,1786780030.9721,sample,"[1.82685, -1.16472, 1.16451, -2.12709, 4.65652, 0.0]","[-6.69698, 0.08937, 2.52214]",open,
181.25,1786780031.0779,sample,"[1.83942, -1.19473, 1.19451, -2.12709, 4.65652, 0.0]","[-6.70363, 0.06794, 2.52914]",open,
181.35,1786780031.1819,sample,"[1.86301, -1.22474, 1.22451, -2.12709, 4.65651, 0.0]","[-6.71904, 0.04172, 2.53564]",open,
181.45,1786780031.2909,sample,"[1.89066, -1.25474, 1.25451, -2.12709, 4.6565, 0.0]","[-6.73668, 0.01333, 2.54161]",open,
181.55,1786780031.3959,sample,"[1.91979, -1.28475, 1.28451, -2.12709, 4.6565, 0.0]","[-6.75419, -0.01621, 2.54707]",open,
181.65,1786780031.5013,sample,"[1.94007, -1.31476, 1.31451, -2.12709, 4.6565, 0.0]","[-6.7636, -0.04209, 2.55199]",open,
181.75,1786780031.6089,sample,"[1.94753, -1.34477, 1.34451, -2.12709, 4.6565, 0.0]","[-6.76269, -0.06215, 2.55638]",open,
181.85,1786780031.7152,sample,"[1.95685, -1.37477, 1.37451, -2.12709, 4.65649, 0.0]","[-6.76278, -0.08313, 2.56023]",open,
181.95,1786780031.819,sample,"[1.97891, -1.40478, 1.40451, -2.12709, 4.65649, 0.0]","[-6.77131, -0.11009, 2.56354]",open,
182.05,1786780031.9283,sample,"[2.00599, -1.43478, 1.43375, -2.1271, 4.65648, 0.0]","[-6.78217, -0.13955, 2.56685]",open,
182.15,1786780032.0456,sample,"[2.03415, -1.46479, 1.44851, -2.12709, 4.65648, 0.0]","[-6.7925, -0.16955, 2.58003]",open,
182.25,1786780032.1503,sample,"[2.04852, -1.4948, 1.45394, -2.12709, 4.65648, 0.0]","[-6.79306, -0.193, 2.59938]",open,
182.35,1786780032.2563,sample,"[2.05381, -1.52067, 1.45592, -2.12709, 4.65648, 0.0]","[-6.7887, -0.21006, 2.61756]",open,
182.45,1786780032.361,sample,"[2.05576, -1.53125, 1.45665, -2.12709, 4.65648, 0.0]","[-6.78668, -0.21702, 2.62493]",open,
182.55,1786780032.4669,sample,"[2.05647, -1.53514, 1.45692, -2.12709, 4.65647, 0.0]","[-6.78592, -0.21959, 2.62761]",open,
182.65,1786780032.5704,sample,"[2.05673, -1.53656, 1.45703, -2.12709, 4.65647, 0.0]","[-6.78563, -0.22053, 2.62859]",open,
182.75,1786780032.6789,sample,"[2.0568, -1.53709, 1.45707, -2.12709, 4.65647, 0.0]","[-6.78552, -0.22087, 2.62895]",open,
182.85,1786780032.7839,sample,"[2.05681, -1.53728, 1.45707, -2.12709, 4.65646, 0.0]","[-6.78546, -0.22099, 2.6291]",open,
182.95,1786780032.8933,sample,"[2.05682, -1.53736, 1.45707, -2.12709, 4.65646, 0.0]","[-6.78544, -0.22103, 2.62915]",open,
183.05,1786780033.0077,sample,"[2.0443, -1.53739, 1.46964, -2.12709, 4.65646, 0.0]","[-6.77836, -0.21462, 2.62014]",open,
183.15,1786780033.1363,sample,"[2.02073, -1.53741, 1.49323, -2.12709, 4.65646, 0.0]","[-6.76466, -0.20302, 2.60319]",open,
183.25,1786780033.2414,sample,"[1.99309, -1.53742, 1.52088, -2.12709, 4.65646, 0.0]","[-6.74804, -0.1903, 2.58331]",open,
183.35,1786780033.3483,sample,"[1.97054, -1.53741, 1.54344, -2.12709, 4.65646, 0.0]","[-6.73406, -0.18062, 2.56708]",open,
183.45,1786780033.4543,sample,"[1.9619, -1.53741, 1.55208, -2.12709, 4.65646, 0.0]","[-6.72861, -0.17709, 2.56087]",open,
183.55,1786780033.5663,sample,"[1.95655, -1.5374, 1.55525, -2.12709, 4.65646, 0.0]","[-6.72524, -0.17489, 2.55858]",open,
183.65,1786780033.6731,sample,"[1.93788, -1.53743, 1.56898, -2.12709, 4.65646, 0.0]","[-6.71332, -0.16751, 2.54874]",open,
183.75,1786780033.7813,sample,"[1.91204, -1.53742, 1.59299, -2.12709, 4.65646, 0.0]","[-6.69645, -0.15814, 2.5315]",open,
183.85,1786780033.8883,sample,"[1.88357, -1.53742, 1.62079, -2.12709, 4.65646, 0.0]","[-6.67745, -0.14889, 2.51159]",open,
183.95,1786780033.9978,sample,"[1.85414, -1.53742, 1.64999, -2.12709, 4.65647, 0.0]","[-6.65741, -0.14051, 2.49074]",open,
184.05,1786780034.1138,sample,"[1.82435, -1.53742, 1.67969, -2.12709, 4.65647, 0.0]","[-6.6368, -0.13327, 2.46962]",open,
184.15,1786780034.2611,sample,"[1.80382, -1.53742, 1.70958, -2.12709, 4.65647, 0.0]","[-6.62215, -0.13026, 2.44847]",open,
184.25,1786780034.3741,sample,"[1.79627, -1.53744, 1.73014, -2.12709, 4.65647, 0.0]","[-6.61641, -0.13081, 2.434]",open,
184.35,1786780034.4898,sample,"[1.7935, -1.53745, 1.73771, -2.12709, 4.65647, 0.0]","[-6.61429, -0.1311, 2.4287]",open,
184.45,1786780034.6045,sample,"[1.79247, -1.54401, 1.75305, -2.12709, 4.65647, 0.0]","[-6.6124, -0.13609, 2.42267]",open,
184.55,1786780034.7342,sample,"[1.79209, -1.56506, 1.77766, -2.12709, 4.65648, 0.0]","[-6.6092, -0.14912, 2.42039]",open,
184.65,1786780034.8563,sample,"[1.79195, -1.59177, 1.80567, -2.12709, 4.65648, 0.0]","[-6.60547, -0.16523, 2.41935]",open,
184.75,1786780034.9823,sample,"[1.79193, -1.6198, 1.83494, -2.12709, 4.65648, 0.0]","[-6.60165, -0.18216, 2.41789]",open,
184.85,1786780035.1047,sample,"[1.79193, -1.63335, 1.8521, -2.12709, 4.65648, 0.0]","[-6.5997, -0.19084, 2.4149]",open,
184.95,1786780035.2271,sample,"[1.79191, -1.62339, 1.86059, -2.12709, 4.65648, 0.0]","[-6.6003, -0.18812, 2.4024]",open,
185.05,1786780035.3412,sample,"[1.79191, -1.60076, 1.88042, -2.12709, 4.65648, 0.0]","[-6.60147, -0.18292, 2.37363]",open,
185.15,1786780035.4562,sample,"[1.79191, -1.57347, 1.90669, -2.12709, 4.65648, 0.0]","[-6.60239, -0.17881, 2.33746]",open,
185.25,1786780035.5721,sample,"[1.79191, -1.54445, 1.92276, -2.12709, 4.65648, 0.0]","[-6.60365, -0.17321, 2.30713]",open,
185.35,1786780035.6898,sample,"[1.79191, -1.51482, 1.92867, -2.12709, 4.65648, 0.0]","[-6.60533, -0.1657, 2.28304]",open,
185.45,1786780035.8036,sample,"[1.79191, -1.48496, 1.93084, -2.12709, 4.65648, 0.0]","[-6.60712, -0.15777, 2.26103]",open,
185.55,1786780035.9232,sample,"[1.79191, -1.45501, 1.93164, -2.12709, 4.65648, -0.0]","[-6.60885, -0.15004, 2.23962]",open,
185.65,1786780036.0438,sample,"[1.79189, -1.4316, 1.93195, -2.12709, 4.65648, -0.0]","[-6.61013, -0.14433, 2.22293]",open,
185.75,1786780036.1624,sample,"[1.79188, -1.42266, 1.93205, -2.12709, 4.65648, -0.0]","[-6.61059, -0.14224, 2.21653]",open,
185.85,1786780036.2884,sample,"[1.79186, -1.41937, 1.93207, -2.12709, 4.65648, -0.0]","[-6.61075, -0.14148, 2.21417]",open,
185.95,1786780036.3985,sample,"[1.79185, -1.41816, 1.93207, -2.12709, 4.65648, -0.0]","[-6.6108, -0.14119, 2.21332]",open,
186.05,1786780036.5086,sample,"[1.79184, -1.41771, 1.93207, -2.12709, 4.65648, -0.0]","[-6.61082, -0.14108, 2.213]",open,
186.15,1786780036.6213,sample,"[1.79184, -1.41754, 1.93207, -2.12709, 4.65648, -0.0]","[-6.61082, -0.14104, 2.21288]",open,
186.25,1786780036.7324,sample,"[1.79184, -1.41749, 1.93207, -2.12709, 4.65648, -0.0]","[-6.61083, -0.14103, 2.21284]",open,
186.35,1786780036.8458,sample,"[1.79184, -1.41745, 1.93207, -2.12709, 4.65648, -0.0]","[-6.61083, -0.14102, 2.21282]",open,
186.45,1786780036.9662,sample,"[1.79403, -1.41745, 1.93207, -2.12709, 4.65648, 0.0]","[-6.61227, -0.14171, 2.21282]",open,
186.55,1786780037.0832,sample,"[1.81155, -1.41745, 1.93207, -2.12709, 4.65648, -0.0]","[-6.62375, -0.14728, 2.21282]",open,
186.65,1786780037.1997,sample,"[1.83695, -1.41745, 1.93207, -2.12709, 4.65648, -0.0]","[-6.64023, -0.15571, 2.21282]",open,
186.75,1786780037.3272,sample,"[1.86526, -1.41745, 1.93207, -2.12709, 4.65647, -0.0]","[-6.65833, -0.1656, 2.21282]",open,
186.85,1786780037.4488,sample,"[1.89388, -1.41745, 1.93207, -2.12709, 4.65647, -0.0]","[-6.67634, -0.17611, 2.21282]",open,
186.95,1786780037.5693,sample,"[1.90841, -1.41745, 1.93207, -2.12709, 4.65647, -0.0]","[-6.68536, -0.18165, 2.21282]",open,
187.05,1786780037.6837,sample,"[1.91376, -1.41745, 1.93207, -2.12709, 4.65647, -0.0]","[-6.68866, -0.18372, 2.21282]",open,
187.15,1786780037.8048,sample,"[1.91354, -1.41745, 1.93207, -2.12709, 4.65647, -0.0]","[-6.68853, -0.18364, 2.21282]",open,
187.25,1786780037.9199,sample,"[1.89676, -1.41745, 1.93207, -2.12709, 4.65648, -0.0]","[-6.67814, -0.1772, 2.21282]",open,
187.35,1786780038.0291,sample,"[1.87163, -1.41745, 1.93207, -2.12709, 4.65649, -0.0]","[-6.66236, -0.16789, 2.21282]",open,
187.45,1786780038.1388,sample,"[1.84342, -1.41745, 1.93207, -2.12709, 4.65649, -0.0]","[-6.64439, -0.15792, 2.21282]",open,
187.55,1786780038.2447,sample,"[1.81407, -1.41745, 1.93207, -2.12709, 4.6565, -0.0]","[-6.6254, -0.1481, 2.21282]",open,
187.65,1786780038.3568,sample,"[1.78431, -1.41745, 1.93207, -2.12709, 4.6565, 0.0]","[-6.60587, -0.1387, 2.21282]",open,
187.75,1786780038.4778,sample,"[1.7544, -1.41745, 1.93207, -2.12709, 4.65651, 0.0]","[-6.58595, -0.12985, 2.21282]",open,
187.85,1786780038.5914,sample,"[1.72444, -1.41745, 1.93207, -2.12709, 4.65651, -0.0]","[-6.56575, -0.12159, 2.21282]",open,
187.95,1786780038.708,sample,"[1.69445, -1.41745, 1.93207, -2.12709, 4.65652, 0.0]","[-6.54529, -0.11392, 2.21282]",open,
188.05,1786780038.821,sample,"[1.66445, -1.41745, 1.93207, -2.12709, 4.65653, -0.0]","[-6.5246, -0.10688, 2.21282]",open,
188.15,1786780038.9392,sample,"[1.63445, -1.41745, 1.93207, -2.12709, 4.65653, -0.0]","[-6.50371, -0.10045, 2.21282]",open,
188.25,1786780039.0491,sample,"[1.60445, -1.41745, 1.93207, -2.12709, 4.65654, -0.0]","[-6.48263, -0.09466, 2.21282]",open,
188.35,1786780039.17,sample,"[1.57445, -1.41745, 1.93207, -2.12709, 4.65654, -0.0]","[-6.4614, -0.08949, 2.21282]",open,
188.45,1786780039.2851,sample,"[1.54445, -1.41745, 1.93207, -2.12709, 4.65655, -0.0]","[-6.44001, -0.08497, 2.21282]",open,
188.55,1786780039.3965,sample,"[1.51445, -1.41745, 1.93207, -2.12709, 4.65655, -0.0]","[-6.4185, -0.0811, 2.21282]",open,
188.65,1786780039.5207,sample,"[1.48445, -1.41745, 1.93207, -2.12709, 4.65656, -0.0]","[-6.39688, -0.07786, 2.21282]",open,
188.75,1786780039.6388,sample,"[1.45445, -1.41745, 1.93207, -2.12709, 4.65657, -0.0]","[-6.37518, -0.07528, 2.21282]",open,
188.85,1786780039.757,sample,"[1.42445, -1.41745, 1.93207, -2.12709, 4.65657, 0.0]","[-6.35341, -0.07335, 2.21282]",open,
188.95,1786780039.8776,sample,"[1.39445, -1.41745, 1.93207, -2.12709, 4.65658, 0.0]","[-6.33159, -0.07208, 2.21282]",open,
189.05,1786780039.9922,sample,"[1.36448, -1.41745, 1.93207, -2.12709, 4.65658, -0.0]","[-6.30976, -0.07146, 2.21281]",open,
189.15,1786780040.1082,sample,"[1.36482, -1.41742, 1.93208, -2.12712, 4.65658, 0.0]","[-6.31001, -0.07146, 2.21279]",open,
189.25,1786780040.2289,sample,"[1.3678, -1.41742, 1.93209, -2.12714, 4.65656, 0.0]","[-6.31218, -0.07149, 2.21279]",open,
189.35,1786780040.3469,sample,"[1.36089, -1.41741, 1.93209, -2.12713, 4.65656, 0.0]","[-6.30714, -0.07142, 2.21277]",open,
189.45,1786780040.4683,sample,"[1.35291, -1.41742, 1.93209, -2.12714, 4.65657, -0.0]","[-6.30133, -0.07139, 2.21278]",open,
189.55,1786780040.6094,sample,"[1.31432, -1.41742, 1.93209, -2.12716, 4.65654, 0.0]","[-6.27321, -0.07188, 2.21279]",open,
189.65,1786780040.7141,sample,"[1.32236, -1.41743, 1.93209, -2.12714, 4.65654, 0.0]","[-6.27907, -0.07169, 2.21279]",open,
189.75,1786780040.8219,sample,"[1.32107, -1.41742, 1.93209, -2.12713, 4.65655, 0.0]","[-6.27814, -0.07172, 2.21279]",open,
189.85,1786780040.9281,sample,"[1.32052, -1.41742, 1.9321, -2.12713, 4.65656, 0.0]","[-6.27773, -0.07173, 2.21278]",open,
189.95,1786780041.032,sample,"[1.32034, -1.41742, 1.9321, -2.12713, 4.65657, 0.0]","[-6.2776, -0.07174, 2.21278]",open,
190.05,1786780041.1428,sample,"[1.32031, -1.41742, 1.9321, -2.12713, 4.65657, 0.0]","[-6.27758, -0.07174, 2.21278]",open,
190.15,1786780041.2472,sample,"[1.32035, -1.41742, 1.9321, -2.12713, 4.65657, 0.0]","[-6.27761, -0.07174, 2.21278]",open,
190.25,1786780041.3586,sample,"[1.3204, -1.41742, 1.9321, -2.12713, 4.65658, 0.0]","[-6.27765, -0.07174, 2.21278]",open,
190.35,1786780041.4636,sample,"[1.32044, -1.41742, 1.9321, -2.12713, 4.65658, 0.0]","[-6.27768, -0.07174, 2.21278]",open,
190.45,1786780041.575,sample,"[1.32047, -1.41742, 1.9321, -2.12713, 4.65658, 0.0]","[-6.27769, -0.07174, 2.21278]",open,
190.55,1786780041.6819,sample,"[1.32048, -1.41742, 1.9321, -2.12713, 4.65658, 0.0]","[-6.27771, -0.07173, 2.21278]",open,
190.65,1786780041.7935,sample,"[1.32049, -1.41742, 1.9321, -2.12713, 4.65658, 0.0]","[-6.27771, -0.07173, 2.21278]",open,
190.75,1786780041.9012,sample,"[1.3205, -1.41742, 1.9321, -2.12713, 4.65658, 0.0]","[-6.27772, -0.07173, 2.21278]",open,
190.85,1786780042.0053,sample,"[1.3205, -1.41742, 1.9321, -2.12713, 4.65658, 0.0]","[-6.27772, -0.07173, 2.21278]",open,
190.95,1786780042.1148,sample,"[1.3205, -1.41742, 1.9321, -2.12713, 4.65658, 0.0]","[-6.27772, -0.07173, 2.21278]",open,
191.05,1786780042.2232,sample,"[1.3205, -1.41742, 1.9321, -2.12713, 4.65658, 0.0]","[-6.27772, -0.07173, 2.21278]",open,
191.15,1786780042.3295,sample,"[1.3205, -1.41742, 1.9321, -2.12713, 4.65658, 0.0]","[-6.27772, -0.07173, 2.21278]",open,
191.25,1786780042.4345,sample,"[1.3205, -1.41742, 1.9321, -2.12713, 4.65658, 0.0]","[-6.27772, -0.07173, 2.21278]",open,
191.35,1786780042.5484,sample,"[1.3205, -1.41742, 1.9321, -2.12713, 4.65658, 0.0]","[-6.27772, -0.07173, 2.21278]",open,
191.45,1786780042.6694,sample,"[1.32126, -1.42682, 1.9321, -2.12712, 4.65658, 0.0]","[-6.27883, -0.0739, 2.21945]",open,
191.55,1786780042.7759,sample,"[1.32301, -1.44925, 1.93209, -2.12713, 4.65658, 0.0]","[-6.28147, -0.07931, 2.23529]",open,
191.65,1786780042.8868,sample,"[1.32362, -1.47646, 1.93209, -2.12713, 4.65655, 0.0]","[-6.2837, -0.08637, 2.25433]",open,
191.75,1786780042.9962,sample,"[1.32061, -1.50544, 1.93209, -2.12713, 4.65656, 0.0]","[-6.28361, -0.09449, 2.27438]",open,
191.85,1786780043.1076,sample,"[1.32168, -1.53092, 1.93209, -2.12712, 4.65657, 0.0]","[-6.2863, -0.10204, 2.2918]",open,
191.95,1786780043.2204,sample,"[1.32301, -1.54135, 1.9321, -2.12712, 4.65657, 0.0]","[-6.28804, -0.10524, 2.29887]",open,
192.05,1786780043.3364,sample,"[1.32337, -1.54519, 1.9321, -2.12712, 4.65658, 0.0]","[-6.2886, -0.10645, 2.30146]",open,
192.15,1786780043.4444,sample,"[1.32332, -1.5466, 1.93211, -2.12712, 4.65658, 0.0]","[-6.28867, -0.10689, 2.30241]",open,
192.25,1786780043.5502,sample,"[1.32325, -1.54713, 1.93211, -2.12712, 4.65657, 0.0]","[-6.28867, -0.10706, 2.30276]",open,
192.35,1786780043.6588,sample,"[1.32333, -1.54732, 1.93212, -2.12711, 4.65657, 0.0]","[-6.28874, -0.10712, 2.30289]",open,
192.45,1786780043.7733,sample,"[1.32343, -1.54739, 1.93212, -2.12711, 4.65657, 0.0]","[-6.28881, -0.10714, 2.30293]",open,
192.55,1786780043.8846,sample,"[1.3235, -1.5474, 1.93212, -2.12711, 4.65657, 0.0]","[-6.28886, -0.10715, 2.30294]",open,
192.65,1786780043.9905,sample,"[1.32353, -1.5474, 1.93213, -2.12712, 4.65657, 0.0]","[-6.28888, -0.10715, 2.30294]",open,
192.75,1786780044.0989,sample,"[1.32354, -1.5474, 1.93213, -2.12712, 4.65657, 0.0]","[-6.28889, -0.10715, 2.30294]",open,
192.85,1786780044.2073,sample,"[1.32354, -1.5474, 1.93213, -2.12712, 4.65657, 0.0]","[-6.28888, -0.10715, 2.30293]",open,
192.95,1786780044.3197,sample,"[1.32353, -1.5474, 1.93213, -2.12712, 4.65657, 0.0]","[-6.28888, -0.10715, 2.30294]",open,
193.05,1786780044.4346,sample,"[1.32353, -1.5474, 1.93213, -2.12712, 4.65657, 0.0]","[-6.28888, -0.10715, 2.30294]",open,
193.15,1786780044.5446,sample,"[1.32353, -1.5474, 1.93213, -2.12712, 4.65657, 0.0]","[-6.28888, -0.10715, 2.30293]",open,
193.25,1786780044.6519,sample,"[1.32353, -1.5474, 1.93213, -2.12712, 4.65657, 0.0]","[-6.28888, -0.10715, 2.30294]",open,
193.35,1786780044.7644,sample,"[1.32353, -1.5474, 1.93213, -2.12712, 4.65657, 0.0]","[-6.28888, -0.10715, 2.30293]",open,
193.45,1786780044.875,sample,"[1.32353, -1.5474, 1.93213, -2.12712, 4.65657, 0.0]","[-6.28888, -0.10715, 2.30293]",open,
193.55,1786780044.979,sample,"[1.32353, -1.5474, 1.93213, -2.12712, 4.65657, 0.0]","[-6.28888, -0.10715, 2.30293]",open,
193.65,1786780045.085,sample,"[1.32353, -1.5474, 1.93213, -2.12712, 4.65657, 0.0]","[-6.28888, -0.10715, 2.30293]",open,
193.75,1786780045.1951,sample,"[1.32349, -1.54817, 1.93213, -2.12712, 4.65656, 0.0]","[-6.28891, -0.10739, 2.30345]",open,
193.85,1786780045.3029,sample,"[1.32496, -1.56342, 1.93212, -2.12712, 4.65656, 0.0]","[-6.29116, -0.11228, 2.3137]",open,
193.95,1786780045.4128,sample,"[1.32857, -1.58799, 1.93211, -2.12713, 4.65654, 0.0]","[-6.29568, -0.12048, 2.33005]",open,
194.05,1786780045.5257,sample,"[1.32545, -1.616, 1.93212, -2.12714, 4.65652, 0.0]","[-6.29602, -0.13034, 2.34841]",open,
194.15,1786780045.6366,sample,"[1.32759, -1.64527, 1.93212, -2.12712, 4.65656, 0.0]","[-6.30014, -0.14116, 2.36729]",open,
194.25,1786780045.7535,sample,"[1.33035, -1.675, 1.93212, -2.12712, 4.65654, 0.0]","[-6.30479, -0.15271, 2.38612]",open,
194.35,1786780045.8813,sample,"[1.3327, -1.69832, 1.9321, -2.12712, 4.65654, 0.0]","[-6.3086, -0.16217, 2.40066]",open,
194.45,1786780045.9876,sample,"[1.32539, -1.70724, 1.9321, -2.12713, 4.65655, 0.0]","[-6.30486, -0.16581, 2.40615]",open,
194.55,1786780046.098,sample,"[1.32718, -1.71052, 1.9321, -2.12712, 4.65656, 0.0]","[-6.30634, -0.16719, 2.40816]",open,
194.65,1786780046.2033,sample,"[1.32689, -1.71173, 1.93211, -2.12712, 4.65654, 0.0]","[-6.30628, -0.16769, 2.4089]",open,
194.75,1786780046.3099,sample,"[1.32696, -1.71217, 1.93211, -2.12712, 4.65654, 0.0]","[-6.30637, -0.16788, 2.40917]",open,
194.85,1786780046.4178,sample,"[1.32709, -1.71233, 1.93211, -2.12711, 4.65654, 0.0]","[-6.30647, -0.16795, 2.40927]",open,
194.95,1786780046.5233,sample,"[1.32695, -1.7124, 1.93211, -2.12712, 4.65654, 0.0]","[-6.30639, -0.16798, 2.40931]",open,
195.05,1786780046.6408,sample,"[1.32704, -1.71242, 1.93211, -2.12712, 4.65654, 0.0]","[-6.30645, -0.16798, 2.40932]",open,
195.15,1786780046.7486,sample,"[1.32701, -1.71242, 1.93211, -2.12712, 4.65654, 0.0]","[-6.30643, -0.16799, 2.40932]",open,
195.25,1786780046.8621,sample,"[1.32694, -1.71242, 1.93211, -2.12712, 4.65654, 0.0]","[-6.30639, -0.16799, 2.40932]",open,
195.35,1786780046.9692,sample,"[1.32701, -1.71242, 1.93211, -2.12712, 4.65654, 0.0]","[-6.30643, -0.16799, 2.40932]",open,
195.45,1786780047.0721,sample,"[1.32699, -1.71242, 1.93211, -2.12712, 4.65654, 0.0]","[-6.30642, -0.16799, 2.40932]",open,
195.55,1786780047.179,sample,"[1.327, -1.71242, 1.93211, -2.12712, 4.65654, 0.0]","[-6.30642, -0.16799, 2.40932]",open,
195.65,1786780047.2823,sample,"[1.32703, -1.71242, 1.93211, -2.12712, 4.65654, 0.0]","[-6.30645, -0.16799, 2.40932]",open,
195.75,1786780047.3893,sample,"[1.32698, -1.71242, 1.93211, -2.12712, 4.65654, 0.0]","[-6.30641, -0.16799, 2.40932]",open,
195.85,1786780047.4953,sample,"[1.32699, -1.71242, 1.93211, -2.12712, 4.65654, 0.0]","[-6.30642, -0.16799, 2.40932]",open,
195.95,1786780047.6013,sample,"[1.32701, -1.71242, 1.93211, -2.12712, 4.65654, 0.0]","[-6.30643, -0.16799, 2.40932]",open,
196.05,1786780047.7106,sample,"[1.32702, -1.71242, 1.93211, -2.12712, 4.65654, 0.0]","[-6.30644, -0.16799, 2.40932]",open,
196.15,1786780047.8167,sample,"[1.327, -1.71242, 1.93211, -2.12712, 4.65654, 0.0]","[-6.30643, -0.16799, 2.40932]",open,
196.25,1786780047.9378,sample,"[1.32699, -1.71242, 1.93211, -2.12712, 4.65654, 0.0]","[-6.30642, -0.16799, 2.40932]",open,
196.35,1786780048.0443,sample,"[1.32698, -1.71242, 1.93211, -2.12712, 4.65654, 0.0]","[-6.30641, -0.16799, 2.40932]",open,
196.45,1786780048.154,sample,"[1.32699, -1.71242, 1.93211, -2.12712, 4.65654, 0.0]","[-6.30642, -0.16799, 2.40932]",open,
196.55,1786780048.268,sample,"[1.32699, -1.71242, 1.93211, -2.12711, 4.65654, 0.0]","[-6.30642, -0.16799, 2.40932]",open,
196.65,1786780048.378,sample,"[1.32702, -1.71242, 1.93211, -2.12711, 4.65654, 0.0]","[-6.30643, -0.16799, 2.40932]",open,
196.75,1786780048.4874,sample,"[1.327, -1.71242, 1.93211, -2.12712, 4.65654, 0.0]","[-6.30643, -0.16799, 2.40932]",open,
196.85,1786780048.5933,sample,"[1.32701, -1.71242, 1.93211, -2.12712, 4.65654, 0.0]","[-6.30643, -0.16799, 2.40932]",open,
196.95,1786780048.7008,sample,"[1.32703, -1.71242, 1.93211, -2.12712, 4.65654, 0.0]","[-6.30644, -0.16799, 2.40932]",open,
197.05,1786780048.8072,sample,"[1.327, -1.71242, 1.93211, -2.12712, 4.65654, 0.0]","[-6.30642, -0.16799, 2.40932]",open,
197.15,1786780048.9168,sample,"[1.32702, -1.71242, 1.93211, -2.12712, 4.65654, 0.0]","[-6.30644, -0.16799, 2.40932]",open,
197.25,1786780049.0312,sample,"[1.327, -1.71242, 1.93211, -2.12712, 4.65654, 0.0]","[-6.30643, -0.16799, 2.40932]",open,
197.35,1786780049.3984,sample,"[1.32698, -1.71242, 1.93211, -2.12712, 4.65654, 0.0]","[-6.30641, -0.16799, 2.40932]",open,
197.45,1786780049.5729,sample,"[1.32697, -1.71242, 1.93211, -2.12712, 4.65654, 0.0]","[-6.3064, -0.16799, 2.40932]",open,
197.55,1786780049.7372,sample,"[1.32703, -1.71242, 1.93211, -2.12711, 4.65654, 0.0]","[-6.30644, -0.16799, 2.40932]",open,
197.65,1786780049.9022,sample,"[1.32699, -1.71242, 1.93211, -2.12711, 4.65654, 0.0]","[-6.30642, -0.16799, 2.40932]",open,
197.75,1786780050.0683,sample,"[1.32699, -1.71242, 1.93211, -2.12711, 4.65654, 0.0]","[-6.30642, -0.16799, 2.40932]",open,
197.85,1786780050.2394,sample,"[1.32702, -1.71242, 1.93211, -2.12711, 4.65654, 0.0]","[-6.30643, -0.16799, 2.40932]",open,
197.95,1786780050.4105,sample,"[1.327, -1.71242, 1.93211, -2.12711, 4.65654, 0.0]","[-6.30643, -0.16799, 2.40932]",open,
198.05,1786780050.5828,sample,"[1.32701, -1.71242, 1.93211, -2.12711, 4.65654, 0.0]","[-6.30643, -0.16799, 2.40932]",open,
198.15,1786780050.7544,sample,"[1.32701, -1.71242, 1.93211, -2.12711, 4.65654, 0.0]","[-6.30643, -0.16799, 2.40932]",open,
198.25,1786780050.928,sample,"[1.32699, -1.71242, 1.93211, -2.12711, 4.65654, 0.0]","[-6.30642, -0.16799, 2.40932]",open,
198.35,1786780051.1002,sample,"[1.32699, -1.71242, 1.93211, -2.12711, 4.65654, 0.0]","[-6.30642, -0.16799, 2.40932]",open,
198.45,1786780051.2744,sample,"[1.32698, -1.71242, 1.93211, -2.12711, 4.65654, 0.0]","[-6.30641, -0.16799, 2.40932]",open,
198.55,1786780051.4454,sample,"[1.327, -1.71242, 1.93211, -2.12711, 4.65654, 0.0]","[-6.30642, -0.16799, 2.40932]",open,
198.65,1786780051.6144,sample,"[1.32697, -1.71242, 1.93211, -2.12711, 4.65654, 0.0]","[-6.30641, -0.16799, 2.40932]",open,
198.75,1786780051.7855,sample,"[1.32702, -1.71242, 1.93211, -2.12711, 4.65654, 0.0]","[-6.30644, -0.16799, 2.40932]",open,
198.85,1786780051.9558,sample,"[1.327, -1.71242, 1.93211, -2.12711, 4.65654, 0.0]","[-6.30643, -0.16799, 2.40932]",open,
198.95,1786780052.1297,sample,"[1.32699, -1.71242, 1.93211, -2.12711, 4.65654, 0.0]","[-6.30642, -0.16799, 2.40932]",open,
199.05,1786780052.3033,sample,"[1.32696, -1.71242, 1.93211, -2.12711, 4.65654, 0.0]","[-6.3064, -0.16799, 2.40932]",open,
199.15,1786780052.4738,sample,"[1.32698, -1.71242, 1.93211, -2.12711, 4.65654, 0.0]","[-6.30641, -0.16799, 2.40932]",open,
199.25,1786780052.641,sample,"[1.32698, -1.71242, 1.93211, -2.12711, 4.65654, 0.0]","[-6.30641, -0.16799, 2.40932]",open,
199.35,1786780052.8098,sample,"[1.32702, -1.71242, 1.93211, -2.12711, 4.65654, 0.0]","[-6.30644, -0.16799, 2.40932]",open,
199.45,1786780052.9954,sample,"[1.32699, -1.71242, 1.93211, -2.12711, 4.65654, 0.0]","[-6.30642, -0.16799, 2.40932]",open,
199.55,1786780053.1645,sample,"[1.32701, -1.71242, 1.93211, -2.12711, 4.65654, 0.0]","[-6.30643, -0.16799, 2.40932]",open,
199.65,1786780053.3323,sample,"[1.32697, -1.71242, 1.93211, -2.12711, 4.65654, 0.0]","[-6.30641, -0.16799, 2.40932]",open,
199.75,1786780053.5044,sample,"[1.32699, -1.71242, 1.93211, -2.12711, 4.65654, 0.0]","[-6.30642, -0.16799, 2.40932]",open,
199.85,1786780053.67,sample,"[1.32696, -1.71242, 1.93211, -2.12711, 4.65654, 0.0]","[-6.3064, -0.16799, 2.40932]",open,
199.95,1786780053.8396,sample,"[1.32703, -1.71242, 1.93211, -2.12711, 4.65654, 0.0]","[-6.30644, -0.16799, 2.40932]",open,
200.05,1786780054.0067,sample,"[1.32697, -1.71242, 1.93211, -2.12711, 4.65654, 0.0]","[-6.30641, -0.16799, 2.40932]",open,
200.15,1786780054.173,sample,"[1.32697, -1.71242, 1.93211, -2.12711, 4.65654, 0.0]","[-6.30641, -0.16799, 2.40932]",open,
200.25,1786780054.339,sample,"[1.32701, -1.71242, 1.93211, -2.12711, 4.65654, 0.0]","[-6.30643, -0.16799, 2.40932]",open,
200.35,1786780054.5043,sample,"[1.32703, -1.71242, 1.93211, -2.12711, 4.65654, 0.0]","[-6.30644, -0.16799, 2.40932]",open,
200.45,1786780054.6724,sample,"[1.32699, -1.71242, 1.93211, -2.12711, 4.65654, 0.0]","[-6.30642, -0.16799, 2.40932]",open,
200.55,1786780054.838,sample,"[1.32697, -1.71242, 1.93211, -2.12711, 4.65654, 0.0]","[-6.30641, -0.16799, 2.40932]",open,
200.65,1786780054.9968,sample,"[1.32697, -1.71242, 1.93211, -2.12711, 4.65654, 0.0]","[-6.3064, -0.16799, 2.40932]",open,
200.75,1786780055.163,sample,"[1.32699, -1.71242, 1.93211, -2.12711, 4.65654, 0.0]","[-6.30642, -0.16799, 2.40932]",open,
200.85,1786780055.3302,sample,"[1.32699, -1.71242, 1.93211, -2.12711, 4.65654, 0.0]","[-6.30642, -0.16799, 2.40932]",open,
200.95,1786780055.5051,sample,"[1.32696, -1.71242, 1.93211, -2.12712, 4.65654, 0.0]","[-6.3064, -0.16799, 2.40932]",open,
201.05,1786780055.6803,sample,"[1.327, -1.71242, 1.93211, -2.12711, 4.65654, 0.0]","[-6.30642, -0.16799, 2.40932]",open,
201.15,1786780055.8529,sample,"[1.32701, -1.71242, 1.93211, -2.12711, 4.65654, 0.0]","[-6.30643, -0.16799, 2.40932]",open,
201.25,1786780056.0361,sample,"[1.32697, -1.71242, 1.93211, -2.12711, 4.65654, 0.0]","[-6.3064, -0.16799, 2.40932]",open,
201.35,1786780056.2211,sample,"[1.32697, -1.71242, 1.93211, -2.12711, 4.65654, 0.0]","[-6.30641, -0.16799, 2.40932]",open,
201.45,1786780056.4021,sample,"[1.32703, -1.71242, 1.93211, -2.12711, 4.65654, 0.0]","[-6.30644, -0.16799, 2.40932]",open,
201.55,1786780056.5722,sample,"[1.327, -1.71242, 1.93211, -2.12711, 4.65654, 0.0]","[-6.30642, -0.16799, 2.40932]",open,
201.65,1786780056.7535,sample,"[1.32698, -1.71242, 1.93211, -2.12711, 4.65654, 0.0]","[-6.30641, -0.16799, 2.40932]",open,
201.75,1786780056.9291,sample,"[1.32701, -1.71242, 1.93211, -2.12711, 4.65654, 0.0]","[-6.30643, -0.16799, 2.40932]",open,
201.85,1786780057.1014,sample,"[1.32699, -1.71242, 1.93211, -2.12711, 4.65654, 0.0]","[-6.30642, -0.16799, 2.40932]",open,
201.95,1786780057.2761,sample,"[1.327, -1.71242, 1.93211, -2.12711, 4.65654, 0.0]","[-6.30643, -0.16799, 2.40932]",open,
202.05,1786780057.4508,sample,"[1.32697, -1.71242, 1.93211, -2.12711, 4.65654, 0.0]","[-6.30641, -0.16799, 2.40932]",open,
202.15,1786780057.6244,sample,"[1.32697, -1.71242, 1.93211, -2.12711, 4.65654, 0.0]","[-6.3064, -0.16799, 2.40932]",open,
202.25,1786780057.8061,sample,"[1.32703, -1.71242, 1.93211, -2.12711, 4.65654, 0.0]","[-6.30644, -0.16799, 2.40932]",open,
202.35,1786780057.9849,sample,"[1.32701, -1.71242, 1.93211, -2.12711, 4.65654, 0.0]","[-6.30643, -0.16799, 2.40932]",open,
202.45,1786780058.1644,sample,"[1.32699, -1.71242, 1.93211, -2.12711, 4.65654, 0.0]","[-6.30642, -0.16799, 2.40932]",open,
202.55,1786780058.341,sample,"[1.32699, -1.71242, 1.93211, -2.12711, 4.65654, 0.0]","[-6.30642, -0.16799, 2.40932]",open,
202.65,1786780058.5212,sample,"[1.32696, -1.71242, 1.93211, -2.12711, 4.65654, 0.0]","[-6.3064, -0.16799, 2.40932]",open,
202.75,1786780058.6978,sample,"[1.327, -1.71242, 1.93211, -2.12711, 4.65654, 0.0]","[-6.30643, -0.16799, 2.40932]",open,
202.85,1786780058.8759,sample,"[1.32701, -1.71242, 1.93211, -2.12711, 4.65654, 0.0]","[-6.30643, -0.16799, 2.40932]",open,
202.95,1786780059.0535,sample,"[1.32699, -1.71242, 1.93211, -2.12712, 4.65654, 0.0]","[-6.30642, -0.16799, 2.40932]",open,
203.05,1786780059.2336,sample,"[1.32699, -1.71242, 1.93211, -2.12712, 4.65654, 0.0]","[-6.30642, -0.16799, 2.40932]",open,
