timestamp_sim,timestamp_wall,event,joint_positions,ee_position,gripper_state,package_id
0.05,1786783723.4411,sample,"[1.63188, -1.27756, 1.89196, -2.26718, 4.65654, -0.0]","[-6.50534, -0.04374, 2.15053]",open,
0.15,1786783723.6196,sample,"[1.63186, -1.27749, 1.89203, -2.26718, 4.65654, -0.0]","[-6.50533, -0.04375, 2.15043]",open,
0.25,1786783723.9165,sample,"[1.63185, -1.27745, 1.89207, -2.26718, 4.65654, -0.0]","[-6.50532, -0.04376, 2.15038]",open,
0.35,1786783724.0935,sample,"[1.63184, -1.27745, 1.89207, -2.26717, 4.65654, -0.0]","[-6.50531, -0.04375, 2.15038]",open,
0.45,1786783724.1898,sample,"[1.63184, -1.27745, 1.89207, -2.26717, 4.65654, -0.0]","[-6.50531, -0.04376, 2.15038]",open,
0.55,1786783724.2866,sample,"[1.63184, -1.27745, 1.89207, -2.26717, 4.65654, -0.0]","[-6.50531, -0.04376, 2.15038]",open,
0.65,1786783724.3941,sample,"[1.63184, -1.27745, 1.89207, -2.26717, 4.65654, -0.0]","[-6.50531, -0.04376, 2.15038]",open,
0.75,1786783724.5056,sample,"[1.63184, -1.27745, 1.89207, -2.26716, 4.65654, -0.0]","[-6.50531, -0.04376, 2.15038]",open,
0.85,1786783724.6316,sample,"[1.63184, -1.27745, 1.89207, -2.26716, 4.65654, -0.0]","[-6.50531, -0.04376, 2.15038]",open,
0.95,1786783724.7564,sample,"[1.63184, -1.27745, 1.89207, -2.26716, 4.65654, -0.0]","[-6.50531, -0.04376, 2.15038]",open,
1.05,1786783724.8743,sample,"[1.63184, -1.27745, 1.89207, -2.26715, 4.65654, -0.0]","[-6.50531, -0.04376, 2.15038]",open,
1.15,1786783725.0108,sample,"[1.63184, -1.27745, 1.89207, -2.26715, 4.65654, -0.0]","[-6.50531, -0.04376, 2.15038]",open,
1.25,1786783725.1344,sample,"[1.63184, -1.27745, 1.89207, -2.26715, 4.65654, -0.0]","[-6.50531, -0.04376, 2.15038]",open,
1.35,1786783725.2221,sample,"[1.63184, -1.27745, 1.89207, -2.26715, 4.65654, -0.0]","[-6.50531, -0.04376, 2.15038]",open,
1.45,1786783725.3045,sample,"[1.63184, -1.27745, 1.89207, -2.26714, 4.65654, -0.0]","[-6.50531, -0.04376, 2.15038]",open,
1.55,1786783725.4008,sample,"[1.63184, -1.27745, 1.89207, -2.26714, 4.65654, -0.0]","[-6.50531, -0.04376, 2.15038]",open,
1.65,1786783725.5002,sample,"[1.63184, -1.27745, 1.89207, -2.26714, 4.65654, -0.0]","[-6.50531, -0.04376, 2.15038]",open,
1.75,1786783725.5885,sample,"[1.63184, -1.27745, 1.89207, -2.26713, 4.65654, -0.0]","[-6.50531, -0.04376, 2.15038]",open,
1.85,1786783725.6788,sample,"[1.63184, -1.27745, 1.89207, -2.26713, 4.65654, -0.0]","[-6.50531, -0.04376, 2.15038]",open,
1.95,1786783725.7655,sample,"[1.63184, -1.27745, 1.89207, -2.26713, 4.65654, -0.0]","[-6.50531, -0.04376, 2.15038]",open,
2.05,1786783725.8517,sample,"[1.63184, -1.27745, 1.89207, -2.26713, 4.65654, -0.0]","[-6.50531, -0.04376, 2.15038]",open,
2.15,1786783725.936,sample,"[1.63184, -1.27745, 1.89207, -2.26712, 4.65654, -0.0]","[-6.50531, -0.04376, 2.15038]",open,
2.25,1786783726.0137,sample,"[1.63184, -1.27745, 1.89207, -2.26712, 4.65654, -0.0]","[-6.50531, -0.04376, 2.15038]",open,
2.35,1786783726.0959,sample,"[1.63184, -1.27745, 1.89207, -2.26712, 4.65654, -0.0]","[-6.50531, -0.04376, 2.15038]",open,
2.45,1786783726.1846,sample,"[1.63184, -1.27745, 1.89207, -2.26711, 4.65654, -0.0]","[-6.50531, -0.04376, 2.15038]",open,
2.55,1786783726.3191,sample,"[1.63184, -1.27745, 1.89207, -2.26711, 4.65654, -0.0]","[-6.50531, -0.04376, 2.15038]",open,
2.65,1786783726.4231,sample,"[1.63184, -1.27745, 1.89207, -2.26711, 4.65654, -0.0]","[-6.50531, -0.04376, 2.15038]",open,
2.75,1786783726.5166,sample,"[1.63184, -1.27745, 1.89207, -2.26711, 4.65654, -0.0]","[-6.50531, -0.04376, 2.15038]",open,
2.85,1786783726.616,sample,"[1.63184, -1.27745, 1.89207, -2.26711, 4.65654, -0.0]","[-6.50531, -0.04376, 2.15038]",open,
2.95,1786783726.7075,sample,"[1.63184, -1.27745, 1.89207, -2.26711, 4.65654, -0.0]","[-6.50531, -0.04376, 2.15038]",open,
3.05,1786783726.7952,sample,"[1.63184, -1.27745, 1.89207, -2.2671, 4.65654, -0.0]","[-6.50531, -0.04376, 2.15038]",open,
3.15,1786783726.8795,sample,"[1.63184, -1.27745, 1.89207, -2.2671, 4.65654, -0.0]","[-6.50531, -0.04376, 2.15038]",open,
3.25,1786783726.9626,sample,"[1.63184, -1.27745, 1.89207, -2.2671, 4.65654, -0.0]","[-6.50531, -0.04376, 2.15038]",open,
3.35,1786783727.0464,sample,"[1.63184, -1.27745, 1.89207, -2.2671, 4.65654, -0.0]","[-6.50531, -0.04376, 2.15038]",open,
3.45,1786783727.1322,sample,"[1.63184, -1.27745, 1.89207, -2.2671, 4.65654, -0.0]","[-6.50531, -0.04376, 2.15037]",open,
3.55,1786783727.208,sample,"[1.63184, -1.27745, 1.89207, -2.2671, 4.65654, -0.0]","[-6.50531, -0.04376, 2.15037]",open,
3.65,1786783727.294,sample,"[1.63184, -1.27745, 1.89207, -2.2671, 4.65654, -0.0]","[-6.50531, -0.04376, 2.15037]",open,
3.75,1786783727.3771,sample,"[1.63184, -1.27745, 1.89207, -2.2671, 4.65654, -0.0]","[-6.50531, -0.04376, 2.15037]",open,
3.85,1786783727.4589,sample,"[1.63184, -1.27745, 1.89207, -2.2671, 4.65654, -0.0]","[-6.50531, -0.04376, 2.15037]",open,
3.95,1786783727.5366,sample,"[1.63184, -1.27745, 1.89207, -2.2671, 4.65654, -0.0]","[-6.50531, -0.04376, 2.15037]",open,
4.05,1786783727.6321,sample,"[1.63184, -1.27745, 1.89207, -2.2671, 4.65654, -0.0]","[-6.50531, -0.04376, 2.15037]",open,
4.15,1786783727.7205,sample,"[1.63184, -1.27745, 1.89207, -2.2671, 4.65654, -0.0]","[-6.50531, -0.04376, 2.15037]",open,
4.25,1786783727.8056,sample,"[1.63184, -1.27745, 1.89207, -2.2671, 4.65654, -0.0]","[-6.50531, -0.04376, 2.15037]",open,
4.35,1786783727.8872,sample,"[1.63184, -1.27745, 1.89207, -2.2671, 4.65654, -0.0]","[-6.50531, -0.04376, 2.15037]",open,
4.45,1786783727.9671,sample,"[1.63184, -1.27745, 1.89207, -2.2671, 4.65654, -0.0]","[-6.50531, -0.04376, 2.15037]",open,
4.55,1786783728.0536,sample,"[1.63184, -1.27745, 1.89207, -2.2671, 4.65654, -0.0]","[-6.50531, -0.04376, 2.15037]",open,
4.65,1786783728.1364,sample,"[1.63184, -1.27745, 1.89207, -2.2671, 4.65654, -0.0]","[-6.50531, -0.04376, 2.15037]",open,
4.75,1786783728.2191,sample,"[1.63184, -1.27745, 1.89207, -2.2671, 4.65654, -0.0]","[-6.50531, -0.04376, 2.15037]",open,
4.85,1786783728.2985,sample,"[1.63184, -1.27745, 1.89207, -2.2671, 4.65654, -0.0]","[-6.50531, -0.04376, 2.15037]",open,
4.95,1786783728.3817,sample,"[1.63184, -1.27745, 1.89207, -2.2671, 4.65654, -0.0]","[-6.50531, -0.04376, 2.15037]",open,
5.05,1786783728.5046,sample,"[1.63184, -1.27745, 1.89207, -2.2671, 4.65654, -0.0]","[-6.50531, -0.04376, 2.15037]",open,
5.15,1786783728.5928,sample,"[1.63184, -1.27745, 1.89207, -2.2671, 4.65654, -0.0]","[-6.50531, -0.04376, 2.15037]",open,
5.25,1786783728.6813,sample,"[1.63184, -1.27745, 1.89207, -2.2671, 4.65654, -0.0]","[-6.50531, -0.04376, 2.15037]",open,
5.35,1786783728.7661,sample,"[1.63184, -1.27745, 1.89207, -2.2671, 4.65654, -0.0]","[-6.50531, -0.04376, 2.15037]",open,
5.45,1786783728.853,sample,"[1.63184, -1.27745, 1.89207, -2.2671, 4.65654, -0.0]","[-6.50531, -0.04376, 2.15037]",open,
5.55,1786783728.9318,sample,"[1.63184, -1.27745, 1.89207, -2.2671, 4.65654, -0.0]","[-6.50531, -0.04376, 2.15037]",open,
5.65,1786783729.0166,sample,"[1.63184, -1.27745, 1.89207, -2.2671, 4.65654, -0.0]","[-6.50531, -0.04376, 2.15037]",open,
5.75,1786783729.105,sample,"[1.63184, -1.27745, 1.89207, -2.2671, 4.65654, -0.0]","[-6.50531, -0.04376, 2.15037]",open,
5.85,1786783729.1873,sample,"[1.63184, -1.27745, 1.89207, -2.2671, 4.65654, -0.0]","[-6.50531, -0.04376, 2.15037]",open,
5.95,1786783729.2808,sample,"[1.63184, -1.27745, 1.89207, -2.2671, 4.65654, -0.0]","[-6.50531, -0.04376, 2.15037]",open,
6.05,1786783729.3762,sample,"[1.63184, -1.27745, 1.89207, -2.2671, 4.65654, -0.0]","[-6.50531, -0.04376, 2.15037]",open,
6.15,1786783729.4639,sample,"[1.63184, -1.27745, 1.89207, -2.2671, 4.65654, -0.0]","[-6.50531, -0.04376, 2.15037]",open,
6.25,1786783729.5521,sample,"[1.63184, -1.27745, 1.89207, -2.2671, 4.65654, -0.0]","[-6.50531, -0.04376, 2.15037]",open,
6.35,1786783729.6375,sample,"[1.63184, -1.27745, 1.89207, -2.2671, 4.65654, -0.0]","[-6.50531, -0.04376, 2.15037]",open,
6.45,1786783729.7223,sample,"[1.63184, -1.27745, 1.89207, -2.2671, 4.65654, -0.0]","[-6.50531, -0.04376, 2.15037]",open,
6.55,1786783729.8074,sample,"[1.63184, -1.27745, 1.89207, -2.2671, 4.65654, -0.0]","[-6.50531, -0.04376, 2.15037]",open,
6.65,1786783729.9075,sample,"[1.63184, -1.27745, 1.89207, -2.2671, 4.65654, -0.0]","[-6.50531, -0.04376, 2.15037]",open,
6.75,1786783729.9913,sample,"[1.63184, -1.27745, 1.89207, -2.2671, 4.65654, -0.0]","[-6.50531, -0.04376, 2.15037]",open,
6.85,1786783730.0845,sample,"[1.63184, -1.27745, 1.89207, -2.2671, 4.65654, -0.0]","[-6.50531, -0.04376, 2.15037]",open,
6.95,1786783730.1711,sample,"[1.63184, -1.27745, 1.89207, -2.2671, 4.65654, -0.0]","[-6.50531, -0.04376, 2.15037]",open,
7.05,1786783730.255,sample,"[1.63184, -1.27745, 1.89207, -2.2671, 4.65654, -0.0]","[-6.50531, -0.04376, 2.15037]",open,
7.15,1786783730.3422,sample,"[1.63184, -1.27745, 1.89207, -2.2671, 4.65654, -0.0]","[-6.50531, -0.04376, 2.15037]",open,
7.25,1786783730.4281,sample,"[1.63184, -1.27745, 1.89207, -2.2671, 4.65654, -0.0]","[-6.50531, -0.04376, 2.15037]",open,
7.35,1786783730.5106,sample,"[1.63184, -1.27745, 1.89207, -2.2671, 4.65654, -0.0]","[-6.50531, -0.04376, 2.15037]",open,
7.45,1786783730.5965,sample,"[1.63184, -1.27745, 1.89207, -2.2671, 4.65654, -0.0]","[-6.50531, -0.04376, 2.15037]",open,
7.55,1786783730.6924,sample,"[1.63184, -1.27745, 1.89207, -2.2671, 4.65654, -0.0]","[-6.50531, -0.04376, 2.15037]",open,
7.65,1786783730.7948,sample,"[1.63184, -1.27745, 1.89207, -2.2671, 4.65654, -0.0]","[-6.50531, -0.04376, 2.15037]",open,
7.75,1786783730.8933,sample,"[1.63184, -1.27745, 1.89207, -2.2671, 4.65654, -0.0]","[-6.50531, -0.04376, 2.15037]",open,
7.85,1786783730.9847,sample,"[1.63184, -1.27745, 1.89207, -2.2671, 4.65654, -0.0]","[-6.50531, -0.04376, 2.15037]",open,
7.95,1786783731.0831,sample,"[1.63184, -1.27745, 1.89207, -2.2671, 4.65654, -0.0]","[-6.50531, -0.04376, 2.15037]",open,
8.05,1786783731.186,sample,"[1.63184, -1.27745, 1.89207, -2.2671, 4.65654, -0.0]","[-6.50531, -0.04376, 2.15037]",open,
8.15,1786783731.2709,sample,"[1.63184, -1.27745, 1.89207, -2.2671, 4.65654, -0.0]","[-6.50531, -0.04376, 2.15037]",open,
8.25,1786783731.3603,sample,"[1.63184, -1.27745, 1.89207, -2.2671, 4.65654, -0.0]","[-6.50531, -0.04376, 2.15037]",open,
8.35,1786783731.4449,sample,"[1.63184, -1.27745, 1.89207, -2.2671, 4.65654, -0.0]","[-6.50531, -0.04376, 2.15037]",open,
8.45,1786783731.5301,sample,"[1.63184, -1.27745, 1.89207, -2.2671, 4.65654, -0.0]","[-6.50531, -0.04376, 2.15037]",open,
8.55,1786783731.616,sample,"[1.63184, -1.27745, 1.89207, -2.2671, 4.65654, -0.0]","[-6.50531, -0.04376, 2.15037]",open,
8.65,1786783731.712,sample,"[1.63184, -1.27745, 1.89207, -2.2671, 4.65654, -0.0]","[-6.50531, -0.04376, 2.15037]",open,
8.75,1786783731.8119,sample,"[1.63184, -1.27745, 1.89207, -2.2671, 4.65654, -0.0]","[-6.50531, -0.04376, 2.15037]",open,
8.85,1786783731.9172,sample,"[1.63184, -1.27745, 1.89207, -2.2671, 4.65654, -0.0]","[-6.50531, -0.04376, 2.15037]",open,
8.95,1786783732.0116,sample,"[1.63184, -1.27745, 1.89207, -2.2671, 4.65654, -0.0]","[-6.50531, -0.04376, 2.15037]",open,
9.05,1786783732.098,sample,"[1.63184, -1.27745, 1.89207, -2.2671, 4.65654, -0.0]","[-6.50531, -0.04376, 2.15037]",open,
9.15,1786783732.1836,sample,"[1.63184, -1.27745, 1.89207, -2.2671, 4.65654, -0.0]","[-6.50531, -0.04376, 2.15037]",open,
9.25,1786783732.2701,sample,"[1.63184, -1.27745, 1.89207, -2.2671, 4.65654, -0.0]","[-6.50531, -0.04376, 2.15037]",open,
9.35,1786783732.3524,sample,"[1.63184, -1.27745, 1.89207, -2.2671, 4.65654, -0.0]","[-6.50531, -0.04376, 2.15037]",open,
9.45,1786783732.4451,sample,"[1.63184, -1.27745, 1.89207, -2.2671, 4.65654, -0.0]","[-6.50531, -0.04376, 2.15037]",open,
9.55,1786783732.5305,sample,"[1.63184, -1.27745, 1.89207, -2.2671, 4.65654, -0.0]","[-6.50531, -0.04376, 2.15037]",open,
9.65,1786783732.8541,sample,"[1.63184, -1.27745, 1.89207, -2.2671, 4.65654, -0.0]","[-6.50531, -0.04376, 2.15037]",open,
9.75,1786783732.9575,sample,"[1.63184, -1.27745, 1.89207, -2.2671, 4.65654, -0.0]","[-6.50531, -0.04376, 2.15037]",open,
9.85,1786783733.0563,sample,"[1.63184, -1.27745, 1.89207, -2.2671, 4.65654, -0.0]","[-6.50531, -0.04376, 2.15037]",open,
9.95,1786783733.1472,sample,"[1.63184, -1.27745, 1.89207, -2.2671, 4.65654, -0.0]","[-6.50531, -0.04376, 2.15037]",open,
10.05,1786783733.2381,sample,"[1.63184, -1.27745, 1.89207, -2.2671, 4.65654, -0.0]","[-6.50531, -0.04376, 2.15037]",open,
10.15,1786783733.3224,sample,"[1.63184, -1.27745, 1.89207, -2.2671, 4.65654, -0.0]","[-6.50531, -0.04376, 2.15037]",open,
10.25,1786783733.4093,sample,"[1.63184, -1.27745, 1.89207, -2.2671, 4.65654, -0.0]","[-6.50531, -0.04376, 2.15037]",open,
10.35,1786783733.5004,sample,"[1.63184, -1.27745, 1.89207, -2.2671, 4.65654, -0.0]","[-6.50531, -0.04376, 2.15037]",open,
10.45,1786783733.5974,sample,"[1.63184, -1.27745, 1.89207, -2.2671, 4.65654, -0.0]","[-6.50531, -0.04376, 2.15037]",open,
10.55,1786783733.6872,sample,"[1.63184, -1.27745, 1.89207, -2.2671, 4.65654, -0.0]","[-6.50531, -0.04376, 2.15037]",open,
10.65,1786783733.7781,sample,"[1.63184, -1.27745, 1.89207, -2.2671, 4.65654, -0.0]","[-6.50531, -0.04376, 2.15037]",open,
10.75,1786783733.871,sample,"[1.63184, -1.27745, 1.89207, -2.2671, 4.65654, -0.0]","[-6.50531, -0.04376, 2.15037]",open,
10.85,1786783733.964,sample,"[1.63184, -1.27745, 1.89207, -2.2671, 4.65654, -0.0]","[-6.50531, -0.04376, 2.15037]",open,
10.95,1786783734.0762,sample,"[1.63184, -1.27745, 1.89207, -2.2671, 4.65654, -0.0]","[-6.50531, -0.04376, 2.15037]",open,
11.05,1786783734.1687,sample,"[1.63184, -1.27745, 1.89207, -2.2671, 4.65654, -0.0]","[-6.50531, -0.04376, 2.15037]",open,
11.15,1786783734.2535,sample,"[1.63186, -1.30256, 1.8921, -2.2671, 4.65654, -0.0]","[-6.50504, -0.04837, 2.16956]",open,
11.25,1786783734.339,sample,"[1.63186, -1.34973, 1.89209, -2.26709, 4.65654, -0.0]","[-6.50444, -0.05828, 2.20532]",open,
11.35,1786783734.4254,sample,"[1.63187, -1.40501, 1.89209, -2.26709, 4.65655, 0.0]","[-6.50361, -0.07203, 2.24657]",open,
11.45,1786783734.5099,sample,"[1.63187, -1.46328, 1.89208, -2.26709, 4.65655, 0.0]","[-6.50257, -0.08896, 2.28915]",open,
11.55,1786783734.5943,sample,"[1.63187, -1.51436, 1.89207, -2.26709, 4.65655, 0.0]","[-6.50154, -0.10582, 2.32562]",open,
11.65,1786783734.6772,sample,"[1.63186, -1.53528, 1.89205, -2.26709, 4.65655, 0.0]","[-6.50108, -0.11325, 2.34031]",open,
11.75,1786783734.7621,sample,"[1.63186, -1.54297, 1.89206, -2.26709, 4.65655, 0.0]","[-6.50091, -0.11606, 2.34566]",open,
11.85,1786783734.8474,sample,"[1.63185, -1.5458, 1.89206, -2.26709, 4.65654, 0.0]","[-6.50084, -0.1171, 2.34762]",open,
11.95,1786783734.9304,sample,"[1.63185, -1.54684, 1.89207, -2.26709, 4.65654, 0.0]","[-6.50081, -0.11749, 2.34834]",open,
12.05,1786783735.0205,sample,"[1.63185, -1.54722, 1.89207, -2.26709, 4.65654, 0.0]","[-6.5008, -0.11763, 2.34861]",open,
12.15,1786783735.1059,sample,"[1.63184, -1.54737, 1.89207, -2.26709, 4.65653, 0.0]","[-6.50079, -0.11768, 2.34871]",open,
12.25,1786783735.1897,sample,"[1.63184, -1.54741, 1.89207, -2.26709, 4.65653, 0.0]","[-6.50079, -0.1177, 2.34874]",open,
12.35,1786783735.2773,sample,"[1.63184, -1.54745, 1.89207, -2.26709, 4.65653, 0.0]","[-6.50079, -0.11771, 2.34876]",open,
12.45,1786783735.3636,sample,"[1.63184, -1.54745, 1.89207, -2.26709, 4.65653, 0.0]","[-6.50079, -0.11771, 2.34876]",open,
12.55,1786783735.4574,sample,"[1.63184, -1.54745, 1.89207, -2.26709, 4.65652, 0.0]","[-6.50079, -0.11771, 2.34876]",open,
12.65,1786783735.5454,sample,"[1.63184, -1.54745, 1.89207, -2.26709, 4.65652, 0.0]","[-6.50079, -0.11771, 2.34876]",open,
12.75,1786783735.6276,sample,"[1.63184, -1.54745, 1.89207, -2.26709, 4.65652, 0.0]","[-6.50079, -0.11771, 2.34876]",open,
12.85,1786783735.7114,sample,"[1.63184, -1.54745, 1.89207, -2.26709, 4.65652, 0.0]","[-6.50079, -0.11771, 2.34876]",open,
12.95,1786783735.7943,sample,"[1.63184, -1.54745, 1.89207, -2.26709, 4.65652, 0.0]","[-6.50079, -0.11771, 2.34876]",open,
13.05,1786783735.8873,sample,"[1.63184, -1.54745, 1.89207, -2.26709, 4.65652, 0.0]","[-6.50079, -0.11771, 2.34876]",open,
13.15,1786783735.9882,sample,"[1.63184, -1.54745, 1.89207, -2.26709, 4.65652, 0.0]","[-6.50079, -0.11771, 2.34876]",open,
13.25,1786783736.0751,sample,"[1.63184, -1.54745, 1.89207, -2.26709, 4.65652, 0.0]","[-6.50079, -0.11771, 2.34876]",open,
13.35,1786783736.1639,sample,"[1.63184, -1.54745, 1.89207, -2.26709, 4.65652, 0.0]","[-6.50079, -0.11771, 2.34876]",open,
13.45,1786783736.2486,sample,"[1.63184, -1.54745, 1.89207, -2.26709, 4.65652, 0.0]","[-6.50079, -0.11771, 2.34876]",open,
13.55,1786783736.3349,sample,"[1.63184, -1.54745, 1.89207, -2.26709, 4.65652, 0.0]","[-6.50079, -0.11771, 2.34876]",open,
13.65,1786783736.4198,sample,"[1.63184, -1.54745, 1.89207, -2.26709, 4.65652, 0.0]","[-6.50079, -0.11771, 2.34876]",open,
13.75,1786783736.5062,sample,"[1.63184, -1.54745, 1.89207, -2.26709, 4.65652, 0.0]","[-6.50079, -0.11771, 2.34876]",open,
13.85,1786783736.5945,sample,"[1.63184, -1.54745, 1.89207, -2.26709, 4.65652, 0.0]","[-6.50079, -0.11771, 2.34876]",open,
13.95,1786783736.6836,sample,"[1.63184, -1.54745, 1.89207, -2.26709, 4.65652, 0.0]","[-6.50079, -0.11771, 2.34876]",open,
14.05,1786783736.7731,sample,"[1.63184, -1.54745, 1.89207, -2.26709, 4.65652, 0.0]","[-6.50079, -0.11771, 2.34876]",open,
14.15,1786783736.8624,sample,"[1.63184, -1.54745, 1.89207, -2.26709, 4.65652, 0.0]","[-6.50079, -0.11771, 2.34876]",open,
14.25,1786783736.9595,sample,"[1.63184, -1.54745, 1.89207, -2.26709, 4.65652, 0.0]","[-6.50079, -0.11771, 2.34876]",open,
14.35,1786783737.0458,sample,"[1.63187, -1.52232, 1.86695, -2.26709, 4.65651, 0.0]","[-6.50175, -0.10238, 2.3482]",open,
14.45,1786783737.1402,sample,"[1.63189, -1.47951, 1.82415, -2.26709, 4.65651, 0.0]","[-6.50336, -0.0763, 2.34636]",open,
14.55,1786783737.2415,sample,"[1.63188, -1.45924, 1.80389, -2.26709, 4.65651, 0.0]","[-6.5041, -0.06398, 2.3451]",open,
14.65,1786783737.3325,sample,"[1.63187, -1.45178, 1.79643, -2.26709, 4.65651, 0.0]","[-6.50437, -0.05945, 2.34457]",open,
14.75,1786783737.4272,sample,"[1.63186, -1.44903, 1.79369, -2.26709, 4.65651, 0.0]","[-6.50447, -0.05779, 2.34437]",open,
14.85,1786783737.5217,sample,"[1.63185, -1.44802, 1.79268, -2.26709, 4.65651, 0.0]","[-6.5045, -0.05717, 2.3443]",open,
14.95,1786783737.6131,sample,"[1.63184, -1.44765, 1.79231, -2.26709, 4.65651, 0.0]","[-6.50451, -0.05695, 2.34427]",open,
15.05,1786783737.7109,sample,"[1.63184, -1.44752, 1.79217, -2.26709, 4.65651, 0.0]","[-6.50451, -0.05686, 2.34426]",open,
15.15,1786783737.8241,sample,"[1.63185, -1.43431, 1.78774, -2.26709, 4.65651, 0.0]","[-6.50488, -0.051, 2.33726]",open,
15.25,1786783737.9356,sample,"[1.63186, -1.40048, 1.76102, -2.26709, 4.65651, 0.0]","[-6.50602, -0.03234, 2.3293]",open,
15.35,1786783738.0216,sample,"[1.63185, -1.38591, 1.74906, -2.26709, 4.65651, 0.0]","[-6.50651, -0.02423, 2.32596]",open,
15.45,1786783738.112,sample,"[1.63184, -1.38055, 1.74466, -2.26709, 4.65651, 0.0]","[-6.50669, -0.02125, 2.3247]",open,
15.55,1786783738.1964,sample,"[1.63184, -1.37857, 1.74303, -2.26709, 4.65651, 0.0]","[-6.50675, -0.02016, 2.32423]",open,
15.65,1786783738.3045,sample,"[1.63184, -1.37785, 1.74244, -2.26709, 4.65651, 0.0]","[-6.50677, -0.01975, 2.32406]",open,
15.75,1786783738.3972,sample,"[1.63185, -1.35247, 1.74219, -2.26709, 4.65651, 0.0]","[-6.50731, -0.01115, 2.30403]",open,
15.85,1786783738.4955,sample,"[1.63186, -1.30955, 1.74212, -2.26709, 4.65651, 0.0]","[-6.50813, 0.00215, 2.26944]",open,
15.95,1786783738.5828,sample,"[1.63185, -1.28923, 1.7421, -2.26709, 4.65651, 0.0]","[-6.50847, 0.00792, 2.25287]",open,
16.05,1786783738.6687,sample,"[1.63184, -1.28176, 1.74208, -2.26709, 4.65651, 0.0]","[-6.50859, 0.00997, 2.24676]",open,
16.15,1786783738.7611,sample,"[1.63184, -1.27902, 1.74207, -2.26709, 4.65651, 0.0]","[-6.50864, 0.01071, 2.24451]",open,
16.25,1786783738.8499,sample,"[1.63184, -1.27801, 1.74207, -2.26709, 4.65651, 0.0]","[-6.50865, 0.01098, 2.24369]",open,
16.35,1786783738.9376,sample,"[1.63184, -1.27763, 1.74207, -2.26709, 4.65651, 0.0]","[-6.50866, 0.01108, 2.24338]",open,
16.45,1786783739.0224,sample,"[1.63184, -1.2775, 1.74207, -2.26709, 4.65651, 0.0]","[-6.50866, 0.01111, 2.24327]",open,
16.55,1786783739.114,sample,"[1.63184, -1.27745, 1.74207, -2.26709, 4.65651, 0.0]","[-6.50866, 0.01112, 2.24323]",open,
16.65,1786783739.2042,sample,"[1.63184, -1.27745, 1.74207, -2.26709, 4.65651, 0.0]","[-6.50866, 0.01112, 2.24323]",open,
16.75,1786783739.3006,sample,"[1.63184, -1.27745, 1.74207, -2.26709, 4.65651, 0.0]","[-6.50866, 0.01112, 2.24323]",open,
16.85,1786783739.3906,sample,"[1.63184, -1.27745, 1.74207, -2.26709, 4.65651, 0.0]","[-6.50866, 0.01112, 2.24323]",open,
16.95,1786783739.475,sample,"[1.63184, -1.27745, 1.74207, -2.26709, 4.65651, 0.0]","[-6.50866, 0.01112, 2.24323]",open,
17.05,1786783739.572,sample,"[1.63184, -1.27745, 1.74207, -2.26709, 4.65651, 0.0]","[-6.50866, 0.01112, 2.24323]",open,
17.15,1786783739.6795,sample,"[1.63184, -1.27745, 1.74207, -2.26709, 4.65651, 0.0]","[-6.50866, 0.01112, 2.24323]",open,
17.25,1786783739.7734,sample,"[1.63184, -1.27745, 1.74207, -2.26709, 4.65651, 0.0]","[-6.50866, 0.01112, 2.24323]",open,
17.35,1786783739.8652,sample,"[1.63184, -1.27745, 1.74207, -2.26709, 4.65651, 0.0]","[-6.50866, 0.01112, 2.24323]",open,
17.45,1786783739.9551,sample,"[1.63184, -1.27745, 1.74207, -2.26709, 4.65651, 0.0]","[-6.50866, 0.01112, 2.24323]",open,
17.55,1786783740.0449,sample,"[1.63184, -1.27745, 1.74207, -2.26709, 4.65651, 0.0]","[-6.50866, 0.01112, 2.24323]",open,
17.65,1786783740.1429,sample,"[1.63184, -1.27745, 1.74207, -2.26275, 4.65651, 0.0]","[-6.50864, 0.01085, 2.24265]",open,
17.75,1786783740.2354,sample,"[1.63184, -1.27745, 1.74207, -2.23608, 4.65651, 0.0]","[-6.50854, 0.00911, 2.23911]",open,
17.85,1786783740.3265,sample,"[1.63184, -1.27745, 1.74207, -2.22414, 4.65651, 0.0]","[-6.50849, 0.0083, 2.23754]",open,
17.95,1786783740.421,sample,"[1.63184, -1.27745, 1.74207, -2.21974, 4.65651, 0.0]","[-6.50847, 0.008, 2.23697]",open,
18.05,1786783740.5163,sample,"[1.63184, -1.27745, 1.74207, -2.21375, 4.65651, 0.0]","[-6.50844, 0.00758, 2.23619]",open,
18.15,1786783740.6053,sample,"[1.63184, -1.27745, 1.74207, -2.18645, 4.65651, 0.0]","[-6.50833, 0.00562, 2.23265]",open,
18.25,1786783740.6962,sample,"[1.63184, -1.27745, 1.74208, -2.16111, 4.65651, 0.0]","[-6.50821, 0.00372, 2.22943]",open,
18.35,1786783740.7851,sample,"[1.63184, -1.27745, 1.74208, -2.1189, 4.65651, 0.0]","[-6.508, 0.00037, 2.22416]",open,
18.45,1786783740.8831,sample,"[1.63184, -1.27745, 1.74208, -2.09056, 4.65651, -0.0]","[-6.50786, -0.002, 2.22071]",open,
18.55,1786783740.975,sample,"[1.63184, -1.27745, 1.74208, -2.0487, 4.65652, -0.0]","[-6.50763, -0.00568, 2.21574]",open,
18.65,1786783741.0673,sample,"[1.63184, -1.27745, 1.74208, -2.02878, 4.65652, -0.0]","[-6.50752, -0.0075, 2.21343]",open,
18.75,1786783741.1582,sample,"[1.63184, -1.27745, 1.74208, -2.02145, 4.65652, -0.0]","[-6.50748, -0.00819, 2.21259]",open,
18.85,1786783741.2509,sample,"[1.63184, -1.27745, 1.74208, -2.01875, 4.65652, -0.0]","[-6.50747, -0.00844, 2.21228]",open,
18.95,1786783741.3485,sample,"[1.63184, -1.27745, 1.74207, -2.00896, 4.65653, -0.0]","[-6.50741, -0.00936, 2.21117]",open,
19.05,1786783741.4552,sample,"[1.63184, -1.27745, 1.74208, -2.00152, 4.65653, -0.0]","[-6.50737, -0.01007, 2.21033]",open,
19.15,1786783741.5626,sample,"[1.63184, -1.27745, 1.74208, -1.99878, 4.65653, -0.0]","[-6.50735, -0.01033, 2.21002]",open,
19.25,1786783741.6525,sample,"[1.63184, -1.27745, 1.74208, -1.99777, 4.65653, -0.0]","[-6.50734, -0.01043, 2.20991]",open,
19.35,1786783741.7402,sample,"[1.63184, -1.27745, 1.74208, -1.9974, 4.65653, -0.0]","[-6.50734, -0.01047, 2.20987]",open,
19.45,1786783741.8308,sample,"[1.63184, -1.27745, 1.74208, -1.99726, 4.65653, -0.0]","[-6.50734, -0.01048, 2.20985]",open,
19.55,1786783741.9272,sample,"[1.63184, -1.27745, 1.74208, -1.99722, 4.65653, -0.0]","[-6.50734, -0.01048, 2.20985]",open,
19.65,1786783742.0166,sample,"[1.63184, -1.27745, 1.74208, -1.99722, 4.65653, -0.0]","[-6.50734, -0.01049, 2.20985]",open,
19.75,1786783742.103,sample,"[1.63184, -1.27745, 1.74208, -1.99721, 4.65653, -0.0]","[-6.50734, -0.01049, 2.20984]",open,
19.85,1786783742.1927,sample,"[1.63184, -1.27745, 1.74208, -1.99721, 4.65653, -0.0]","[-6.50734, -0.01049, 2.20984]",open,
19.95,1786783742.2811,sample,"[1.63184, -1.27745, 1.74208, -1.9972, 4.65653, -0.0]","[-6.50734, -0.01049, 2.20984]",open,
20.05,1786783742.3691,sample,"[1.63184, -1.27745, 1.74208, -1.9972, 4.65653, -0.0]","[-6.50734, -0.01049, 2.20984]",open,
20.15,1786783742.4746,sample,"[1.63184, -1.27745, 1.74208, -1.99719, 4.65653, -0.0]","[-6.50734, -0.01049, 2.20984]",open,
20.25,1786783742.5735,sample,"[1.63184, -1.27745, 1.74208, -1.99719, 4.65653, -0.0]","[-6.50734, -0.01049, 2.20984]",open,
20.35,1786783742.6637,sample,"[1.63184, -1.27745, 1.74208, -1.99718, 4.65653, -0.0]","[-6.50734, -0.01049, 2.20984]",open,
20.45,1786783742.7547,sample,"[1.63184, -1.27745, 1.74208, -1.99718, 4.65653, -0.0]","[-6.50734, -0.01049, 2.20984]",open,
20.55,1786783742.8461,sample,"[1.63184, -1.27745, 1.74208, -1.99718, 4.65653, -0.0]","[-6.50734, -0.01049, 2.20984]",open,
20.65,1786783742.9305,sample,"[1.63184, -1.27745, 1.74208, -1.99717, 4.65653, -0.0]","[-6.50734, -0.01049, 2.20984]",open,
20.75,1786783743.0247,sample,"[1.63184, -1.27745, 1.74208, -1.99717, 4.65653, -0.0]","[-6.50734, -0.01049, 2.20984]",open,
20.85,1786783743.1202,sample,"[1.63184, -1.26916, 1.74208, -1.99717, 4.65653, -0.0]","[-6.50746, -0.00859, 2.20319]",open,
20.95,1786783743.2146,sample,"[1.63184, -1.24345, 1.7421, -1.99717, 4.65653, -0.0]","[-6.5078, -0.00305, 2.18247]",open,
21.05,1786783743.3023,sample,"[1.63184, -1.23332, 1.74209, -1.99716, 4.65653, -0.0]","[-6.50792, -0.00101, 2.17428]",open,
21.15,1786783743.399,sample,"[1.63184, -1.22959, 1.74209, -1.99716, 4.65653, -0.0]","[-6.50797, -0.00028, 2.17126]",open,
21.25,1786783743.4915,sample,"[1.63184, -1.22822, 1.74209, -1.99716, 4.65653, -0.0]","[-6.50798, -2e-05, 2.17015]",open,
21.35,1786783743.594,sample,"[1.63184, -1.22771, 1.74208, -1.99716, 4.65653, -0.0]","[-6.50799, 8e-05, 2.16974]",open,
21.45,1786783743.6862,sample,"[1.63184, -1.22753, 1.74208, -1.99715, 4.65653, -0.0]","[-6.50799, 0.00012, 2.16959]",open,
21.55,1786783743.7776,sample,"[1.63184, -1.22746, 1.74208, -1.99715, 4.65653, -0.0]","[-6.50799, 0.00013, 2.16953]",open,
21.65,1786783743.8711,sample,"[1.62749, -1.22745, 1.74208, -1.99715, 4.65653, -0.0]","[-6.50451, 0.00103, 2.16953]",open,
21.75,1786783743.9595,sample,"[1.60078, -1.22745, 1.74208, -1.99715, 4.65654, -0.0]","[-6.48305, 0.00621, 2.16953]",open,
21.85,1786783744.0493,sample,"[1.58882, -1.22745, 1.74207, -1.99714, 4.65654, -0.0]","[-6.47339, 0.00834, 2.16953]",open,
21.95,1786783744.1387,sample,"[1.58443, -1.22745, 1.74207, -1.99714, 4.65654, -0.0]","[-6.46984, 0.00909, 2.16953]",open,
22.05,1786783744.2261,sample,"[1.58281, -1.22745, 1.74207, -1.99714, 4.65654, -0.0]","[-6.46853, 0.00937, 2.16953]",open,
22.15,1786783744.3159,sample,"[1.58221, -1.22745, 1.74207, -1.99714, 4.65654, -0.0]","[-6.46805, 0.00947, 2.16953]",open,
22.25,1786783744.4007,sample,"[1.582, -1.22745, 1.74207, -1.99714, 4.65654, -0.0]","[-6.46787, 0.0095, 2.16953]",open,
22.35,1786783744.4881,sample,"[1.58192, -1.22745, 1.74207, -1.99714, 4.65654, -0.0]","[-6.46781, 0.00952, 2.16953]",open,
22.45,1786783744.5863,sample,"[1.5819, -1.22745, 1.74207, -1.99714, 4.65654, -0.0]","[-6.46779, 0.00952, 2.16953]",open,
22.55,1786783744.6756,sample,"[1.58188, -1.22745, 1.74207, -1.99714, 4.65654, -0.0]","[-6.46778, 0.00952, 2.16953]",open,
22.65,1786783744.762,sample,"[1.58187, -1.22745, 1.74207, -1.99714, 4.65654, -0.0]","[-6.46777, 0.00953, 2.16953]",open,
22.75,1786783744.8514,sample,"[1.58185, -1.22745, 1.74207, -1.99714, 4.65654, -0.0]","[-6.46775, 0.00953, 2.16953]",open,
22.85,1786783744.9465,sample,"[1.58184, -1.22745, 1.74207, -1.99714, 4.65654, -0.0]","[-6.46774, 0.00953, 2.16953]",open,
22.95,1786783745.0326,sample,"[1.58184, -1.22745, 1.74207, -1.99714, 4.65654, -0.0]","[-6.46774, 0.00953, 2.16953]",open,
23.05,1786783745.1245,sample,"[1.58184, -1.22745, 1.74207, -1.99714, 4.65654, -0.0]","[-6.46774, 0.00953, 2.16953]",open,
23.15,1786783745.2118,sample,"[1.58184, -1.22745, 1.74207, -1.99714, 4.65654, -0.0]","[-6.46774, 0.00953, 2.16953]",open,
23.25,1786783745.2991,sample,"[1.58184, -1.22745, 1.74207, -1.99714, 4.65654, -0.0]","[-6.46774, 0.00953, 2.16953]",open,
23.35,1786783745.39,sample,"[1.58184, -1.22745, 1.74207, -1.99714, 4.65654, -0.0]","[-6.46774, 0.00953, 2.16953]",open,
23.45,1786783745.481,sample,"[1.58184, -1.22745, 1.74207, -1.99714, 4.65654, -0.0]","[-6.46774, 0.00953, 2.16953]",open,
23.55,1786783745.5734,sample,"[1.58184, -1.22745, 1.74207, -1.99714, 4.65654, -0.0]","[-6.46774, 0.00953, 2.16953]",open,
23.65,1786783745.6688,sample,"[1.58184, -1.22745, 1.74207, -1.99714, 4.65654, -0.0]","[-6.46774, 0.00953, 2.16953]",open,
23.75,1786783745.7774,sample,"[1.58184, -1.22745, 1.74208, -2.01444, 4.65654, -0.0]","[-6.46776, 0.01127, 2.1714]",open,
23.85,1786783745.8757,sample,"[1.58184, -1.22745, 1.74207, -2.02881, 4.65654, -0.0]","[-6.46778, 0.0127, 2.17297]",open,
23.95,1786783745.9666,sample,"[1.58184, -1.22745, 1.74207, -2.0341, 4.65654, -0.0]","[-6.46778, 0.01322, 2.17356]",open,
24.05,1786783746.0585,sample,"[1.58184, -1.22745, 1.74207, -2.03604, 4.65654, -0.0]","[-6.46779, 0.01341, 2.17378]",open,
24.15,1786783746.1504,sample,"[1.58184, -1.22745, 1.74207, -2.03676, 4.65654, -0.0]","[-6.46779, 0.01348, 2.17386]",open,
24.25,1786783746.2511,sample,"[1.58184, -1.22745, 1.74207, -2.03702, 4.65654, -0.0]","[-6.46779, 0.01351, 2.17389]",open,
24.35,1786783746.3415,sample,"[1.58184, -1.22745, 1.74207, -2.0371, 4.65654, -0.0]","[-6.46779, 0.01352, 2.17389]",open,
24.45,1786783746.4352,sample,"[1.58184, -1.22745, 1.74207, -2.0371, 4.65654, -0.0]","[-6.46779, 0.01352, 2.17389]",open,
24.55,1786783746.5286,sample,"[1.58184, -1.22745, 1.74207, -2.0371, 4.65654, -0.0]","[-6.46779, 0.01352, 2.17389]",open,
24.65,1786783746.6261,sample,"[1.58184, -1.22745, 1.74207, -2.0371, 4.65654, -0.0]","[-6.46779, 0.01352, 2.17389]",open,
24.75,1786783746.7311,sample,"[1.58184, -1.22745, 1.74207, -2.0371, 4.65654, -0.0]","[-6.46779, 0.01352, 2.17389]",open,
24.85,1786783746.8252,sample,"[1.58184, -1.22745, 1.74207, -2.0371, 4.65654, -0.0]","[-6.46779, 0.01352, 2.17389]",open,
24.95,1786783746.922,sample,"[1.58184, -1.22309, 1.74207, -2.0371, 4.65654, -0.0]","[-6.4678, 0.01437, 2.17034]",open,
25.05,1786783747.0163,sample,"[1.58187, -1.20155, 1.73952, -2.03714, 4.65656, -0.0]","[-6.46788, 0.01935, 2.15424]",open,
25.15,1786783747.1163,sample,"[1.58188, -1.1931, 1.73877, -2.03715, 4.65657, -0.0]","[-6.46791, 0.02112, 2.14775]",open,
25.25,1786783747.209,sample,"[1.58188, -1.18987, 1.74009, -2.03716, 4.65658, -0.0]","[-6.46791, 0.02114, 2.14431]",open,
25.35,1786783747.298,sample,"[1.58189, -1.18876, 1.74048, -2.03718, 4.65658, -0.0]","[-6.46792, 0.02116, 2.14317]",open,
25.45,1786783747.3865,sample,"[1.58186, -1.18839, 1.7406, -2.03721, 4.65658, -0.0]","[-6.4679, 0.02119, 2.14279]",open,
25.55,1786783747.474,sample,"[1.58185, -1.18825, 1.74066, -2.03722, 4.6566, -0.0]","[-6.46789, 0.02119, 2.14264]",open,
25.65,1786783747.5674,sample,"[1.58185, -1.18815, 1.74076, -2.03721, 4.65659, -0.0]","[-6.46788, 0.02116, 2.1425]",open,
25.75,1786783747.673,sample,"[1.58185, -1.18953, 1.74099, -2.03721, 4.6566, -0.0]","[-6.46788, 0.02084, 2.1435]",open,
25.85,1786783747.7707,sample,"[1.58189, -1.21962, 1.74168, -2.0372, 4.65666, -0.0]","[-6.46786, 0.01518, 2.16775]",open,
25.95,1786783747.8671,sample,"[1.58188, -1.24352, 1.74195, -2.03718, 4.6566, -0.0]","[-6.4678, 0.01029, 2.18705]",open,
26.05,1786783747.9662,sample,"[1.58188, -1.25231, 1.74205, -2.03718, 4.65657, -0.0]","[-6.46776, 0.00837, 2.19412]",open,
26.15,1786783748.0931,sample,"[1.58186, -1.25554, 1.74207, -2.03718, 4.65657, -0.0]","[-6.46774, 0.00766, 2.19673]",open,
26.25,1786783748.179,sample,"[1.58185, -1.25673, 1.74207, -2.03717, 4.65657, -0.0]","[-6.46773, 0.0074, 2.19769]",open,
26.35,1786783748.2648,sample,"[1.58184, -1.25717, 1.74207, -2.03717, 4.65657, -0.0]","[-6.46772, 0.00731, 2.19805]",open,
26.45,1786783748.3521,sample,"[1.58184, -1.25733, 1.74207, -2.03717, 4.65657, -0.0]","[-6.46772, 0.00727, 2.19817]",open,
26.55,1786783748.448,sample,"[1.58184, -1.25738, 1.74207, -2.03717, 4.65657, -0.0]","[-6.46772, 0.00726, 2.19822]",open,
26.65,1786783748.5361,sample,"[1.58184, -1.2574, 1.74207, -2.03716, 4.65657, -0.0]","[-6.46772, 0.00726, 2.19823]",open,
26.75,1786783748.6215,sample,"[1.58184, -1.25742, 1.74207, -2.03716, 4.65657, -0.0]","[-6.46772, 0.00725, 2.19824]",open,
26.85,1786783748.7109,sample,"[1.58184, -1.25743, 1.74207, -2.03716, 4.65657, -0.0]","[-6.46772, 0.00725, 2.19825]",open,
26.95,1786783748.8116,sample,"[1.58184, -1.25744, 1.74207, -2.03715, 4.65657, -0.0]","[-6.46772, 0.00724, 2.19826]",open,
27.05,1786783748.9065,sample,"[1.58184, -1.25745, 1.74207, -2.03715, 4.65657, -0.0]","[-6.46772, 0.00724, 2.19827]",open,
27.15,1786783748.9996,sample,"[1.58184, -1.25745, 1.74207, -2.03715, 4.65657, -0.0]","[-6.46772, 0.00724, 2.19827]",open,
27.25,1786783749.099,sample,"[1.58184, -1.25745, 1.74207, -2.03715, 4.65657, -0.0]","[-6.46772, 0.00724, 2.19827]",open,
27.35,1786783749.1931,sample,"[1.58184, -1.25745, 1.74207, -2.03714, 4.65657, -0.0]","[-6.46772, 0.00724, 2.19827]",open,
27.45,1786783749.2835,sample,"[1.58184, -1.25745, 1.74207, -2.03714, 4.65657, -0.0]","[-6.46772, 0.00724, 2.19827]",open,
27.55,1786783749.3731,sample,"[1.58184, -1.25745, 1.74207, -2.03714, 4.65657, -0.0]","[-6.46772, 0.00724, 2.19827]",open,
27.65,1786783749.4753,sample,"[1.58184, -1.25745, 1.74207, -2.03714, 4.65657, -0.0]","[-6.46772, 0.00724, 2.19827]",open,
27.75,1786783749.5697,sample,"[1.58184, -1.25745, 1.74207, -2.03713, 4.65657, -0.0]","[-6.46772, 0.00724, 2.19827]",open,
27.85,1786783749.6655,sample,"[1.58184, -1.25745, 1.74207, -2.03713, 4.65657, -0.0]","[-6.46772, 0.00724, 2.19827]",open,
27.95,1786783749.7546,sample,"[1.58184, -1.25745, 1.74207, -2.03713, 4.65657, -0.0]","[-6.46772, 0.00724, 2.19827]",open,
28.05,1786783749.8628,sample,"[1.58184, -1.25745, 1.74207, -2.03713, 4.65657, -0.0]","[-6.46772, 0.00724, 2.19827]",open,
28.15,1786783749.9603,sample,"[1.58184, -1.25745, 1.74207, -2.03713, 4.65657, -0.0]","[-6.46772, 0.00724, 2.19827]",open,
28.25,1786783750.0573,sample,"[1.58184, -1.25527, 1.74207, -2.03713, 4.65657, -0.0]","[-6.46773, 0.00772, 2.19649]",open,
28.35,1786783750.1482,sample,"[1.58184, -1.25031, 1.74207, -2.03713, 4.65657, -0.0]","[-6.46774, 0.0088, 2.19248]",open,
28.45,1786783750.2444,sample,"[1.58184, -1.24849, 1.74207, -2.03712, 4.65657, -0.0]","[-6.46774, 0.00919, 2.191]",open,
28.55,1786783750.339,sample,"[1.58184, -1.24781, 1.74207, -2.03712, 4.65657, -0.0]","[-6.46774, 0.00934, 2.19045]",open,
28.65,1786783750.4339,sample,"[1.58184, -1.24757, 1.74207, -2.03712, 4.65657, -0.0]","[-6.46774, 0.00939, 2.19026]",open,
28.75,1786783750.5264,sample,"[1.58184, -1.2409, 1.74208, -2.03712, 4.65657, -0.0]","[-6.46776, 0.01079, 2.18484]",open,
28.85,1786783750.6208,sample,"[1.58184, -1.22922, 1.74208, -2.03712, 4.65657, -0.0]","[-6.46778, 0.01316, 2.17533]",open,
28.95,1786783750.7092,sample,"[1.58184, -1.22492, 1.74208, -2.03712, 4.65657, -0.0]","[-6.4678, 0.01401, 2.17183]",open,
29.05,1786783750.8023,sample,"[1.58184, -1.22334, 1.74208, -2.03712, 4.65657, -0.0]","[-6.4678, 0.01432, 2.17054]",open,
29.15,1786783750.9011,sample,"[1.58184, -1.22276, 1.74207, -2.03712, 4.65657, -0.0]","[-6.4678, 0.01443, 2.17007]",open,
29.25,1786783750.995,sample,"[1.58184, -1.22254, 1.74207, -2.03712, 4.65657, -0.0]","[-6.4678, 0.01447, 2.16989]",open,
29.35,1786783751.0923,sample,"[1.58184, -1.22246, 1.74207, -2.03712, 4.65657, -0.0]","[-6.4678, 0.01449, 2.16983]",open,
29.45,1786783751.1921,sample,"[1.58184, -1.22245, 1.74207, -2.03712, 4.65657, -0.0]","[-6.4678, 0.01449, 2.16982]",open,
29.55,1786783751.2929,sample,"[1.58184, -1.22245, 1.74207, -2.03712, 4.65657, -0.0]","[-6.4678, 0.01449, 2.16982]",open,
29.65,1786783751.3903,sample,"[1.58184, -1.22245, 1.74207, -2.03712, 4.65657, -0.0]","[-6.4678, 0.01449, 2.16982]",open,
29.75,1786783751.4856,sample,"[1.58184, -1.22245, 1.74207, -2.03712, 4.65657, -0.0]","[-6.4678, 0.01449, 2.16982]",open,
29.85,1786783751.5801,sample,"[1.58184, -1.22245, 1.74207, -2.03712, 4.65657, -0.0]","[-6.4678, 0.01449, 2.16982]",open,
29.95,1786783751.6716,sample,"[1.58184, -1.22245, 1.74207, -2.03789, 4.65657, -0.0]","[-6.4678, 0.01457, 2.1699]",open,
30.05,1786783751.7635,sample,"[1.58184, -1.22245, 1.74207, -2.04902, 4.65657, -0.0]","[-6.46781, 0.01565, 2.17114]",open,
30.15,1786783751.8528,sample,"[1.58184, -1.22245, 1.74207, -2.05418, 4.65657, -0.0]","[-6.46782, 0.01615, 2.17172]",open,
30.25,1786783751.9756,sample,"[1.58184, -1.22245, 1.74207, -2.05607, 4.65657, -0.0]","[-6.46782, 0.01633, 2.17193]",open,
30.35,1786783752.0637,sample,"[1.58184, -1.22245, 1.74207, -2.05677, 4.65657, -0.0]","[-6.46782, 0.0164, 2.17201]",open,
30.45,1786783752.1573,sample,"[1.58184, -1.22245, 1.74207, -2.05702, 4.65657, -0.0]","[-6.46782, 0.01642, 2.17204]",open,
30.55,1786783752.2592,sample,"[1.58184, -1.22245, 1.74207, -2.0571, 4.65657, -0.0]","[-6.46782, 0.01643, 2.17205]",open,
30.65,1786783752.3761,sample,"[1.58184, -1.22245, 1.74207, -2.06753, 4.65657, -0.0]","[-6.46783, 0.01742, 2.17323]",open,
30.75,1786783752.4676,sample,"[1.58184, -1.22245, 1.74207, -2.07363, 4.65657, -0.0]","[-6.46784, 0.018, 2.17392]",open,
30.85,1786783752.558,sample,"[1.58184, -1.22245, 1.74207, -2.07587, 4.65657, -0.0]","[-6.46784, 0.01821, 2.17418]",open,
30.95,1786783752.6529,sample,"[1.58184, -1.22245, 1.74207, -2.0767, 4.65657, -0.0]","[-6.46784, 0.01829, 2.17427]",open,
31.05,1786783752.7541,sample,"[1.58184, -1.22027, 1.74207, -2.07699, 4.65657, -0.0]","[-6.46785, 0.01874, 2.17251]",open,
31.15,1786783752.8491,sample,"[1.58184, -1.20493, 1.74208, -2.0771, 4.65657, 0.0]","[-6.46788, 0.02165, 2.15992]",open,
31.25,1786783752.946,sample,"[1.58187, -1.19742, 1.74136, -2.07716, 4.65661, -0.0]","[-6.46793, 0.02329, 2.15417]",open,
31.35,1786783753.039,sample,"[1.58188, -1.19463, 1.74111, -2.07716, 4.65665, -0.0]","[-6.46795, 0.02388, 2.15201]",open,
31.45,1786783753.1336,sample,"[1.58188, -1.19356, 1.7411, -2.07716, 4.65666, -0.0]","[-6.46795, 0.02407, 2.15114]",open,
31.55,1786783753.2284,sample,"[1.58188, -1.19315, 1.74112, -2.07716, 4.65666, -0.0]","[-6.46795, 0.02413, 2.15078]",open,
31.65,1786783753.3233,sample,"[1.58188, -1.19299, 1.74115, -2.07717, 4.65666, -0.0]","[-6.46795, 0.02415, 2.15064]",open,
31.75,1786783753.4217,sample,"[1.58188, -1.19293, 1.74116, -2.07717, 4.65667, -0.0]","[-6.46795, 0.02415, 2.15058]",open,
31.85,1786783753.5213,sample,"[1.58188, -1.19293, 1.74117, -2.07717, 4.65667, -0.0]","[-6.46795, 0.02415, 2.15057]",open,
31.95,1786783753.6199,sample,"[1.58189, -1.20209, 1.74154, -2.07716, 4.65655, -0.0]","[-6.46793, 0.02238, 2.15791]",open,
32.05,1786783753.7164,sample,"[1.5819, -1.21179, 1.74184, -2.07716, 4.65648, 0.0]","[-6.46791, 0.02047, 2.16571]",open,
32.15,1786783753.8063,sample,"[1.58188, -1.21535, 1.74201, -2.07717, 4.65651, 0.0]","[-6.46789, 0.01973, 2.16854]",open,
32.25,1786783753.8962,sample,"[1.58187, -1.21666, 1.74206, -2.07718, 4.65652, 0.0]","[-6.46788, 0.01946, 2.16958]",open,
32.35,1786783754.0114,sample,"[1.58187, -1.21714, 1.74209, -2.07717, 4.65655, 0.0]","[-6.46788, 0.01936, 2.16996]",open,
32.45,1786783754.1274,sample,"[1.58187, -1.21732, 1.7421, -2.07717, 4.65653, 0.0]","[-6.46788, 0.01932, 2.17009]",open,
32.55,1786783754.2218,sample,"[1.58187, -1.21738, 1.7421, -2.07718, 4.65654, -0.0]","[-6.46788, 0.0193, 2.17015]",open,
32.65,1786783754.3152,sample,"[1.58187, -1.2174, 1.74211, -2.07718, 4.65654, 0.0]","[-6.46788, 0.0193, 2.17016]",open,
32.75,1786783754.4076,sample,"[1.58186, -1.21741, 1.74211, -2.07718, 4.65655, -0.0]","[-6.46787, 0.0193, 2.17017]",open,
32.85,1786783754.5,sample,"[1.58187, -1.21742, 1.74211, -2.07718, 4.65654, -0.0]","[-6.46788, 0.0193, 2.17017]",open,
32.95,1786783754.5986,sample,"[1.58187, -1.21742, 1.7421, -2.07717, 4.65653, 0.0]","[-6.46788, 0.0193, 2.17018]",open,
33.05,1786783754.7425,sample,"[1.58187, -1.21742, 1.74211, -2.07717, 4.65654, 0.0]","[-6.46788, 0.01929, 2.17017]",closed,pkg_000
33.15,1786783754.8476,sample,"[1.58186, -1.21742, 1.74211, -2.07716, 4.65654, 0.0]","[-6.46787, 0.01929, 2.17017]",closed,pkg_000
33.25,1786783754.9505,sample,"[1.58184, -1.21743, 1.74211, -2.07716, 4.65654, 0.0]","[-6.46786, 0.01929, 2.17018]",closed,pkg_000
33.35,1786783755.065,sample,"[1.58184, -1.2196, 1.74213, -2.07715, 4.65654, 0.0]","[-6.46785, 0.01887, 2.17195]",closed,pkg_000
33.45,1786783755.1629,sample,"[1.58185, -1.2371, 1.74212, -2.07715, 4.65655, 0.0]","[-6.46782, 0.01533, 2.18628]",closed,pkg_000
33.55,1786783755.2542,sample,"[1.58185, -1.2625, 1.74211, -2.07715, 4.65655, 0.0]","[-6.46776, 0.00975, 2.20698]",closed,pkg_000
33.65,1786783755.3471,sample,"[1.58185, -1.29081, 1.74211, -2.07715, 4.65655, 0.0]","[-6.46768, 0.00291, 2.22986]",closed,pkg_000
33.75,1786783755.4431,sample,"[1.58185, -1.32019, 1.74211, -2.07714, 4.65655, 0.0]","[-6.4676, -0.00487, 2.25339]",closed,pkg_000
33.85,1786783755.5351,sample,"[1.58185, -1.34996, 1.74211, -2.07714, 4.65655, 0.0]","[-6.4675, -0.01346, 2.27699]",closed,pkg_000
33.95,1786783755.6447,sample,"[1.58186, -1.37988, 1.74211, -2.07714, 4.65655, 0.0]","[-6.4674, -0.02279, 2.30043]",closed,pkg_000
34.05,1786783755.7498,sample,"[1.58186, -1.40985, 1.74211, -2.07713, 4.65655, 0.0]","[-6.46729, -0.03283, 2.32363]",closed,pkg_000
34.15,1786783755.8754,sample,"[1.58186, -1.43984, 1.74211, -2.07713, 4.65655, 0.0]","[-6.46717, -0.04358, 2.34653]",closed,pkg_000
34.25,1786783755.991,sample,"[1.58186, -1.46984, 1.74211, -2.07713, 4.65655, 0.0]","[-6.46705, -0.05501, 2.3691]",closed,pkg_000
34.35,1786783756.1026,sample,"[1.58186, -1.49983, 1.74212, -2.07713, 4.65656, 0.0]","[-6.46691, -0.06711, 2.39133]",closed,pkg_000
34.45,1786783756.202,sample,"[1.58601, -1.52984, 1.74212, -2.07712, 4.65655, 0.0]","[-6.46976, -0.08057, 2.41318]",closed,pkg_000
34.55,1786783756.2974,sample,"[1.60545, -1.55327, 1.74212, -2.07712, 4.65655, 0.0]","[-6.48335, -0.09442, 2.42997]",closed,pkg_000
34.65,1786783756.3911,sample,"[1.63156, -1.56222, 1.74213, -2.07712, 4.65654, 0.0]","[-6.50146, -0.10353, 2.43631]",closed,pkg_000
34.75,1786783756.4897,sample,"[1.66013, -1.56551, 1.74214, -2.07712, 4.65654, 0.0]","[-6.52114, -0.11108, 2.43863]",closed,pkg_000
34.85,1786783756.5861,sample,"[1.6896, -1.56672, 1.74214, -2.07712, 4.65653, 0.0]","[-6.54128, -0.11845, 2.43948]",closed,pkg_000
34.95,1786783756.6838,sample,"[1.71941, -1.56717, 1.74214, -2.07712, 4.65652, 0.0]","[-6.56145, -0.12615, 2.43979]",closed,pkg_000
35.05,1786783756.7833,sample,"[1.74934, -1.56733, 1.74214, -2.07712, 4.65652, 0.0]","[-6.58148, -0.13435, 2.43991]",closed,pkg_000
35.15,1786783756.8812,sample,"[1.77931, -1.56738, 1.74214, -2.07712, 4.65651, 0.0]","[-6.6013, -0.1431, 2.43995]",closed,pkg_000
35.25,1786783756.9893,sample,"[1.8093, -1.5674, 1.74214, -2.07712, 4.65651, 0.0]","[-6.62086, -0.15244, 2.43996]",closed,pkg_000
35.35,1786783757.0974,sample,"[1.83929, -1.57155, 1.74214, -2.07712, 4.6565, 0.0]","[-6.63962, -0.16422, 2.44288]",closed,pkg_000
35.45,1786783757.2006,sample,"[1.86929, -1.59098, 1.74213, -2.07712, 4.6565, 0.0]","[-6.65584, -0.18347, 2.45647]",closed,pkg_000
35.55,1786783757.2894,sample,"[1.89929, -1.6171, 1.74212, -2.07712, 4.65649, 0.0]","[-6.67005, -0.2065, 2.47443]",closed,pkg_000
35.65,1786783757.3764,sample,"[1.9293, -1.64567, 1.74212, -2.07712, 4.65648, 0.0]","[-6.68261, -0.23144, 2.49369]",closed,pkg_000
35.75,1786783757.4722,sample,"[1.9593, -1.67515, 1.74212, -2.07712, 4.65648, 0.0]","[-6.69361, -0.25754, 2.51311]",closed,pkg_000
35.85,1786783757.5706,sample,"[1.9893, -1.70496, 1.74212, -2.07712, 4.65647, 0.0]","[-6.70309, -0.28446, 2.53228]",closed,pkg_000
35.95,1786783757.6765,sample,"[2.01931, -1.73489, 1.74212, -2.07712, 4.65647, 0.0]","[-6.71104, -0.31201, 2.55103]",closed,pkg_000
36.05,1786783757.7901,sample,"[2.04931, -1.76486, 1.74212, -2.07712, 4.65647, 0.0]","[-6.71745, -0.34009, 2.5693]",closed,pkg_000
36.15,1786783757.903,sample,"[2.07931, -1.79486, 1.74212, -2.07712, 4.65646, 0.0]","[-6.72227, -0.36857, 2.58704]",closed,pkg_000
36.25,1786783758.004,sample,"[2.10933, -1.82071, 1.74211, -2.07712, 4.65646, 0.0]","[-6.72684, -0.39515, 2.60189]",closed,pkg_000
36.35,1786783758.0974,sample,"[2.13933, -1.83129, 1.74213, -2.07712, 4.65645, 0.0]","[-6.73521, -0.41373, 2.60784]",closed,pkg_000
36.45,1786783758.1935,sample,"[2.16933, -1.83518, 1.74214, -2.07712, 4.65644, 0.0]","[-6.74522, -0.42899, 2.61]",closed,pkg_000
36.55,1786783758.2917,sample,"[2.19933, -1.83661, 1.74214, -2.07712, 4.65644, 0.0]","[-6.75561, -0.44325, 2.6108]",closed,pkg_000
36.65,1786783758.3871,sample,"[2.22932, -1.83714, 1.74214, -2.07712, 4.65643, 0.0]","[-6.7659, -0.45733, 2.61109]",closed,pkg_000
36.75,1786783758.4775,sample,"[2.25932, -1.83733, 1.74214, -2.07712, 4.65643, 0.0]","[-6.77589, -0.47156, 2.6112]",closed,pkg_000
36.85,1786783758.5735,sample,"[2.28933, -1.83739, 1.74214, -2.07712, 4.65642, 0.0]","[-6.7855, -0.48601, 2.61123]",closed,pkg_000
36.95,1786783758.6628,sample,"[2.31933, -1.83743, 1.74214, -2.07712, 4.65642, 0.0]","[-6.79469, -0.50073, 2.61125]",closed,pkg_000
37.05,1786783758.7542,sample,"[2.34933, -1.83745, 1.74214, -2.07712, 4.65641, 0.0]","[-6.80343, -0.51572, 2.61127]",closed,pkg_000
37.15,1786783758.8464,sample,"[2.37933, -1.83745, 1.74214, -2.07712, 4.6564, 0.0]","[-6.81173, -0.53094, 2.61127]",closed,pkg_000
37.25,1786783758.9357,sample,"[2.40933, -1.83745, 1.74214, -2.07712, 4.6564, 0.0]","[-6.81957, -0.54642, 2.61127]",closed,pkg_000
37.35,1786783759.0227,sample,"[2.43933, -1.83745, 1.74214, -2.07712, 4.65639, 0.0]","[-6.82695, -0.56211, 2.61127]",closed,pkg_000
37.45,1786783759.1159,sample,"[2.46933, -1.83745, 1.74214, -2.07712, 4.65639, 0.0]","[-6.83384, -0.57803, 2.61127]",closed,pkg_000
37.55,1786783759.2126,sample,"[2.49933, -1.83745, 1.74214, -2.07712, 4.65639, 0.0]","[-6.84026, -0.59414, 2.61127]",closed,pkg_000
37.65,1786783759.3266,sample,"[2.52933, -1.83745, 1.74214, -2.07712, 4.65639, 0.0]","[-6.84619, -0.61044, 2.61127]",closed,pkg_000
37.75,1786783759.4185,sample,"[2.55933, -1.83745, 1.74214, -2.07712, 4.65638, 0.0]","[-6.85163, -0.62691, 2.61127]",closed,pkg_000
37.85,1786783759.5166,sample,"[2.58933, -1.83745, 1.74214, -2.07712, 4.65638, 0.0]","[-6.85658, -0.64353, 2.61127]",closed,pkg_000
37.95,1786783759.6206,sample,"[2.61933, -1.83745, 1.74214, -2.07712, 4.65638, 0.0]","[-6.86102, -0.6603, 2.61127]",closed,pkg_000
38.05,1786783759.7422,sample,"[2.64933, -1.84402, 1.74214, -2.07712, 4.65638, 0.0]","[-6.86128, -0.67916, 2.6149]",closed,pkg_000
38.15,1786783759.855,sample,"[2.67933, -1.86507, 1.74214, -2.07712, 4.65638, 0.0]","[-6.85252, -0.70209, 2.62638]",closed,pkg_000
38.25,1786783759.9509,sample,"[2.70935, -1.87922, 1.74213, -2.07712, 4.65638, 0.0]","[-6.84681, -0.72259, 2.63394]",closed,pkg_000
38.35,1786783760.0493,sample,"[2.73935, -1.88442, 1.74214, -2.07712, 4.65638, 0.0]","[-6.84574, -0.74037, 2.63667]",closed,pkg_000
38.45,1786783760.1426,sample,"[2.76935, -1.88634, 1.74214, -2.07712, 4.65638, 0.0]","[-6.8461, -0.75723, 2.63768]",closed,pkg_000
38.55,1786783760.2293,sample,"[2.79935, -1.88704, 1.74214, -2.07712, 4.65638, 0.0]","[-6.8467, -0.77378, 2.63804]",closed,pkg_000
38.65,1786783760.3216,sample,"[2.82935, -1.8873, 1.74214, -2.07712, 4.65638, 0.0]","[-6.84708, -0.79025, 2.63818]",closed,pkg_000
38.75,1786783760.4158,sample,"[2.85935, -1.88739, 1.74214, -2.07712, 4.65639, 0.0]","[-6.84707, -0.80668, 2.63822]",closed,pkg_000
38.85,1786783760.5049,sample,"[2.88935, -1.88743, 1.74214, -2.07712, 4.65639, 0.0]","[-6.8466, -0.82309, 2.63825]",closed,pkg_000
38.95,1786783760.5994,sample,"[2.91935, -1.88745, 1.74214, -2.07712, 4.65639, 0.0]","[-6.84564, -0.83948, 2.63826]",closed,pkg_000
39.05,1786783760.6899,sample,"[2.94935, -1.88745, 1.74214, -2.07712, 4.65638, 0.0]","[-6.84421, -0.85583, 2.63826]",closed,pkg_000
39.15,1786783760.7763,sample,"[2.97935, -1.88745, 1.74214, -2.07712, 4.65639, 0.0]","[-6.84229, -0.87213, 2.63826]",closed,pkg_000
39.25,1786783760.8662,sample,"[3.00935, -1.88745, 1.74214, -2.07712, 4.65639, 0.0]","[-6.83989, -0.88836, 2.63826]",closed,pkg_000
39.35,1786783760.9565,sample,"[3.03935, -1.88745, 1.74214, -2.07712, 4.65639, 0.0]","[-6.83699, -0.90452, 2.63826]",closed,pkg_000
39.45,1786783761.0522,sample,"[3.06935, -1.88745, 1.74214, -2.07712, 4.65639, 0.0]","[-6.83362, -0.92058, 2.63826]",closed,pkg_000
39.55,1786783761.1505,sample,"[3.09935, -1.88745, 1.74214, -2.07712, 4.65639, 0.0]","[-6.82976, -0.93653, 2.63826]",closed,pkg_000
39.65,1786783761.2475,sample,"[3.12935, -1.88745, 1.74214, -2.07712, 4.65638, 0.0]","[-6.82542, -0.95236, 2.63826]",closed,pkg_000
39.75,1786783761.3391,sample,"[3.15935, -1.88745, 1.74214, -2.07712, 4.65638, 0.0]","[-6.82062, -0.96805, 2.63826]",closed,pkg_000
39.85,1786783761.4311,sample,"[3.18935, -1.88745, 1.74214, -2.07712, 4.65638, 0.0]","[-6.81534, -0.98359, 2.63826]",closed,pkg_000
39.95,1786783761.5312,sample,"[3.21521, -1.88745, 1.74214, -2.07712, 4.65639, 0.0]","[-6.81042, -0.99686, 2.63826]",closed,pkg_000
40.05,1786783761.6254,sample,"[3.22579, -1.88745, 1.74214, -2.07712, 4.65639, 0.0]","[-6.80831, -1.00224, 2.63826]",closed,pkg_000
40.15,1786783761.7252,sample,"[3.22968, -1.88746, 1.73275, -2.07711, 4.65639, 0.0]","[-6.80674, -1.00415, 2.64497]",closed,pkg_000
40.25,1786783761.8232,sample,"[3.23112, -1.88088, 1.71031, -2.07711, 4.6564, 0.0]","[-6.8088, -1.00509, 2.65751]",closed,pkg_000
40.35,1786783761.9136,sample,"[3.23164, -1.85983, 1.68309, -2.07711, 4.6564, 0.0]","[-6.82034, -1.00641, 2.6657]",closed,pkg_000
40.45,1786783762.0029,sample,"[3.23183, -1.83312, 1.65412, -2.07711, 4.6564, 0.0]","[-6.83574, -1.0079, 2.67175]",closed,pkg_000
40.55,1786783762.0999,sample,"[3.23189, -1.80432, 1.6245, -2.0771, 4.6564, 0.0]","[-6.85265, -1.00947, 2.67666]",closed,pkg_000
40.65,1786783762.195,sample,"[3.23194, -1.77476, 1.59464, -2.0771, 4.6564, 0.0]","[-6.8702, -1.01109, 2.6808]",closed,pkg_000
40.75,1786783762.2889,sample,"[3.23197, -1.74492, 1.56469, -2.0771, 4.6564, 0.0]","[-6.88805, -1.01272, 2.68431]",closed,pkg_000
40.85,1786783762.3853,sample,"[3.23197, -1.71497, 1.53471, -2.0771, 4.65639, 0.0]","[-6.90606, -1.01436, 2.68724]",closed,pkg_000
40.95,1786783762.4873,sample,"[3.23197, -1.68499, 1.50472, -2.0771, 4.65639, 0.0]","[-6.92418, -1.016, 2.68961]",closed,pkg_000
41.05,1786783762.5881,sample,"[3.23197, -1.65499, 1.47472, -2.0771, 4.65639, 0.0]","[-6.94238, -1.01765, 2.69142]",closed,pkg_000
41.15,1786783762.6896,sample,"[3.23197, -1.62498, 1.44472, -2.07709, 4.65638, 0.0]","[-6.96062, -1.0193, 2.69269]",closed,pkg_000
41.25,1786783762.7865,sample,"[3.23197, -1.59498, 1.41472, -2.07709, 4.65638, 0.0]","[-6.9789, -1.02096, 2.6934]",closed,pkg_000
41.35,1786783762.8863,sample,"[3.23198, -1.56497, 1.38472, -2.07709, 4.65638, 0.0]","[-6.99718, -1.02262, 2.69357]",closed,pkg_000
41.45,1786783762.9857,sample,"[3.23198, -1.53497, 1.35548, -2.07709, 4.65638, 0.0]","[-7.01555, -1.02428, 2.69264]",closed,pkg_000
41.55,1786783763.0822,sample,"[3.23197, -1.50714, 1.34073, -2.07709, 4.65637, 0.0]","[-7.03378, -1.02593, 2.68249]",closed,pkg_000
41.65,1786783763.1781,sample,"[3.23271, -1.49463, 1.33531, -2.07709, 4.65637, 0.0]","[-7.04187, -1.02723, 2.6769]",closed,pkg_000
41.75,1786783763.2721,sample,"[3.24792, -1.49003, 1.33331, -2.0771, 4.65637, 0.0]","[-7.04135, -1.03881, 2.67483]",closed,pkg_000
41.85,1786783763.3705,sample,"[3.27249, -1.48834, 1.33257, -2.0771, 4.65637, 0.0]","[-7.03637, -1.05709, 2.67407]",closed,pkg_000
41.95,1786783763.4645,sample,"[3.30049, -1.48772, 1.3323, -2.0771, 4.65637, 0.0]","[-7.02928, -1.07767, 2.67379]",closed,pkg_000
42.05,1786783763.561,sample,"[3.32975, -1.48749, 1.3322, -2.0771, 4.65637, 0.0]","[-7.021, -1.09892, 2.67368]",closed,pkg_000
42.15,1786783763.6565,sample,"[3.35948, -1.48741, 1.33215, -2.0771, 4.65637, 0.0]","[-7.01184, -1.12023, 2.67366]",closed,pkg_000
42.25,1786783763.7666,sample,"[3.38938, -1.48737, 1.33214, -2.0771, 4.65637, 0.0]","[-7.00198, -1.14137, 2.67363]",closed,pkg_000
42.35,1786783763.871,sample,"[3.41277, -1.48737, 1.33214, -2.0771, 4.65637, 0.0]","[-6.9938, -1.1577, 2.67363]",closed,pkg_000
42.45,1786783763.9588,sample,"[3.42171, -1.48737, 1.33215, -2.0771, 4.65637, 0.0]","[-6.99058, -1.16389, 2.67363]",closed,pkg_000
42.55,1786783764.0891,sample,"[3.425, -1.48736, 1.33215, -2.07712, 4.6564, 0.0]","[-6.98938, -1.16616, 2.67362]",open,
42.65,1786783764.2066,sample,"[3.42621, -1.48736, 1.33213, -2.07716, 4.65648, 0.0]","[-6.98893, -1.167, 2.67365]",open,
42.75,1786783764.3024,sample,"[3.42666, -1.48736, 1.33214, -2.07716, 4.65652, 0.0]","[-6.98877, -1.16731, 2.67364]",open,
42.85,1786783764.4101,sample,"[3.42682, -1.48736, 1.33214, -2.07717, 4.65653, 0.0]","[-6.98871, -1.16742, 2.67364]",open,
42.95,1786783764.5332,sample,"[3.42688, -1.48736, 1.33213, -2.07718, 4.65654, -0.0]","[-6.98869, -1.16747, 2.67364]",open,
43.05,1786783764.6295,sample,"[3.42692, -1.48737, 1.33212, -2.07718, 4.65652, 0.0]","[-6.98867, -1.16749, 2.67365]",open,
43.15,1786783764.725,sample,"[3.42692, -1.48737, 1.33211, -2.07717, 4.65652, 0.0]","[-6.98867, -1.16749, 2.67366]",open,
43.25,1786783764.8249,sample,"[3.42691, -1.48737, 1.3321, -2.07717, 4.65652, 0.0]","[-6.98867, -1.16749, 2.67367]",open,
43.35,1786783764.9232,sample,"[3.42691, -1.48737, 1.3321, -2.07716, 4.65651, 0.0]","[-6.98867, -1.16748, 2.67367]",open,
43.45,1786783765.0219,sample,"[3.42691, -1.48737, 1.3321, -2.07716, 4.65651, 0.0]","[-6.98867, -1.16748, 2.67367]",open,
43.55,1786783765.1227,sample,"[3.42691, -1.48737, 1.33209, -2.07716, 4.65651, 0.0]","[-6.98867, -1.16748, 2.67368]",open,
43.65,1786783765.2121,sample,"[3.42691, -1.48737, 1.33209, -2.07715, 4.6565, 0.0]","[-6.98867, -1.16748, 2.67368]",open,
43.75,1786783765.3036,sample,"[3.42691, -1.48737, 1.33208, -2.07715, 4.6565, 0.0]","[-6.98867, -1.16748, 2.67368]",open,
43.85,1786783765.409,sample,"[3.42277, -1.48737, 1.33208, -2.07715, 4.6565, 0.0]","[-6.99018, -1.16462, 2.67368]",open,
43.95,1786783765.5065,sample,"[3.40334, -1.48737, 1.33207, -2.07714, 4.6565, 0.0]","[-6.99714, -1.15115, 2.67369]",open,
44.05,1786783765.6041,sample,"[3.37724, -1.48737, 1.33207, -2.07713, 4.6565, 0.0]","[-7.00607, -1.13283, 2.67368]",open,
44.15,1786783765.703,sample,"[3.34867, -1.48737, 1.33207, -2.07713, 4.6565, 0.0]","[-7.01529, -1.11253, 2.67368]",open,
44.25,1786783765.7972,sample,"[3.31919, -1.48737, 1.33207, -2.07712, 4.6565, 0.0]","[-7.02419, -1.09131, 2.67368]",open,
44.35,1786783765.9025,sample,"[3.28938, -1.48737, 1.33207, -2.07712, 4.6565, 0.0]","[-7.03255, -1.0696, 2.67368]",open,
44.45,1786783766.0065,sample,"[3.25945, -1.48737, 1.33207, -2.07712, 4.6565, 0.0]","[-7.04029, -1.04756, 2.67368]",open,
44.55,1786783766.1205,sample,"[3.22948, -1.48737, 1.33207, -2.07711, 4.6565, 0.0]","[-7.04737, -1.02526, 2.67368]",open,
44.65,1786783766.2351,sample,"[3.19949, -1.48737, 1.33207, -2.07711, 4.6565, 0.0]","[-7.05379, -1.00275, 2.67368]",open,
44.75,1786783766.3551,sample,"[3.16949, -1.48737, 1.33207, -2.07711, 4.6565, 0.0]","[-7.05953, -0.98005, 2.67368]",open,
44.85,1786783766.4616,sample,"[3.13949, -1.48737, 1.33207, -2.07711, 4.6565, 0.0]","[-7.06459, -0.95718, 2.67368]",open,
44.95,1786783766.5708,sample,"[3.10949, -1.48737, 1.33207, -2.0771, 4.6565, 0.0]","[-7.06896, -0.93418, 2.67368]",open,
45.05,1786783766.6794,sample,"[3.07949, -1.48737, 1.33207, -2.0771, 4.6565, 0.0]","[-7.07264, -0.91105, 2.67368]",open,
45.15,1786783766.7885,sample,"[3.04949, -1.48737, 1.33207, -2.0771, 4.6565, 0.0]","[-7.07563, -0.88782, 2.67368]",open,
45.25,1786783766.8946,sample,"[3.01949, -1.48737, 1.33207, -2.07709, 4.6565, 0.0]","[-7.07791, -0.86452, 2.67368]",open,
45.35,1786783767.0025,sample,"[2.98948, -1.48737, 1.33207, -2.07709, 4.6565, 0.0]","[-7.0795, -0.84116, 2.67368]",open,
45.45,1786783767.1124,sample,"[2.95948, -1.48737, 1.33207, -2.07709, 4.6565, 0.0]","[-7.08038, -0.81776, 2.67368]",open,
45.55,1786783767.2164,sample,"[2.92948, -1.48737, 1.33207, -2.07709, 4.6565, 0.0]","[-7.08056, -0.79434, 2.67368]",open,
45.65,1786783767.3242,sample,"[2.89948, -1.48737, 1.33207, -2.07709, 4.6565, 0.0]","[-7.08004, -0.77093, 2.67368]",open,
45.75,1786783767.431,sample,"[2.86948, -1.48737, 1.33207, -2.07709, 4.6565, 0.0]","[-7.07882, -0.74754, 2.67368]",open,
45.85,1786783767.5361,sample,"[2.83948, -1.48737, 1.33207, -2.07709, 4.6565, 0.0]","[-7.07689, -0.7242, 2.67368]",open,
45.95,1786783767.642,sample,"[2.80948, -1.48737, 1.33207, -2.07709, 4.6565, 0.0]","[-7.07427, -0.70093, 2.67368]",open,
46.05,1786783767.7455,sample,"[2.77948, -1.48737, 1.33207, -2.07709, 4.6565, 0.0]","[-7.07095, -0.67775, 2.67368]",open,
46.15,1786783767.8475,sample,"[2.74948, -1.48737, 1.33207, -2.07709, 4.6565, 0.0]","[-7.06694, -0.65468, 2.67368]",open,
46.25,1786783767.9521,sample,"[2.71948, -1.48737, 1.33207, -2.07709, 4.6565, 0.0]","[-7.06223, -0.63174, 2.67368]",open,
46.35,1786783768.0566,sample,"[2.68948, -1.48737, 1.33207, -2.07709, 4.6565, 0.0]","[-7.05684, -0.60896, 2.67368]",open,
46.45,1786783768.1631,sample,"[2.65948, -1.48737, 1.33207, -2.07709, 4.6565, 0.0]","[-7.05077, -0.58634, 2.67368]",open,
46.55,1786783768.2659,sample,"[2.62948, -1.48737, 1.33207, -2.07709, 4.6565, 0.0]","[-7.04402, -0.56391, 2.67368]",open,
46.65,1786783768.3763,sample,"[2.59948, -1.48737, 1.33207, -2.07709, 4.6565, 0.0]","[-7.03661, -0.5417, 2.67368]",open,
46.75,1786783768.5096,sample,"[2.56948, -1.48737, 1.33207, -2.07709, 4.6565, 0.0]","[-7.02853, -0.51972, 2.67368]",open,
46.85,1786783768.6308,sample,"[2.53947, -1.48737, 1.33207, -2.07709, 4.6565, 0.0]","[-7.01979, -0.498, 2.67368]",open,
46.95,1786783768.7363,sample,"[2.50947, -1.48737, 1.33207, -2.07709, 4.6565, 0.0]","[-7.01041, -0.47654, 2.67368]",open,
47.05,1786783768.8372,sample,"[2.47947, -1.48737, 1.33207, -2.07709, 4.6565, 0.0]","[-7.00039, -0.45538, 2.67368]",open,
47.15,1786783768.9386,sample,"[2.44947, -1.48737, 1.33207, -2.07709, 4.6565, 0.0]","[-6.98974, -0.43452, 2.67368]",open,
47.25,1786783769.0411,sample,"[2.41947, -1.48737, 1.33207, -2.07709, 4.6565, 0.0]","[-6.97846, -0.414, 2.67368]",open,
47.35,1786783769.1475,sample,"[2.38947, -1.48737, 1.33207, -2.07709, 4.6565, 0.0]","[-6.96658, -0.39382, 2.67368]",open,
47.45,1786783769.2533,sample,"[2.35947, -1.48737, 1.33207, -2.07709, 4.6565, 0.0]","[-6.95409, -0.37401, 2.67368]",open,
47.55,1786783769.3602,sample,"[2.32947, -1.48737, 1.33207, -2.07709, 4.6565, 0.0]","[-6.94102, -0.35458, 2.67368]",open,
47.65,1786783769.4663,sample,"[2.29947, -1.48737, 1.33207, -2.07709, 4.6565, 0.0]","[-6.92737, -0.33555, 2.67368]",open,
47.75,1786783769.5793,sample,"[2.26947, -1.48737, 1.33207, -2.07709, 4.6565, 0.0]","[-6.91316, -0.31694, 2.67368]",open,
47.85,1786783769.6825,sample,"[2.23947, -1.48737, 1.33207, -2.07709, 4.6565, 0.0]","[-6.89839, -0.29877, 2.67368]",open,
47.95,1786783769.7964,sample,"[2.20947, -1.48737, 1.33207, -2.07709, 4.6565, 0.0]","[-6.88309, -0.28104, 2.67368]",open,
48.05,1786783769.9002,sample,"[2.17947, -1.48737, 1.33207, -2.07709, 4.6565, 0.0]","[-6.86726, -0.26379, 2.67368]",open,
48.15,1786783770.0048,sample,"[2.14947, -1.48737, 1.33207, -2.07709, 4.6565, 0.0]","[-6.85092, -0.24701, 2.67368]",open,
48.25,1786783770.1121,sample,"[2.11946, -1.48737, 1.33207, -2.07709, 4.6565, 0.0]","[-6.83408, -0.23074, 2.67368]",open,
48.35,1786783770.2186,sample,"[2.08946, -1.48737, 1.33207, -2.07709, 4.6565, 0.0]","[-6.81677, -0.21497, 2.67368]",open,
48.45,1786783770.3236,sample,"[2.05946, -1.48737, 1.33207, -2.07709, 4.6565, 0.0]","[-6.79899, -0.19973, 2.67368]",open,
48.55,1786783770.4273,sample,"[2.02946, -1.48737, 1.33207, -2.07709, 4.6565, 0.0]","[-6.78076, -0.18504, 2.67368]",open,
48.65,1786783770.542,sample,"[1.99946, -1.48737, 1.33207, -2.07709, 4.6565, 0.0]","[-6.76209, -0.17089, 2.67368]",open,
48.75,1786783770.6484,sample,"[1.96946, -1.48737, 1.33207, -2.07709, 4.6565, 0.0]","[-6.74302, -0.15732, 2.67368]",open,
48.85,1786783770.755,sample,"[1.93947, -1.48737, 1.33207, -2.07709, 4.6565, 0.0]","[-6.72354, -0.14432, 2.67368]",open,
48.95,1786783770.875,sample,"[1.90947, -1.48737, 1.33207, -2.07709, 4.6565, 0.0]","[-6.70368, -0.13191, 2.67368]",open,
49.05,1786783770.9889,sample,"[1.87947, -1.48737, 1.33207, -2.07709, 4.6565, 0.0]","[-6.68346, -0.1201, 2.67368]",open,
49.15,1786783771.0964,sample,"[1.84947, -1.48737, 1.33207, -2.07709, 4.6565, 0.0]","[-6.66289, -0.1089, 2.67368]",open,
49.25,1786783771.2055,sample,"[1.81947, -1.48737, 1.33207, -2.07709, 4.6565, 0.0]","[-6.642, -0.09833, 2.67368]",open,
49.35,1786783771.3126,sample,"[1.78947, -1.48737, 1.33207, -2.07709, 4.6565, 0.0]","[-6.6208, -0.08839, 2.67368]",open,
49.45,1786783771.4166,sample,"[1.75947, -1.48737, 1.33207, -2.07709, 4.6565, 0.0]","[-6.59931, -0.07908, 2.67368]",open,
49.55,1786783771.5231,sample,"[1.72947, -1.48737, 1.33207, -2.07709, 4.6565, 0.0]","[-6.57755, -0.07043, 2.67368]",open,
49.65,1786783771.6287,sample,"[1.69947, -1.48737, 1.33207, -2.07709, 4.6565, 0.0]","[-6.55554, -0.06243, 2.67368]",open,
49.75,1786783771.7402,sample,"[1.66947, -1.48737, 1.33207, -2.07709, 4.6565, 0.0]","[-6.53331, -0.0551, 2.67368]",open,
49.85,1786783771.8584,sample,"[1.63947, -1.48737, 1.33207, -2.07709, 4.6565, 0.0]","[-6.51086, -0.04844, 2.67368]",open,
49.95,1786783771.9631,sample,"[1.60947, -1.48737, 1.33207, -2.07709, 4.6565, 0.0]","[-6.48822, -0.04245, 2.67368]",open,
50.05,1786783772.0709,sample,"[1.58023, -1.48813, 1.33285, -2.07709, 4.6565, 0.0]","[-6.46599, -0.03774, 2.67371]",open,
50.15,1786783772.162,sample,"[1.56546, -1.50337, 1.34811, -2.07709, 4.6565, 0.0]","[-6.45477, -0.04467, 2.6744]",open,
50.25,1786783772.2585,sample,"[1.56004, -1.52795, 1.37268, -2.07709, 4.65649, 0.0]","[-6.45083, -0.05886, 2.67523]",open,
50.35,1786783772.3524,sample,"[1.55804, -1.55596, 1.40068, -2.07709, 4.65649, 0.0]","[-6.44956, -0.07569, 2.67573]",open,
50.45,1786783772.4464,sample,"[1.55731, -1.58523, 1.42994, -2.07709, 4.65649, 0.0]","[-6.44928, -0.0935, 2.67574]",open,
50.55,1786783772.5461,sample,"[1.55704, -1.61497, 1.45967, -2.07709, 4.65648, 0.0]","[-6.44934, -0.11165, 2.67521]",open,
50.65,1786783772.6581,sample,"[1.55695, -1.64487, 1.48957, -2.07709, 4.65648, 0.0]","[-6.44952, -0.1299, 2.67414]",open,
50.75,1786783772.7641,sample,"[1.55693, -1.67484, 1.51953, -2.07709, 4.65648, 0.0]","[-6.44976, -0.14816, 2.67251]",open,
50.85,1786783772.8742,sample,"[1.55691, -1.70484, 1.54952, -2.07709, 4.65648, 0.0]","[-6.45001, -0.16639, 2.67033]",open,
50.95,1786783772.9782,sample,"[1.5569, -1.73484, 1.57951, -2.07709, 4.65647, 0.0]","[-6.45025, -0.18454, 2.66761]",open,
51.05,1786783773.0797,sample,"[1.55691, -1.75545, 1.6095, -2.07709, 4.65647, 0.0]","[-6.45042, -0.19618, 2.65873]",open,
51.15,1786783773.1792,sample,"[1.55693, -1.76226, 1.62694, -2.07709, 4.65647, 0.0]","[-6.45047, -0.19946, 2.65036]",open,
51.25,1786783773.2772,sample,"[1.55691, -1.74981, 1.63335, -2.07709, 4.65646, 0.0]","[-6.45034, -0.19073, 2.63827]",open,
51.35,1786783773.3703,sample,"[1.5569, -1.72627, 1.63572, -2.07709, 4.65646, 0.0]","[-6.45012, -0.17523, 2.62209]",open,
51.45,1786783773.4645,sample,"[1.5569, -1.69864, 1.63659, -2.07709, 4.65646, 0.0]","[-6.44988, -0.15762, 2.60402]",open,
51.55,1786783773.5659,sample,"[1.5569, -1.66951, 1.63692, -2.07709, 4.65646, 0.0]","[-6.44963, -0.13963, 2.58487]",open,
51.65,1786783773.6616,sample,"[1.5569, -1.63983, 1.63703, -2.07709, 4.65646, 0.0]","[-6.44938, -0.12188, 2.56499]",open,
51.75,1786783773.7651,sample,"[1.5569, -1.60994, 1.63708, -2.07709, 4.65646, 0.0]","[-6.44914, -0.10461, 2.5445]",open,
51.85,1786783773.8681,sample,"[1.5569, -1.57999, 1.63711, -2.07709, 4.65645, 0.0]","[-6.44891, -0.08792, 2.52346]",open,
51.95,1786783773.9775,sample,"[1.55691, -1.55, 1.63711, -2.07709, 4.65645, 0.0]","[-6.44869, -0.07186, 2.50192]",open,
52.05,1786783774.084,sample,"[1.55691, -1.52, 1.63711, -2.07709, 4.65645, 0.0]","[-6.44847, -0.05644, 2.47991]",open,
52.15,1786783774.186,sample,"[1.55691, -1.49, 1.63711, -2.07709, 4.65644, 0.0]","[-6.44827, -0.04168, 2.45745]",open,
52.25,1786783774.2895,sample,"[1.55691, -1.46, 1.63711, -2.07709, 4.65644, 0.0]","[-6.44807, -0.02761, 2.43455]",open,
52.35,1786783774.3949,sample,"[1.55691, -1.43, 1.63711, -2.07709, 4.65644, 0.0]","[-6.44789, -0.01423, 2.41124]",open,
52.45,1786783774.5048,sample,"[1.55691, -1.39999, 1.63493, -2.07709, 4.65644, 0.0]","[-6.44771, -0.00113, 2.38904]",open,
52.55,1786783774.6011,sample,"[1.55691, -1.36999, 1.61743, -2.07709, 4.65644, 0.0]","[-6.44749, 0.01447, 2.377]",open,
52.65,1786783774.6972,sample,"[1.55691, -1.33999, 1.59203, -2.07709, 4.65644, 0.0]","[-6.44725, 0.03148, 2.3699]",open,
52.75,1786783774.7937,sample,"[1.55691, -1.30999, 1.56371, -2.07709, 4.65644, 0.0]","[-6.44701, 0.04895, 2.36427]",open,
52.85,1786783774.8954,sample,"[1.5569, -1.28413, 1.53849, -2.07709, 4.65644, 0.0]","[-6.44679, 0.06405, 2.35955]",open,
52.95,1786783775.0018,sample,"[1.55688, -1.27355, 1.52814, -2.07709, 4.65644, 0.0]","[-6.44669, 0.07021, 2.35753]",open,
53.05,1786783775.1009,sample,"[1.55687, -1.26966, 1.52433, -2.07709, 4.65644, 0.0]","[-6.44665, 0.07247, 2.35677]",open,
53.15,1786783775.1947,sample,"[1.55686, -1.26822, 1.52293, -2.07709, 4.65644, 0.0]","[-6.44663, 0.0733, 2.35649]",open,
53.25,1786783775.2945,sample,"[1.55685, -1.2677, 1.52241, -2.07709, 4.65644, 0.0]","[-6.44662, 0.07361, 2.35638]",open,
53.35,1786783775.3898,sample,"[1.55684, -1.2675, 1.52222, -2.07709, 4.65644, 0.0]","[-6.44661, 0.07372, 2.35634]",open,
53.45,1786783775.4883,sample,"[1.55684, -1.26744, 1.52215, -2.07709, 4.65644, 0.0]","[-6.4466, 0.07376, 2.35634]",open,
53.55,1786783775.5863,sample,"[1.55684, -1.26741, 1.52214, -2.07709, 4.65644, 0.0]","[-6.4466, 0.07377, 2.35632]",open,
53.65,1786783775.6857,sample,"[1.55684, -1.26739, 1.52214, -2.07709, 4.65644, 0.0]","[-6.4466, 0.07378, 2.35631]",open,
53.75,1786783775.801,sample,"[1.55684, -1.26081, 1.50955, -2.07709, 4.65644, 0.0]","[-6.44654, 0.07884, 2.35923]",open,
53.85,1786783775.9061,sample,"[1.55685, -1.23976, 1.48596, -2.07709, 4.65644, 0.0]","[-6.44636, 0.09157, 2.35693]",open,
53.95,1786783776.0128,sample,"[1.55685, -1.21305, 1.45832, -2.07709, 4.65644, 0.0]","[-6.44615, 0.10714, 2.35205]",open,
54.05,1786783776.1317,sample,"[1.55684, -1.19083, 1.43138, -2.07709, 4.65644, 0.0]","[-6.44595, 0.12075, 2.35041]",open,
54.15,1786783776.2321,sample,"[1.55683, -1.18233, 1.4192, -2.07709, 4.65644, 0.0]","[-6.44587, 0.12628, 2.351]",open,
54.25,1786783776.3315,sample,"[1.55684, -1.17919, 1.41472, -2.07709, 4.65644, 0.0]","[-6.44584, 0.12832, 2.3512]",open,
54.35,1786783776.4273,sample,"[1.55684, -1.17804, 1.41307, -2.07709, 4.65644, 0.0]","[-6.44583, 0.12906, 2.35128]",open,
54.45,1786783776.5296,sample,"[1.55684, -1.17762, 1.41246, -2.07709, 4.65644, 0.0]","[-6.44583, 0.12934, 2.35131]",open,
54.55,1786783776.6311,sample,"[1.55684, -1.17745, 1.41224, -2.07709, 4.65644, 0.0]","[-6.44583, 0.12944, 2.35131]",open,
54.65,1786783776.7316,sample,"[1.55684, -1.1774, 1.41215, -2.07709, 4.65644, 0.0]","[-6.44583, 0.12948, 2.35133]",open,
54.75,1786783776.8331,sample,"[1.55684, -1.17737, 1.41214, -2.07709, 4.65644, 0.0]","[-6.44583, 0.12949, 2.3513]",open,
54.85,1786783776.931,sample,"[1.55684, -1.17737, 1.41214, -2.07709, 4.65644, 0.0]","[-6.44583, 0.12949, 2.3513]",open,
54.95,1786783777.0304,sample,"[1.55684, -1.17737, 1.41214, -2.07709, 4.65644, 0.0]","[-6.44583, 0.12949, 2.3513]",open,
55.05,1786783777.1331,sample,"[1.55684, -1.17737, 1.41213, -2.07709, 4.65644, 0.0]","[-6.44583, 0.12949, 2.35131]",open,
55.15,1786783777.2355,sample,"[1.55684, -1.17737, 1.41869, -2.07709, 4.65645, 0.0]","[-6.44585, 0.12823, 2.34676]",open,
55.25,1786783777.3421,sample,"[1.55685, -1.1815, 1.43974, -2.07709, 4.65645, 0.0]","[-6.44593, 0.12248, 2.33606]",open,
55.35,1786783777.44,sample,"[1.55685, -1.20093, 1.46645, -2.07709, 4.65645, 0.0]","[-6.44611, 0.10992, 2.33547]",open,
55.45,1786783777.5365,sample,"[1.55685, -1.22705, 1.49523, -2.07709, 4.65645, 0.0]","[-6.44633, 0.09437, 2.33922]",open,
55.55,1786783777.6413,sample,"[1.55685, -1.25486, 1.52401, -2.07709, 4.65646, 0.0]","[-6.44656, 0.07806, 2.34407]",open,
55.65,1786783777.745,sample,"[1.55684, -1.2691, 1.5386, -2.07709, 4.65646, 0.0]","[-6.44667, 0.06969, 2.34648]",open,
55.75,1786783777.8436,sample,"[1.55684, -1.27434, 1.54398, -2.07709, 4.65646, 0.0]","[-6.44671, 0.0666, 2.34733]",open,
55.85,1786783777.9436,sample,"[1.55684, -1.27628, 1.55253, -2.07709, 4.65646, 0.0]","[-6.44674, 0.06403, 2.34315]",open,
55.95,1786783778.0557,sample,"[1.55685, -1.27775, 1.57431, -2.07709, 4.65646, 0.0]","[-6.44683, 0.05857, 2.32956]",open,
56.05,1786783778.163,sample,"[1.55685, -1.29325, 1.60129, -2.07709, 4.65646, 0.0]","[-6.44699, 0.04675, 2.32443]",open,
56.15,1786783778.261,sample,"[1.55685, -1.31791, 1.62603, -2.07709, 4.65647, 0.0]","[-6.4472, 0.03216, 2.32834]",open,
56.25,1786783778.3575,sample,"[1.55685, -1.33938, 1.63618, -2.07709, 4.65647, 0.0]","[-6.44733, 0.02209, 2.33917]",open,
56.35,1786783778.4509,sample,"[1.55684, -1.34762, 1.63992, -2.07709, 4.65647, 0.0]","[-6.44738, 0.01822, 2.34336]",open,
56.45,1786783778.5537,sample,"[1.55684, -1.35065, 1.6413, -2.07709, 4.65648, 0.0]","[-6.4474, 0.0168, 2.34489]",open,
56.55,1786783778.6709,sample,"[1.55684, -1.35176, 1.64181, -2.07709, 4.65648, 0.0]","[-6.44741, 0.01627, 2.34545]",open,
56.65,1786783778.7739,sample,"[1.55684, -1.35218, 1.65455, -2.07709, 4.65648, 0.0]","[-6.44745, 0.01315, 2.33713]",open,
56.75,1786783778.8704,sample,"[1.55684, -1.35234, 1.67821, -2.07709, 4.65648, 0.0]","[-6.44754, 0.0073, 2.32128]",open,
56.85,1786783778.9665,sample,"[1.55684, -1.35236, 1.70174, -2.07709, 4.65648, 0.0]","[-6.44762, 0.00115, 2.30555]",open,
56.95,1786783779.0651,sample,"[1.55684, -1.35238, 1.71146, -2.07709, 4.65649, 0.0]","[-6.44766, -0.0015, 2.2991]",open,
57.05,1786783779.1715,sample,"[1.55761, -1.35239, 1.71503, -2.07709, 4.65649, 0.0]","[-6.44829, -0.0026, 2.29674]",open,
57.15,1786783779.2774,sample,"[1.57286, -1.35241, 1.71634, -2.07709, 4.65649, 0.0]","[-6.46043, -0.00533, 2.29588]",open,
57.25,1786783779.3798,sample,"[1.59744, -1.35242, 1.71682, -2.07709, 4.65648, 0.0]","[-6.47991, -0.00965, 2.29557]",open,
57.35,1786783779.4765,sample,"[1.61887, -1.35243, 1.71699, -2.07709, 4.65648, -0.0]","[-6.4968, -0.01374, 2.29547]",open,
57.45,1786783779.5736,sample,"[1.62709, -1.35244, 1.71707, -2.07709, 4.65649, -0.0]","[-6.50326, -0.0154, 2.29543]",open,
57.55,1786783779.6675,sample,"[1.63011, -1.35245, 1.71707, -2.07709, 4.65649, -0.0]","[-6.50562, -0.01603, 2.29543]",open,
57.65,1786783779.7615,sample,"[1.63122, -1.35245, 1.71707, -2.07709, 4.65649, -0.0]","[-6.5065, -0.01626, 2.29543]",open,
57.75,1786783779.8564,sample,"[1.62749, -1.35245, 1.71708, -2.07709, 4.6565, -0.0]","[-6.50357, -0.01549, 2.29543]",open,
57.85,1786783779.952,sample,"[1.60822, -1.35245, 1.71708, -2.07709, 4.6565, -0.0]","[-6.48841, -0.01171, 2.29543]",open,
57.95,1786783780.0523,sample,"[1.58216, -1.35245, 1.71708, -2.07709, 4.65651, -0.0]","[-6.46781, -0.00707, 2.29543]",open,
58.05,1786783780.1483,sample,"[1.55361, -1.35245, 1.71708, -2.07709, 4.65651, 0.0]","[-6.44511, -0.00261, 2.29543]",open,
58.15,1786783780.2487,sample,"[1.52491, -1.35245, 1.71708, -2.07709, 4.65652, 0.0]","[-6.42217, 0.00123, 2.29543]",open,
58.25,1786783780.3437,sample,"[1.51035, -1.35245, 1.71708, -2.07709, 4.65652, 0.0]","[-6.41049, 0.00292, 2.29543]",open,
58.35,1786783780.4418,sample,"[1.50499, -1.35245, 1.71708, -2.07709, 4.65653, 0.0]","[-6.40618, 0.0035, 2.29543]",open,
58.45,1786783780.5341,sample,"[1.50302, -1.35245, 1.71708, -2.07709, 4.65653, 0.0]","[-6.4046, 0.00371, 2.29543]",open,
58.55,1786783780.6307,sample,"[1.50229, -1.35245, 1.71708, -2.07709, 4.65653, 0.0]","[-6.40402, 0.00379, 2.29543]",open,
58.65,1786783780.729,sample,"[1.50202, -1.35245, 1.71708, -2.07709, 4.65653, 0.0]","[-6.4038, 0.00382, 2.29543]",open,
58.75,1786783780.8276,sample,"[1.48937, -1.35245, 1.71708, -2.07709, 4.65654, -0.0]","[-6.39362, 0.00506, 2.29543]",open,
58.85,1786783780.9314,sample,"[1.46575, -1.35245, 1.71708, -2.07709, 4.65655, -0.0]","[-6.37458, 0.00705, 2.29543]",open,
58.95,1786783781.0287,sample,"[1.44749, -1.35245, 1.71708, -2.07709, 4.65655, 0.0]","[-6.35984, 0.00828, 2.29543]",open,
59.05,1786783781.1235,sample,"[1.44078, -1.35245, 1.71708, -2.07709, 4.65655, 0.0]","[-6.35441, 0.00866, 2.29543]",open,
59.15,1786783781.2255,sample,"[1.43831, -1.35245, 1.71708, -2.07709, 4.65655, 0.0]","[-6.35241, 0.00879, 2.29543]",open,
59.25,1786783781.3262,sample,"[1.4374, -1.35244, 1.72965, -2.07709, 4.65655, 0.0]","[-6.35215, 0.00532, 2.28711]",open,
59.35,1786783781.4326,sample,"[1.43706, -1.35319, 1.75325, -2.07709, 4.65655, 0.0]","[-6.35284, -0.00178, 2.27225]",open,
59.45,1786783781.5296,sample,"[1.43693, -1.36625, 1.77872, -2.07709, 4.65655, 0.0]","[-6.35428, -0.01328, 2.26585]",open,
59.55,1786783781.624,sample,"[1.43692, -1.37331, 1.79034, -2.07709, 4.65655, 0.0]","[-6.35502, -0.01889, 2.26376]",open,
59.65,1786783781.7261,sample,"[1.4369, -1.37592, 1.79461, -2.07709, 4.65655, -0.0]","[-6.35529, -0.02096, 2.26299]",open,
59.75,1786783781.8306,sample,"[1.43688, -1.37765, 1.80559, -2.07709, 4.65655, -0.0]","[-6.35581, -0.02489, 2.25724]",open,
59.85,1786783781.9372,sample,"[1.43685, -1.39323, 1.82642, -2.07709, 4.65655, -0.0]","[-6.35726, -0.03586, 2.25562]",open,
59.95,1786783782.0334,sample,"[1.43684, -1.40537, 1.83633, -2.07709, 4.65655, -0.0]","[-6.35814, -0.0424, 2.25833]",open,
60.05,1786783782.1306,sample,"[1.43684, -1.40984, 1.83998, -2.07709, 4.65655, -0.0]","[-6.35846, -0.04481, 2.25929]",open,
60.15,1786783782.2308,sample,"[1.43684, -1.41148, 1.84132, -2.07709, 4.65655, -0.0]","[-6.35858, -0.0457, 2.25965]",open,
60.25,1786783782.3365,sample,"[1.43684, -1.41209, 1.84181, -2.07709, 4.65655, -0.0]","[-6.35862, -0.04602, 2.25978]",open,
60.35,1786783782.4365,sample,"[1.43684, -1.41231, 1.842, -2.07709, 4.65655, -0.0]","[-6.35864, -0.04614, 2.25983]",open,
60.45,1786783782.5423,sample,"[1.43684, -1.41239, 1.84207, -2.07709, 4.65655, -0.0]","[-6.35864, -0.04619, 2.25984]",open,
60.55,1786783782.6387,sample,"[1.43684, -1.41242, 1.84207, -2.07709, 4.65655, -0.0]","[-6.35864, -0.0462, 2.25986]",open,
60.65,1786783782.7361,sample,"[1.43684, -1.41245, 1.84207, -2.07709, 4.65655, -0.0]","[-6.35865, -0.04621, 2.25988]",open,
60.75,1786783782.8471,sample,"[1.43467, -1.41245, 1.84207, -2.07709, 4.65655, -0.0]","[-6.35701, -0.04608, 2.25988]",open,
60.85,1786783782.9563,sample,"[1.41936, -1.41245, 1.84207, -2.07709, 4.65656, -0.0]","[-6.34546, -0.0453, 2.25988]",open,
60.95,1786783783.0675,sample,"[1.41146, -1.41245, 1.84207, -2.07709, 4.65656, 0.0]","[-6.3395, -0.04496, 2.25988]",open,
61.05,1786783783.1726,sample,"[1.40856, -1.41245, 1.84207, -2.07709, 4.65656, 0.0]","[-6.33731, -0.04485, 2.25988]",open,
61.15,1786783783.273,sample,"[1.40749, -1.41245, 1.84208, -2.07709, 4.65656, -0.0]","[-6.3365, -0.04481, 2.25988]",open,
61.25,1786783783.3946,sample,"[1.40296, -1.41245, 1.84208, -2.07709, 4.65656, -0.0]","[-6.33308, -0.04466, 2.25988]",open,
61.35,1786783783.5018,sample,"[1.38415, -1.41245, 1.84208, -2.07709, 4.65656, -0.0]","[-6.31887, -0.04417, 2.25988]",open,
61.45,1786783783.602,sample,"[1.37323, -1.41245, 1.84208, -2.07709, 4.65656, 0.0]","[-6.31061, -0.04401, 2.25988]",open,
61.55,1786783783.7009,sample,"[1.36921, -1.41245, 1.84208, -2.07709, 4.65656, 0.0]","[-6.30757, -0.04397, 2.25988]",open,
61.65,1786783783.7958,sample,"[1.36773, -1.41245, 1.84208, -2.07709, 4.65656, 0.0]","[-6.30646, -0.04396, 2.25988]",open,
61.75,1786783783.8964,sample,"[1.36719, -1.41245, 1.84208, -2.07709, 4.65656, -0.0]","[-6.30605, -0.04396, 2.25988]",open,
61.85,1786783783.9953,sample,"[1.36699, -1.41245, 1.84208, -2.07709, 4.65656, -0.0]","[-6.3059, -0.04396, 2.25988]",open,
61.95,1786783784.0941,sample,"[1.36692, -1.41245, 1.84208, -2.07709, 4.65656, -0.0]","[-6.30584, -0.04396, 2.25988]",open,
62.05,1786783784.1936,sample,"[1.3669, -1.41245, 1.84208, -2.07709, 4.65656, -0.0]","[-6.30583, -0.04396, 2.25988]",open,
62.15,1786783784.2993,sample,"[1.36689, -1.41245, 1.84208, -2.07709, 4.65656, -0.0]","[-6.30582, -0.04395, 2.25988]",open,
62.25,1786783784.4032,sample,"[1.36687, -1.41245, 1.84208, -2.07709, 4.65656, -0.0]","[-6.30581, -0.04395, 2.25988]",open,
62.35,1786783784.4996,sample,"[1.36686, -1.41245, 1.84208, -2.07709, 4.65656, -0.0]","[-6.3058, -0.04395, 2.25988]",open,
62.45,1786783784.6051,sample,"[1.36685, -1.41245, 1.84208, -2.07709, 4.65656, -0.0]","[-6.30579, -0.04395, 2.25988]",open,
62.55,1786783784.7251,sample,"[1.36685, -1.40305, 1.84208, -2.07709, 4.65656, -0.0]","[-6.30526, -0.04138, 2.25291]",open,
62.65,1786783784.8306,sample,"[1.36685, -1.3872, 1.84209, -2.07709, 4.65656, -0.0]","[-6.30439, -0.03719, 2.24111]",open,
62.75,1786783784.9296,sample,"[1.36684, -1.38103, 1.84209, -2.07709, 4.65656, -0.0]","[-6.30405, -0.03561, 2.23651]",open,
62.85,1786783785.025,sample,"[1.36684, -1.37876, 1.84209, -2.07709, 4.65656, -0.0]","[-6.30394, -0.03503, 2.23481]",open,
62.95,1786783785.1316,sample,"[1.36684, -1.37378, 1.84208, -2.07709, 4.65656, -0.0]","[-6.30368, -0.03378, 2.23109]",open,
63.05,1786783785.2351,sample,"[1.36683, -1.3582, 1.84209, -2.07709, 4.65656, -0.0]","[-6.30289, -0.02999, 2.21937]",open,
63.15,1786783785.3355,sample,"[1.36684, -1.3514, 1.84208, -2.07709, 4.65656, -0.0]","[-6.30256, -0.02839, 2.21424]",open,
63.25,1786783785.4341,sample,"[1.36684, -1.34889, 1.84208, -2.07709, 4.65656, -0.0]","[-6.30244, -0.02781, 2.21236]",open,
63.35,1786783785.5428,sample,"[1.36684, -1.34797, 1.84208, -2.07709, 4.65656, -0.0]","[-6.3024, -0.0276, 2.21166]",open,
63.45,1786783785.6421,sample,"[1.36684, -1.34763, 1.84208, -2.07709, 4.65656, -0.0]","[-6.30238, -0.02752, 2.2114]",open,
63.55,1786783785.7417,sample,"[1.36684, -1.34752, 1.84207, -2.07709, 4.65656, -0.0]","[-6.30238, -0.02749, 2.21132]",open,
63.65,1786783785.8405,sample,"[1.36684, -1.34746, 1.84207, -2.07709, 4.65656, -0.0]","[-6.30237, -0.02748, 2.21128]",open,
63.75,1786783785.9363,sample,"[1.36684, -1.34745, 1.84207, -2.07709, 4.65656, -0.0]","[-6.30237, -0.02748, 2.21127]",open,
63.85,1786783786.0316,sample,"[1.36684, -1.34745, 1.84207, -2.07709, 4.65656, -0.0]","[-6.30237, -0.02748, 2.21127]",open,
63.95,1786783786.1344,sample,"[1.36684, -1.34745, 1.84207, -2.07709, 4.65656, -0.0]","[-6.30237, -0.02748, 2.21127]",open,
64.05,1786783786.2349,sample,"[1.36684, -1.34745, 1.84207, -2.07709, 4.65656, -0.0]","[-6.30237, -0.02748, 2.21127]",open,
64.15,1786783786.3444,sample,"[1.36684, -1.34745, 1.84207, -2.07709, 4.65656, -0.0]","[-6.30237, -0.02748, 2.21127]",open,
64.25,1786783786.4463,sample,"[1.36684, -1.34745, 1.84207, -2.07709, 4.65656, -0.0]","[-6.30237, -0.02748, 2.21127]",open,
64.35,1786783786.5522,sample,"[1.36684, -1.34745, 1.84207, -2.07709, 4.65656, -0.0]","[-6.30237, -0.02748, 2.21127]",open,
64.45,1786783786.6511,sample,"[1.36684, -1.34745, 1.84207, -2.07709, 4.65656, -0.0]","[-6.30237, -0.02748, 2.21127]",open,
64.55,1786783786.7506,sample,"[1.36684, -1.34745, 1.84207, -2.07709, 4.65656, -0.0]","[-6.30237, -0.02748, 2.21127]",open,
64.65,1786783786.849,sample,"[1.36684, -1.34745, 1.84207, -2.07709, 4.65656, -0.0]","[-6.30237, -0.02748, 2.21127]",open,
64.75,1786783786.954,sample,"[1.36684, -1.34745, 1.84207, -2.06773, 4.65656, -0.0]","[-6.30255, -0.02831, 2.21018]",open,
64.85,1786783787.0571,sample,"[1.36684, -1.34745, 1.84207, -2.05475, 4.65656, -0.0]","[-6.30279, -0.02949, 2.20868]",open,
64.95,1786783787.1562,sample,"[1.36684, -1.34745, 1.84207, -2.04997, 4.65656, -0.0]","[-6.30288, -0.02993, 2.20814]",open,
65.05,1786783787.2543,sample,"[1.36684, -1.34745, 1.84207, -2.0482, 4.65656, -0.0]","[-6.30291, -0.03009, 2.20794]",open,
65.15,1786783787.3521,sample,"[1.36684, -1.34745, 1.84207, -2.04756, 4.65656, -0.0]","[-6.30293, -0.03015, 2.20786]",open,
65.25,1786783787.4475,sample,"[1.36684, -1.34745, 1.84207, -2.04732, 4.65656, -0.0]","[-6.30293, -0.03017, 2.20784]",open,
65.35,1786783787.5505,sample,"[1.36684, -1.34745, 1.84425, -2.04726, 4.65656, -0.0]","[-6.30309, -0.03096, 2.20648]",open,
65.45,1786783787.6495,sample,"[1.36685, -1.36001, 1.86178, -2.04725, 4.65656, -0.0]","[-6.305, -0.0401, 2.20507]",open,
65.55,1786783787.751,sample,"[1.36685, -1.38283, 1.88642, -2.04725, 4.65656, -0.0]","[-6.30791, -0.05417, 2.20672]",open,
65.65,1786783787.8513,sample,"[1.36684, -1.39523, 1.89949, -2.04724, 4.65656, -0.0]","[-6.30946, -0.06172, 2.20768]",open,
65.75,1786783787.9558,sample,"[1.36684, -1.39979, 1.9043, -2.04723, 4.65656, -0.0]","[-6.31003, -0.06451, 2.20801]",open,
65.85,1786783788.054,sample,"[1.36684, -1.40147, 1.90607, -2.04723, 4.65656, -0.0]","[-6.31025, -0.06553, 2.20813]",open,
65.95,1786783788.1496,sample,"[1.36684, -1.40209, 1.90672, -2.04722, 4.65656, -0.0]","[-6.31032, -0.06591, 2.20817]",open,
66.05,1786783788.2496,sample,"[1.36684, -1.40232, 1.90696, -2.04722, 4.65656, -0.0]","[-6.31035, -0.06605, 2.20818]",open,
66.15,1786783788.3515,sample,"[1.36684, -1.40239, 1.90705, -2.04721, 4.65656, -0.0]","[-6.31036, -0.0661, 2.20819]",open,
66.25,1786783788.4474,sample,"[1.36684, -1.40244, 1.90707, -2.04721, 4.65656, -0.0]","[-6.31037, -0.06612, 2.2082]",open,
66.35,1786783788.5457,sample,"[1.36684, -1.40245, 1.90707, -2.04721, 4.65656, -0.0]","[-6.31037, -0.06612, 2.20821]",open,
66.45,1786783788.6441,sample,"[1.36684, -1.40245, 1.90707, -2.0472, 4.65656, -0.0]","[-6.31037, -0.06612, 2.20821]",open,
66.55,1786783788.7485,sample,"[1.36684, -1.40245, 1.90707, -2.0472, 4.65656, -0.0]","[-6.31037, -0.06612, 2.20821]",open,
66.65,1786783788.8515,sample,"[1.36684, -1.40245, 1.90707, -2.04719, 4.65656, -0.0]","[-6.31037, -0.06612, 2.20821]",open,
66.75,1786783788.9565,sample,"[1.36684, -1.40245, 1.90707, -2.04719, 4.65656, -0.0]","[-6.31037, -0.06612, 2.20821]",open,
66.85,1786783789.0551,sample,"[1.36684, -1.40245, 1.90707, -2.04719, 4.65656, -0.0]","[-6.31037, -0.06612, 2.20821]",open,
66.95,1786783789.1586,sample,"[1.36684, -1.39382, 1.90708, -2.04718, 4.65656, -0.0]","[-6.30997, -0.0642, 2.20201]",open,
67.05,1786783789.2586,sample,"[1.36683, -1.38663, 1.90708, -2.04718, 4.65656, -0.0]","[-6.30964, -0.06263, 2.19684]",open,
67.15,1786783789.3551,sample,"[1.36684, -1.38399, 1.90708, -2.04718, 4.65656, -0.0]","[-6.30953, -0.06206, 2.19494]",open,
67.25,1786783789.4565,sample,"[1.36684, -1.38302, 1.90707, -2.04718, 4.65656, -0.0]","[-6.30948, -0.06186, 2.19424]",open,
67.35,1786783789.5572,sample,"[1.36684, -1.38266, 1.90707, -2.04717, 4.65656, -0.0]","[-6.30947, -0.06178, 2.19399]",open,
67.45,1786783789.6561,sample,"[1.36684, -1.38253, 1.90707, -2.04717, 4.65656, -0.0]","[-6.30946, -0.06175, 2.19389]",open,
67.55,1786783789.7636,sample,"[1.36684, -1.37591, 1.90708, -2.04717, 4.65656, -0.0]","[-6.30918, -0.06036, 2.1891]",open,
67.65,1786783789.861,sample,"[1.36683, -1.35898, 1.90709, -2.04717, 4.65656, -0.0]","[-6.30846, -0.05695, 2.17684]",open,
67.75,1786783789.9594,sample,"[1.36684, -1.35169, 1.90708, -2.04716, 4.65656, -0.0]","[-6.30817, -0.05554, 2.17155]",open,
67.85,1786783790.0581,sample,"[1.36684, -1.34901, 1.90707, -2.04716, 4.65656, -0.0]","[-6.30807, -0.05503, 2.1696]",open,
67.95,1786783790.1655,sample,"[1.36684, -1.34803, 1.90707, -2.04716, 4.65656, -0.0]","[-6.30803, -0.05484, 2.16888]",open,
68.05,1786783790.2735,sample,"[1.36684, -1.34767, 1.90707, -2.04715, 4.65656, -0.0]","[-6.30802, -0.05477, 2.16862]",open,
68.15,1786783790.3696,sample,"[1.36684, -1.34753, 1.90707, -2.04715, 4.65656, -0.0]","[-6.30801, -0.05475, 2.16852]",open,
68.25,1786783790.4696,sample,"[1.36684, -1.34748, 1.90707, -2.04715, 4.65656, -0.0]","[-6.30801, -0.05474, 2.16849]",open,
68.35,1786783790.5675,sample,"[1.36684, -1.34745, 1.90707, -2.04715, 4.65656, -0.0]","[-6.30801, -0.05473, 2.16847]",open,
68.45,1786783790.6666,sample,"[1.36684, -1.34745, 1.90707, -2.04714, 4.65656, -0.0]","[-6.30801, -0.05473, 2.16847]",open,
68.55,1786783790.7695,sample,"[1.36684, -1.34745, 1.90707, -2.04714, 4.65656, -0.0]","[-6.30801, -0.05473, 2.16847]",open,
68.65,1786783790.8674,sample,"[1.36684, -1.34745, 1.90707, -2.04714, 4.65656, -0.0]","[-6.30801, -0.05473, 2.16847]",open,
68.75,1786783790.9634,sample,"[1.36684, -1.34745, 1.90707, -2.04713, 4.65656, -0.0]","[-6.30801, -0.05473, 2.16847]",open,
68.85,1786783791.0775,sample,"[1.36684, -1.34745, 1.90707, -2.04713, 4.65656, -0.0]","[-6.30801, -0.05473, 2.16847]",closed,pkg_001
68.95,1786783791.2235,sample,"[1.36684, -1.34745, 1.90708, -2.04713, 4.65657, 0.0]","[-6.30801, -0.05474, 2.16846]",closed,pkg_001
69.05,1786783791.3331,sample,"[1.36684, -1.34745, 1.90708, -2.04713, 4.65657, 0.0]","[-6.30801, -0.05474, 2.16846]",closed,pkg_001
69.15,1786783791.4381,sample,"[1.36684, -1.34745, 1.90709, -2.04712, 4.65657, 0.0]","[-6.30801, -0.05474, 2.16845]",closed,pkg_001
69.25,1786783791.5386,sample,"[1.36684, -1.34745, 1.90709, -2.04712, 4.65657, 0.0]","[-6.30801, -0.05474, 2.16845]",closed,pkg_001
69.35,1786783791.6445,sample,"[1.36684, -1.34745, 1.90709, -2.04712, 4.65658, 0.0]","[-6.30801, -0.05475, 2.16845]",closed,pkg_001
69.45,1786783791.7512,sample,"[1.36684, -1.34745, 1.9071, -2.04712, 4.65658, 0.0]","[-6.30801, -0.05475, 2.16845]",closed,pkg_001
69.55,1786783791.8585,sample,"[1.36684, -1.34745, 1.9071, -2.04712, 4.65658, 0.0]","[-6.30802, -0.05475, 2.16845]",closed,pkg_001
69.65,1786783791.9674,sample,"[1.36684, -1.34745, 1.9071, -2.04711, 4.65659, 0.0]","[-6.30802, -0.05475, 2.16844]",closed,pkg_001
69.75,1786783792.0717,sample,"[1.36684, -1.34745, 1.9071, -2.04711, 4.65659, 0.0]","[-6.30802, -0.05475, 2.16844]",closed,pkg_001
69.85,1786783792.1806,sample,"[1.36684, -1.34963, 1.90712, -2.04711, 4.65659, 0.0]","[-6.3081, -0.05517, 2.17002]",closed,pkg_001
69.95,1786783792.2803,sample,"[1.36685, -1.36713, 1.90712, -2.04711, 4.65659, 0.0]","[-6.30882, -0.05859, 2.18272]",closed,pkg_001
70.05,1786783792.3864,sample,"[1.36685, -1.39253, 1.90711, -2.04711, 4.6566, 0.0]","[-6.30993, -0.06393, 2.20106]",closed,pkg_001
70.15,1786783792.4916,sample,"[1.36685, -1.42084, 1.90711, -2.0471, 4.6566, 0.0]","[-6.31127, -0.07043, 2.22131]",closed,pkg_001
70.25,1786783792.6,sample,"[1.36685, -1.45022, 1.90711, -2.0471, 4.6566, 0.0]","[-6.31279, -0.07776, 2.24213]",closed,pkg_001
70.35,1786783792.7073,sample,"[1.36685, -1.47999, 1.90711, -2.0471, 4.6566, 0.0]","[-6.31445, -0.0858, 2.26299]",closed,pkg_001
70.45,1786783792.8173,sample,"[1.36685, -1.50991, 1.90711, -2.04709, 4.6566, 0.0]","[-6.31625, -0.09449, 2.28369]",closed,pkg_001
70.55,1786783792.9265,sample,"[1.36685, -1.53988, 1.90711, -2.04709, 4.6566, 0.0]","[-6.31817, -0.1038, 2.30416]",closed,pkg_001
70.65,1786783793.032,sample,"[1.36686, -1.56987, 1.90711, -2.04709, 4.6566, 0.0]","[-6.32022, -0.11371, 2.32434]",closed,pkg_001
70.75,1786783793.1344,sample,"[1.36686, -1.59986, 1.90711, -2.04709, 4.6566, 0.0]","[-6.3224, -0.12421, 2.34422]",closed,pkg_001
70.85,1786783793.2412,sample,"[1.36686, -1.62986, 1.90711, -2.04709, 4.6566, 0.0]","[-6.32469, -0.13529, 2.36376]",closed,pkg_001
70.95,1786783793.3502,sample,"[1.36686, -1.65986, 1.90712, -2.04709, 4.6566, 0.0]","[-6.3271, -0.14694, 2.38296]",closed,pkg_001
71.05,1786783793.4562,sample,"[1.37628, -1.67731, 1.90712, -2.04709, 4.6566, 0.0]","[-6.33464, -0.15427, 2.39396]",closed,pkg_001
71.15,1786783793.5571,sample,"[1.39871, -1.68372, 1.90714, -2.04709, 4.65659, 0.0]","[-6.34957, -0.15786, 2.39796]",closed,pkg_001
71.25,1786783793.6615,sample,"[1.42592, -1.68608, 1.90714, -2.04709, 4.65658, 0.0]","[-6.36717, -0.16043, 2.39943]",closed,pkg_001
71.35,1786783793.7645,sample,"[1.45489, -1.68695, 1.90714, -2.04709, 4.65658, 0.0]","[-6.38571, -0.16301, 2.39997]",closed,pkg_001
71.45,1786783793.8785,sample,"[1.48452, -1.68727, 1.90714, -2.04709, 4.65657, 0.0]","[-6.40455, -0.16597, 2.40017]",closed,pkg_001
71.55,1786783794.0008,sample,"[1.51438, -1.68738, 1.90714, -2.04709, 4.65657, 0.0]","[-6.42344, -0.16942, 2.40024]",closed,pkg_001
71.65,1786783794.1139,sample,"[1.54433, -1.68743, 1.90714, -2.04709, 4.65656, 0.0]","[-6.44226, -0.17342, 2.40026]",closed,pkg_001
71.75,1786783794.2196,sample,"[1.57431, -1.68745, 1.90714, -2.04709, 4.65656, 0.0]","[-6.46098, -0.17797, 2.40028]",closed,pkg_001
71.85,1786783794.3276,sample,"[1.6043, -1.68822, 1.90715, -2.04709, 4.65655, 0.0]","[-6.47955, -0.1834, 2.40076]",closed,pkg_001
71.95,1786783794.4266,sample,"[1.63429, -1.70345, 1.90713, -2.04709, 4.65654, 0.0]","[-6.49755, -0.19558, 2.4102]",closed,pkg_001
72.05,1786783794.5266,sample,"[1.6643, -1.72802, 1.90712, -2.04709, 4.65654, 0.0]","[-6.51458, -0.21256, 2.4252]",closed,pkg_001
72.15,1786783794.6234,sample,"[1.6943, -1.75603, 1.90712, -2.04709, 4.65653, 0.0]","[-6.53053, -0.23196, 2.44197]",closed,pkg_001
72.25,1786783794.7219,sample,"[1.72431, -1.7853, 1.90712, -2.04709, 4.65653, 0.0]","[-6.54534, -0.25283, 2.4591]",closed,pkg_001
72.35,1786783794.8219,sample,"[1.75431, -1.81503, 1.90712, -2.04709, 4.65652, 0.0]","[-6.55899, -0.27479, 2.47607]",closed,pkg_001
72.45,1786783794.9397,sample,"[1.78431, -1.84493, 1.90712, -2.04709, 4.65652, 0.0]","[-6.57141, -0.29763, 2.4927]",closed,pkg_001
72.55,1786783795.0431,sample,"[1.81432, -1.8749, 1.90712, -2.04709, 4.65651, 0.0]","[-6.58257, -0.32123, 2.5089]",closed,pkg_001
72.65,1786783795.166,sample,"[1.84432, -1.90412, 1.90711, -2.04709, 4.6565, 0.0]","[-6.59255, -0.34511, 2.52425]",closed,pkg_001
72.75,1786783795.2843,sample,"[1.87433, -1.91888, 1.90713, -2.04709, 4.65649, 0.0]","[-6.60363, -0.36186, 2.53181]",closed,pkg_001
72.85,1786783795.3857,sample,"[1.90433, -1.92431, 1.90714, -2.04709, 4.65648, 0.0]","[-6.61565, -0.37402, 2.53455]",closed,pkg_001
72.95,1786783795.4836,sample,"[1.93433, -1.92631, 1.90714, -2.04709, 4.65648, 0.0]","[-6.62788, -0.38472, 2.53556]",closed,pkg_001
73.05,1786783795.5828,sample,"[1.96433, -1.92704, 1.90714, -2.04709, 4.65647, 0.0]","[-6.64003, -0.39512, 2.53593]",closed,pkg_001
73.15,1786783795.6782,sample,"[1.99432, -1.92731, 1.90714, -2.04709, 4.65646, 0.0]","[-6.65196, -0.40564, 2.53606]",closed,pkg_001
73.25,1786783795.7808,sample,"[2.02432, -1.92817, 1.90715, -2.04709, 4.65645, 0.0]","[-6.66342, -0.4168, 2.5365]",closed,pkg_001
73.35,1786783795.8809,sample,"[2.05432, -1.94345, 1.90714, -2.04709, 4.65645, 0.0]","[-6.67075, -0.43549, 2.54413]",closed,pkg_001
73.45,1786783795.9759,sample,"[2.08432, -1.96803, 1.90713, -2.04709, 4.65644, 0.0]","[-6.67459, -0.45906, 2.55614]",closed,pkg_001
73.55,1786783796.0697,sample,"[2.11433, -1.99605, 1.90712, -2.04709, 4.65644, 0.0]","[-6.67616, -0.4845, 2.56939]",closed,pkg_001
73.65,1786783796.1632,sample,"[2.14434, -2.02532, 1.90712, -2.04709, 4.65643, 0.0]","[-6.67594, -0.51066, 2.58273]",closed,pkg_001
73.75,1786783796.2611,sample,"[2.17434, -2.05505, 1.90712, -2.04709, 4.65642, 0.0]","[-6.67411, -0.53706, 2.59576]",closed,pkg_001
73.85,1786783796.371,sample,"[2.20434, -2.08496, 1.90712, -2.04709, 4.65642, 0.0]","[-6.67076, -0.56347, 2.6083]",closed,pkg_001
73.95,1786783796.4685,sample,"[2.23435, -2.11493, 1.91968, -2.04709, 4.65641, 0.0]","[-6.66681, -0.58861, 2.61141]",closed,pkg_001
74.05,1786783796.5646,sample,"[2.26435, -2.14492, 1.94327, -2.04709, 4.65641, 0.0]","[-6.66258, -0.61224, 2.60621]",closed,pkg_001
74.15,1786783796.661,sample,"[2.29436, -2.17492, 1.97092, -2.04709, 4.6564, 0.0]","[-6.65776, -0.63484, 2.59768]",closed,pkg_001
74.25,1786783796.7558,sample,"[2.32436, -2.20492, 2.00005, -2.04709, 4.6564, 0.0]","[-6.65226, -0.65662, 2.58763]",closed,pkg_001
74.35,1786783796.8591,sample,"[2.35436, -2.23492, 2.02973, -2.04709, 4.65639, 0.0]","[-6.64605, -0.67764, 2.57676]",closed,pkg_001
74.45,1786783796.9611,sample,"[2.38437, -2.25835, 2.04706, -2.04709, 4.65639, 0.0]","[-6.6409, -0.69627, 2.57211]",closed,pkg_001
74.55,1786783797.0621,sample,"[2.41437, -2.26731, 2.05343, -2.04709, 4.65638, 0.0]","[-6.64047, -0.70956, 2.57044]",closed,pkg_001
74.65,1786783797.1601,sample,"[2.44437, -2.27061, 2.05577, -2.04709, 4.65637, 0.0]","[-6.64175, -0.72088, 2.56982]",closed,pkg_001
74.75,1786783797.254,sample,"[2.4618, -2.27182, 2.05664, -2.04709, 4.65638, 0.0]","[-6.6426, -0.72723, 2.56958]",closed,pkg_001
74.85,1786783797.3464,sample,"[2.46822, -2.27227, 2.05696, -2.04709, 4.65639, 0.0]","[-6.64289, -0.72957, 2.5695]",closed,pkg_001
74.95,1786783797.4431,sample,"[2.47058, -2.27242, 2.05705, -2.04709, 4.65639, 0.0]","[-6.64299, -0.73043, 2.56948]",closed,pkg_001
75.05,1786783797.5414,sample,"[2.47145, -2.2725, 2.0571, -2.04709, 4.6564, 0.0]","[-6.64302, -0.73076, 2.56948]",closed,pkg_001
75.15,1786783797.6393,sample,"[2.47177, -2.2725, 2.05714, -2.04709, 4.6564, 0.0]","[-6.64304, -0.73086, 2.56945]",closed,pkg_001
75.25,1786783797.7421,sample,"[2.47187, -2.2725, 2.05717, -2.04709, 4.6564, 0.0]","[-6.64306, -0.7309, 2.56943]",closed,pkg_001
75.35,1786783797.8366,sample,"[2.48448, -2.2725, 2.05718, -2.04709, 4.65639, 0.0]","[-6.6439, -0.73523, 2.56942]",closed,pkg_001
75.45,1786783797.9362,sample,"[2.50809, -2.2725, 2.05718, -2.04709, 4.65639, 0.0]","[-6.64533, -0.74336, 2.56942]",closed,pkg_001
75.55,1786783798.0309,sample,"[2.53574, -2.2725, 2.05718, -2.04709, 4.65638, 0.0]","[-6.64676, -0.75293, 2.56942]",closed,pkg_001
75.65,1786783798.1276,sample,"[2.56487, -2.2725, 2.05718, -2.04709, 4.65637, 0.0]","[-6.64799, -0.76305, 2.56942]",closed,pkg_001
75.75,1786783798.2225,sample,"[2.58199, -2.2725, 2.05718, -2.04709, 4.65638, 0.0]","[-6.64857, -0.76902, 2.56942]",closed,pkg_001
75.85,1786783798.3191,sample,"[2.58829, -2.2725, 2.05718, -2.04709, 4.65639, 0.0]","[-6.64876, -0.77121, 2.56942]",closed,pkg_001
75.95,1786783798.4196,sample,"[2.59061, -2.2725, 2.05718, -2.04709, 4.65639, 0.0]","[-6.64883, -0.77202, 2.56942]",closed,pkg_001
76.05,1786783798.5147,sample,"[2.59146, -2.2725, 2.05718, -2.04709, 4.6564, 0.0]","[-6.64885, -0.77232, 2.56942]",closed,pkg_001
76.15,1786783798.6131,sample,"[2.59178, -2.2725, 2.05718, -2.04709, 4.6564, 0.0]","[-6.64886, -0.77243, 2.56942]",closed,pkg_001
76.25,1786783798.709,sample,"[2.59187, -2.2725, 2.05718, -2.04709, 4.6564, 0.0]","[-6.64886, -0.77246, 2.56942]",closed,pkg_001
76.35,1786783798.8064,sample,"[2.59194, -2.2725, 2.05718, -2.04709, 4.65641, 0.0]","[-6.64886, -0.77249, 2.56942]",closed,pkg_001
76.45,1786783798.9103,sample,"[2.59198, -2.2725, 2.05718, -2.04709, 4.65641, 0.0]","[-6.64887, -0.7725, 2.56942]",closed,pkg_001
76.55,1786783799.0161,sample,"[2.59199, -2.28192, 2.05717, -2.04709, 4.65641, 0.0]","[-6.64409, -0.77543, 2.57233]",closed,pkg_001
76.65,1786783799.1166,sample,"[2.59201, -2.30435, 2.05716, -2.04709, 4.65641, 0.0]","[-6.63264, -0.78245, 2.57906]",closed,pkg_001
76.75,1786783799.2171,sample,"[2.59201, -2.33157, 2.05716, -2.04709, 4.65641, 0.0]","[-6.61857, -0.79107, 2.58681]",closed,pkg_001
76.85,1786783799.3151,sample,"[2.59201, -2.36055, 2.05715, -2.04709, 4.65641, 0.0]","[-6.6034, -0.80036, 2.59456]",closed,pkg_001
76.95,1786783799.4151,sample,"[2.59201, -2.39018, 2.05715, -2.04709, 4.65641, 0.0]","[-6.5877, -0.80998, 2.60195]",closed,pkg_001
77.05,1786783799.5256,sample,"[2.59201, -2.42004, 2.05715, -2.04709, 4.65641, 0.0]","[-6.57169, -0.81979, 2.60884]",closed,pkg_001
77.15,1786783799.6276,sample,"[2.59199, -2.44059, 2.05715, -2.04709, 4.65641, 0.0]","[-6.56057, -0.82659, 2.61326]",closed,pkg_001
77.25,1786783799.7287,sample,"[2.59198, -2.44816, 2.05715, -2.04709, 4.65641, 0.0]","[-6.55646, -0.8291, 2.61481]",closed,pkg_001
77.35,1786783799.8301,sample,"[2.59198, -2.45094, 2.05932, -2.04709, 4.6564, 0.0]","[-6.55541, -0.82975, 2.61392]",closed,pkg_001
77.45,1786783799.9286,sample,"[2.59197, -2.45197, 2.07681, -2.04709, 4.6564, 0.0]","[-6.55846, -0.82788, 2.6023]",closed,pkg_001
77.55,1786783800.0309,sample,"[2.59197, -2.45234, 2.10222, -2.04709, 4.6564, 0.0]","[-6.56319, -0.82498, 2.58508]",closed,pkg_001
77.65,1786783800.1315,sample,"[2.59199, -2.46504, 2.13054, -2.04709, 4.6564, 0.0]","[-6.56186, -0.8258, 2.56835]",closed,pkg_001
77.75,1786783800.2321,sample,"[2.592, -2.48868, 2.15992, -2.04709, 4.65641, 0.0]","[-6.55526, -0.82985, 2.55301]",closed,pkg_001
77.85,1786783800.334,sample,"[2.59199, -2.51557, 2.18968, -2.04709, 4.65641, 0.0]","[-6.54738, -0.83467, 2.53783]",closed,pkg_001
77.95,1786783800.4427,sample,"[2.59198, -2.52947, 2.21742, -2.04709, 4.65641, 0.0]","[-6.5455, -0.83582, 2.52135]",closed,pkg_001
78.05,1786783800.5401,sample,"[2.59198, -2.53459, 2.22989, -2.04709, 4.65641, 0.0]","[-6.54517, -0.83602, 2.51369]",closed,pkg_001
78.15,1786783800.6358,sample,"[2.59198, -2.53647, 2.23448, -2.04709, 4.65641, 0.0]","[-6.54504, -0.8361, 2.51087]",closed,pkg_001
78.25,1786783800.7359,sample,"[2.59198, -2.53717, 2.23617, -2.04709, 4.65641, 0.0]","[-6.54499, -0.83613, 2.50983]",closed,pkg_001
78.35,1786783800.8318,sample,"[2.59198, -2.53742, 2.23679, -2.04709, 4.65641, 0.0]","[-6.54497, -0.83614, 2.50945]",closed,pkg_001
78.45,1786783800.9301,sample,"[2.59198, -2.53752, 2.23045, -2.04709, 4.6564, 0.0]","[-6.54392, -0.83679, 2.51386]",closed,pkg_001
78.55,1786783801.0291,sample,"[2.59198, -2.53752, 2.20948, -2.04709, 4.6564, 0.0]","[-6.5404, -0.83894, 2.52834]",closed,pkg_001
78.65,1786783801.1285,sample,"[2.59198, -2.53752, 2.1828, -2.04709, 4.6564, 0.0]","[-6.53555, -0.84192, 2.54663]",closed,pkg_001
78.75,1786783801.2294,sample,"[2.59199, -2.53752, 2.15402, -2.04709, 4.6564, 0.0]","[-6.52985, -0.8454, 2.56619]",closed,pkg_001
78.85,1786783801.33,sample,"[2.59199, -2.53753, 2.12446, -2.04709, 4.6564, 0.0]","[-6.52351, -0.84929, 2.58606]",closed,pkg_001
78.95,1786783801.4386,sample,"[2.59199, -2.53753, 2.09462, -2.04709, 4.65639, 0.0]","[-6.5166, -0.85352, 2.60589]",closed,pkg_001
79.05,1786783801.5498,sample,"[2.59199, -2.53753, 2.06468, -2.04709, 4.65639, 0.0]","[-6.50916, -0.85808, 2.62554]",closed,pkg_001
79.15,1786783801.6631,sample,"[2.59199, -2.53753, 2.0347, -2.04709, 4.65639, 0.0]","[-6.50122, -0.86295, 2.64494]",closed,pkg_001
79.25,1786783801.7702,sample,"[2.59199, -2.54412, 2.00471, -2.04709, 4.65638, 0.0]","[-6.48891, -0.87048, 2.66489]",closed,pkg_001
79.35,1786783801.8733,sample,"[2.592, -2.56518, 1.9747, -2.04709, 4.65638, 0.0]","[-6.46716, -0.88381, 2.68588]",closed,pkg_001
79.45,1786783801.9775,sample,"[2.592, -2.5919, 1.94469, -2.04709, 4.65638, 0.0]","[-6.44072, -0.9, 2.70614]",closed,pkg_001
79.55,1786783802.0825,sample,"[2.592, -2.62069, 1.91468, -2.0471, 4.65638, 0.0]","[-6.41166, -0.9178, 2.72493]",closed,pkg_001
79.65,1786783802.1893,sample,"[2.592, -2.64534, 1.88466, -2.04709, 4.65638, 0.0]","[-6.38401, -0.93474, 2.74194]",closed,pkg_001
79.75,1786783802.2957,sample,"[2.59197, -2.64053, 1.85878, -2.04709, 4.65637, 0.0]","[-6.37661, -0.93928, 2.75578]",closed,pkg_001
79.85,1786783802.3963,sample,"[2.59196, -2.61979, 1.84821, -2.04709, 4.65637, 0.0]","[-6.38609, -0.93347, 2.76144]",closed,pkg_001
79.95,1786783802.5075,sample,"[2.59196, -2.59319, 1.84434, -2.04709, 4.65636, 0.0]","[-6.40234, -0.92351, 2.76318]",closed,pkg_001
80.05,1786783802.6375,sample,"[2.59197, -2.56443, 1.83878, -2.04709, 4.65636, 0.0]","[-6.41947, -0.91302, 2.7653]",closed,pkg_001
80.15,1786783802.743,sample,"[2.59197, -2.53488, 1.81884, -2.04709, 4.65636, 0.0]","[-6.43177, -0.90548, 2.77494]",closed,pkg_001
80.25,1786783802.8461,sample,"[2.59196, -2.50505, 1.79253, -2.04709, 4.65636, 0.0]","[-6.44218, -0.8991, 2.78781]",closed,pkg_001
80.35,1786783802.9516,sample,"[2.59196, -2.47511, 1.76389, -2.04709, 4.65636, 0.0]","[-6.45215, -0.89299, 2.80165]",closed,pkg_001
80.45,1786783803.056,sample,"[2.59196, -2.44513, 1.73439, -2.04709, 4.65636, 0.0]","[-6.46219, -0.88684, 2.81563]",closed,pkg_001
80.55,1786783803.1736,sample,"[2.59196, -2.41513, 1.70457, -2.04709, 4.65636, 0.0]","[-6.47248, -0.88054, 2.82943]",closed,pkg_001
80.65,1786783803.2826,sample,"[2.59196, -2.38513, 1.67464, -2.04709, 4.65636, 0.0]","[-6.48308, -0.87405, 2.84293]",closed,pkg_001
80.75,1786783803.3951,sample,"[2.59195, -2.35513, 1.64466, -2.04709, 4.65636, 0.0]","[-6.49401, -0.86735, 2.85608]",closed,pkg_001
80.85,1786783803.5016,sample,"[2.59195, -2.32512, 1.61467, -2.04709, 4.65636, 0.0]","[-6.50526, -0.86046, 2.86884]",closed,pkg_001
80.95,1786783803.6106,sample,"[2.59195, -2.29511, 1.58468, -2.04709, 4.65636, 0.0]","[-6.51684, -0.85337, 2.88121]",closed,pkg_001
81.05,1786783803.7141,sample,"[2.59195, -2.26511, 1.55468, -2.04709, 4.65636, 0.0]","[-6.52872, -0.84608, 2.89317]",closed,pkg_001
81.15,1786783803.821,sample,"[2.59195, -2.2351, 1.52468, -2.04709, 4.65636, 0.0]","[-6.54091, -0.83862, 2.9047]",closed,pkg_001
81.25,1786783803.9315,sample,"[2.59196, -2.20923, 1.49469, -2.04709, 4.65636, 0.0]","[-6.55007, -0.83301, 2.91661]",closed,pkg_001
81.35,1786783804.0408,sample,"[2.59199, -2.19865, 1.46469, -2.04709, 4.65636, 0.0]","[-6.54701, -0.83489, 2.93125]",closed,pkg_001
81.45,1786783804.1451,sample,"[2.60454, -2.19477, 1.44125, -2.04709, 4.65636, 0.0]","[-6.5404, -0.84165, 2.94334]",closed,pkg_001
81.55,1786783804.2473,sample,"[2.62812, -2.19335, 1.43229, -2.04709, 4.65636, 0.0]","[-6.53687, -0.84871, 2.94793]",closed,pkg_001
81.65,1786783804.352,sample,"[2.65575, -2.19281, 1.429, -2.04709, 4.65636, 0.0]","[-6.53451, -0.85572, 2.9496]",closed,pkg_001
81.75,1786783804.452,sample,"[2.68489, -2.19263, 1.42779, -2.04709, 4.65636, 0.0]","[-6.53243, -0.8627, 2.95022]",closed,pkg_001
81.85,1786783804.555,sample,"[2.71457, -2.19253, 1.42734, -2.04709, 4.65636, 0.0]","[-6.53037, -0.86962, 2.95044]",closed,pkg_001
81.95,1786783804.6626,sample,"[2.74445, -2.19251, 1.42718, -2.04709, 4.65636, 0.0]","[-6.52813, -0.8765, 2.95053]",closed,pkg_001
82.05,1786783804.7731,sample,"[2.77441, -2.19251, 1.42712, -2.04709, 4.65636, 0.0]","[-6.52571, -0.8833, 2.95056]",closed,pkg_001
82.15,1786783804.8838,sample,"[2.80439, -2.19251, 1.4271, -2.04709, 4.65636, 0.0]","[-6.5231, -0.89004, 2.95057]",closed,pkg_001
82.25,1786783804.9993,sample,"[2.83439, -2.19251, 1.42709, -2.04709, 4.65636, 0.0]","[-6.52029, -0.89669, 2.95058]",closed,pkg_001
82.35,1786783805.1105,sample,"[2.86439, -2.19251, 1.42709, -2.04709, 4.65636, 0.0]","[-6.51729, -0.90325, 2.95058]",closed,pkg_001
82.45,1786783805.2249,sample,"[2.89439, -2.19251, 1.42708, -2.04709, 4.65636, 0.0]","[-6.51409, -0.90973, 2.95058]",closed,pkg_001
82.55,1786783805.3428,sample,"[2.92439, -2.19251, 1.42707, -2.04709, 4.65636, 0.0]","[-6.5107, -0.9161, 2.95059]",closed,pkg_001
82.65,1786783805.4686,sample,"[2.95439, -2.19251, 1.42706, -2.04709, 4.65636, 0.0]","[-6.50712, -0.92237, 2.95059]",closed,pkg_001
82.75,1786783805.584,sample,"[2.98439, -2.19251, 1.42706, -2.04709, 4.65636, 0.0]","[-6.50336, -0.92853, 2.95059]",closed,pkg_001
82.85,1786783805.6974,sample,"[3.01439, -2.19251, 1.42706, -2.04709, 4.65636, 0.0]","[-6.49941, -0.93457, 2.95059]",closed,pkg_001
82.95,1786783805.8197,sample,"[3.04439, -2.19251, 1.42706, -2.04709, 4.65636, 0.0]","[-6.49528, -0.94049, 2.95059]",closed,pkg_001
83.05,1786783805.9416,sample,"[3.07439, -2.19251, 1.42706, -2.04709, 4.65636, 0.0]","[-6.49098, -0.94628, 2.95059]",closed,pkg_001
83.15,1786783806.0523,sample,"[3.10439, -2.19251, 1.42706, -2.04709, 4.65636, 0.0]","[-6.48651, -0.95195, 2.95059]",closed,pkg_001
83.25,1786783806.1635,sample,"[3.13439, -2.19251, 1.42706, -2.04709, 4.65636, 0.0]","[-6.48186, -0.95747, 2.95059]",closed,pkg_001
83.35,1786783806.2707,sample,"[3.16439, -2.19251, 1.42706, -2.04709, 4.65636, 0.0]","[-6.47706, -0.96286, 2.95059]",closed,pkg_001
83.45,1786783806.3845,sample,"[3.19439, -2.19251, 1.42706, -2.04709, 4.65636, 0.0]","[-6.4721, -0.96809, 2.95059]",closed,pkg_001
83.55,1786783806.4973,sample,"[3.22439, -2.19251, 1.42706, -2.04709, 4.65636, 0.0]","[-6.46698, -0.97318, 2.95059]",closed,pkg_001
83.65,1786783806.6064,sample,"[3.25439, -2.19251, 1.42706, -2.04709, 4.65636, 0.0]","[-6.46171, -0.97811, 2.95059]",closed,pkg_001
83.75,1786783806.7128,sample,"[3.28439, -2.19251, 1.42706, -2.04709, 4.65636, 0.0]","[-6.45629, -0.98288, 2.95059]",closed,pkg_001
83.85,1786783806.8274,sample,"[3.31026, -2.18836, 1.42292, -2.04709, 4.65636, 0.0]","[-6.45355, -0.98721, 2.95207]",closed,pkg_001
83.95,1786783806.9293,sample,"[3.32083, -2.16893, 1.4035, -2.04709, 4.65636, 0.0]","[-6.46117, -0.99056, 2.95885]",closed,pkg_001
84.05,1786783807.03,sample,"[3.32472, -2.14282, 1.3774, -2.04709, 4.65636, 0.0]","[-6.47354, -0.99362, 2.96767]",closed,pkg_001
84.15,1786783807.1327,sample,"[3.32614, -2.11424, 1.34884, -2.0471, 4.65636, 0.0]","[-6.48785, -0.99659, 2.97692]",closed,pkg_001
84.25,1786783807.2306,sample,"[3.32667, -2.08476, 1.31937, -2.0471, 4.65635, 0.0]","[-6.50307, -0.99955, 2.98601]",closed,pkg_001
84.35,1786783807.3365,sample,"[3.32685, -2.05494, 1.28956, -2.0471, 4.65635, 0.0]","[-6.51878, -1.00254, 2.99474]",closed,pkg_001
84.45,1786783807.445,sample,"[3.32695, -2.02501, 1.25963, -2.0471, 4.65636, 0.0]","[-6.53483, -1.00558, 3.00302]",closed,pkg_001
84.55,1786783807.5606,sample,"[3.32695, -1.99502, 1.22966, -2.0471, 4.65635, 0.0]","[-6.55116, -1.00864, 3.01081]",closed,pkg_001
84.65,1786783807.6655,sample,"[3.32695, -1.96503, 1.19967, -2.0471, 4.65635, 0.0]","[-6.56771, -1.01174, 3.01811]",closed,pkg_001
84.75,1786783807.7726,sample,"[3.32695, -1.93502, 1.16968, -2.0471, 4.65635, 0.0]","[-6.58448, -1.01489, 3.02491]",closed,pkg_001
84.85,1786783807.8786,sample,"[3.32695, -1.90501, 1.13968, -2.0471, 4.65635, 0.0]","[-6.60145, -1.01807, 3.03118]",closed,pkg_001
84.95,1786783807.9836,sample,"[3.32694, -1.87502, 1.12223, -2.04711, 4.65636, 0.0]","[-6.62441, -1.02237, 3.03017]",closed,pkg_001
85.05,1786783808.0976,sample,"[3.32693, -1.84501, 1.11582, -2.04711, 4.65636, 0.0]","[-6.65245, -1.02763, 3.02246]",closed,pkg_001
85.15,1786783808.2037,sample,"[3.32694, -1.81499, 1.11347, -2.04711, 4.65636, 0.0]","[-6.68211, -1.03319, 3.01166]",closed,pkg_001
85.25,1786783808.3218,sample,"[3.32694, -1.78498, 1.11261, -2.04711, 4.65636, 0.0]","[-6.71208, -1.03881, 2.99914]",closed,pkg_001
85.35,1786783808.4342,sample,"[3.32694, -1.75497, 1.1123, -2.04711, 4.65636, 0.0]","[-6.74191, -1.0444, 2.98539]",closed,pkg_001
85.45,1786783808.5426,sample,"[3.32695, -1.72496, 1.11219, -2.04712, 4.65636, 0.0]","[-6.77139, -1.04993, 2.97062]",closed,pkg_001
85.55,1786783808.6546,sample,"[3.32695, -1.69495, 1.11214, -2.04712, 4.65636, 0.0]","[-6.80046, -1.05539, 2.95492]",closed,pkg_001
85.65,1786783808.7627,sample,"[3.32696, -1.66495, 1.11214, -2.04712, 4.65636, 0.0]","[-6.82906, -1.06075, 2.93831]",closed,pkg_001
85.75,1786783808.8772,sample,"[3.32696, -1.63494, 1.11214, -2.04712, 4.65636, 0.0]","[-6.85716, -1.06602, 2.92083]",closed,pkg_001
85.85,1786783808.9956,sample,"[3.32696, -1.60493, 1.11214, -2.04712, 4.65636, 0.0]","[-6.88473, -1.0712, 2.90251]",closed,pkg_001
85.95,1786783809.1186,sample,"[3.32697, -1.57493, 1.11214, -2.04712, 4.65636, 0.0]","[-6.91175, -1.07626, 2.88335]",closed,pkg_001
86.05,1786783809.2461,sample,"[3.32697, -1.54492, 1.11214, -2.04712, 4.65636, 0.0]","[-6.93819, -1.08122, 2.86338]",closed,pkg_001
86.15,1786783809.3614,sample,"[3.32697, -1.51492, 1.11214, -2.04712, 4.65636, 0.0]","[-6.96403, -1.08607, 2.8426]",closed,pkg_001
86.25,1786783809.4724,sample,"[3.32697, -1.48491, 1.11214, -2.04712, 4.65636, 0.0]","[-6.98924, -1.0908, 2.82105]",closed,pkg_001
86.35,1786783809.5829,sample,"[3.32697, -1.45491, 1.11214, -2.04712, 4.65636, 0.0]","[-7.01381, -1.09541, 2.79874]",closed,pkg_001
86.45,1786783809.6932,sample,"[3.32697, -1.4249, 1.11214, -2.04713, 4.65636, 0.0]","[-7.03771, -1.09989, 2.77569]",closed,pkg_001
86.55,1786783809.8048,sample,"[3.32697, -1.3949, 1.11214, -2.04713, 4.65636, 0.0]","[-7.06092, -1.10424, 2.75192]",closed,pkg_001
86.65,1786783809.9155,sample,"[3.32697, -1.36489, 1.11214, -2.04713, 4.65636, 0.0]","[-7.08342, -1.10846, 2.72745]",closed,pkg_001
86.75,1786783810.0229,sample,"[3.32696, -1.33489, 1.11214, -2.04713, 4.65636, 0.0]","[-7.10519, -1.11254, 2.70231]",closed,pkg_001
86.85,1786783810.1399,sample,"[3.32696, -1.30564, 1.11215, -2.04713, 4.65636, 0.0]","[-7.12569, -1.11638, 2.67717]",closed,pkg_001
86.95,1786783810.2508,sample,"[3.32694, -1.29086, 1.11217, -2.04712, 4.65636, 0.0]","[-7.13577, -1.11825, 2.66422]",closed,pkg_001
87.05,1786783810.3616,sample,"[3.32693, -1.28544, 1.11216, -2.04712, 4.65636, 0.0]","[-7.13943, -1.11893, 2.65944]",closed,pkg_001
87.15,1786783810.4665,sample,"[3.32692, -1.28345, 1.11215, -2.04712, 4.65636, 0.0]","[-7.14076, -1.11917, 2.65769]",closed,pkg_001
87.25,1786783810.5786,sample,"[3.32692, -1.27334, 1.11213, -2.04712, 4.65636, 0.0]","[-7.14748, -1.12043, 2.64872]",closed,pkg_001
87.35,1786783810.6882,sample,"[3.32693, -1.25064, 1.11213, -2.04712, 4.65636, 0.0]","[-7.16224, -1.1232, 2.62831]",closed,pkg_001
87.45,1786783810.7896,sample,"[3.32693, -1.22332, 1.11213, -2.04712, 4.65636, 0.0]","[-7.1794, -1.12642, 2.60328]",closed,pkg_001
87.55,1786783810.8925,sample,"[3.32693, -1.19647, 1.11215, -2.04712, 4.65636, 0.0]","[-7.19561, -1.12946, 2.57822]",closed,pkg_001
87.65,1786783810.9941,sample,"[3.32691, -1.18433, 1.11217, -2.04712, 4.65636, 0.0]","[-7.20272, -1.13078, 2.56673]",closed,pkg_001
87.75,1786783811.0986,sample,"[3.32691, -1.17987, 1.11216, -2.04712, 4.65637, 0.0]","[-7.2053, -1.13125, 2.56251]",closed,pkg_001
87.85,1786783811.2,sample,"[3.3269, -1.17824, 1.11215, -2.04712, 4.65637, 0.0]","[-7.20624, -1.13142, 2.56096]",closed,pkg_001
87.95,1786783811.303,sample,"[3.32689, -1.17764, 1.11215, -2.04711, 4.65637, 0.0]","[-7.20658, -1.13148, 2.56039]",closed,pkg_001
88.05,1786783811.4065,sample,"[3.32689, -1.17742, 1.11215, -2.04711, 4.65638, 0.0]","[-7.20671, -1.1315, 2.56018]",closed,pkg_001
88.15,1786783811.5145,sample,"[3.32688, -1.17734, 1.11215, -2.04711, 4.65638, 0.0]","[-7.20676, -1.13151, 2.56011]",closed,pkg_001
88.25,1786783811.6181,sample,"[3.32688, -1.1773, 1.11215, -2.04711, 4.65638, 0.0]","[-7.20678, -1.13151, 2.56007]",closed,pkg_001
88.35,1786783811.7264,sample,"[3.32687, -1.17729, 1.11215, -2.04711, 4.65638, 0.0]","[-7.20679, -1.1315, 2.56006]",closed,pkg_001
88.45,1786783811.8276,sample,"[3.32687, -1.17728, 1.11215, -2.04711, 4.65639, 0.0]","[-7.20679, -1.1315, 2.56005]",closed,pkg_001
88.55,1786783811.9313,sample,"[3.32686, -1.17729, 1.11215, -2.04711, 4.65639, 0.0]","[-7.2068, -1.1315, 2.56005]",closed,pkg_001
88.65,1786783812.0965,sample,"[3.32686, -1.17729, 1.11214, -2.0471, 4.65639, 0.0]","[-7.20679, -1.13149, 2.56006]",open,
88.75,1786783812.2076,sample,"[3.32685, -1.17729, 1.11214, -2.0471, 4.65639, 0.0]","[-7.20679, -1.13149, 2.56006]",open,
88.85,1786783812.3115,sample,"[3.32685, -1.17729, 1.11214, -2.0471, 4.65639, 0.0]","[-7.2068, -1.13148, 2.56006]",open,
88.95,1786783812.419,sample,"[3.32684, -1.17729, 1.11214, -2.0471, 4.65639, 0.0]","[-7.2068, -1.13148, 2.56006]",open,
89.05,1786783812.5251,sample,"[3.32684, -1.17729, 1.11214, -2.0471, 4.65639, 0.0]","[-7.2068, -1.13148, 2.56006]",open,
89.15,1786783812.6259,sample,"[3.32684, -1.17729, 1.11214, -2.0471, 4.65639, 0.0]","[-7.2068, -1.13147, 2.56006]",open,
89.25,1786783812.7352,sample,"[3.32029, -1.17729, 1.11214, -2.0471, 4.6564, 0.0]","[-7.20895, -1.12553, 2.56006]",open,
89.35,1786783812.8482,sample,"[3.29927, -1.17729, 1.11214, -2.0471, 4.6564, 0.0]","[-7.21559, -1.10635, 2.56006]",open,
89.45,1786783812.9564,sample,"[3.27257, -1.17729, 1.11214, -2.0471, 4.65641, 0.0]","[-7.22345, -1.0818, 2.56006]",open,
89.55,1786783813.062,sample,"[3.24378, -1.17729, 1.11214, -2.04709, 4.65642, 0.0]","[-7.23118, -1.0551, 2.56006]",open,
89.65,1786783813.1761,sample,"[3.21423, -1.17729, 1.11214, -2.04709, 4.65643, 0.0]","[-7.23831, -1.02748, 2.56006]",open,
89.75,1786783813.2936,sample,"[3.18439, -1.17729, 1.11214, -2.04709, 4.65643, 0.0]","[-7.24467, -0.99939, 2.56006]",open,
89.85,1786783813.4101,sample,"[3.15445, -1.17729, 1.11214, -2.04709, 4.65644, 0.0]","[-7.25022, -0.97102, 2.56006]",open,
89.95,1786783813.5299,sample,"[3.12447, -1.17729, 1.11214, -2.0471, 4.65644, 0.0]","[-7.25492, -0.94246, 2.56006]",open,
90.05,1786783813.6425,sample,"[3.09448, -1.17729, 1.11214, -2.04709, 4.65645, 0.0]","[-7.25876, -0.91376, 2.56006]",open,
90.15,1786783813.7735,sample,"[3.06448, -1.17729, 1.11214, -2.04709, 4.65645, 0.0]","[-7.26174, -0.88495, 2.56006]",open,
90.25,1786783813.8987,sample,"[3.03448, -1.17729, 1.11214, -2.04709, 4.65646, 0.0]","[-7.26386, -0.85606, 2.56006]",open,
90.35,1786783814.0196,sample,"[3.00448, -1.17729, 1.11214, -2.04709, 4.65646, 0.0]","[-7.26511, -0.82713, 2.56006]",open,
90.45,1786783814.1422,sample,"[2.97448, -1.17729, 1.11214, -2.0471, 4.65646, 0.0]","[-7.26548, -0.79817, 2.56006]",open,
90.55,1786783814.2601,sample,"[2.94448, -1.17653, 1.11213, -2.04709, 4.65646, 0.0]","[-7.26543, -0.76912, 2.55935]",open,
90.65,1786783814.3673,sample,"[2.91448, -1.16131, 1.11211, -2.04709, 4.65647, 0.0]","[-7.2726, -0.73821, 2.54479]",open,
90.75,1786783814.4734,sample,"[2.88447, -1.14612, 1.11213, -2.04709, 4.65647, 0.0]","[-7.27854, -0.70689, 2.53011]",open,
90.85,1786783814.5803,sample,"[2.85447, -1.14054, 1.11213, -2.04709, 4.65647, 0.0]","[-7.27826, -0.67671, 2.52468]",open,
90.95,1786783814.6886,sample,"[2.82447, -1.13849, 1.11214, -2.04709, 4.65647, 0.0]","[-7.27518, -0.64707, 2.52268]",open,
91.05,1786783814.7951,sample,"[2.79447, -1.13773, 1.11214, -2.04709, 4.65648, 0.0]","[-7.27055, -0.61775, 2.52194]",open,
91.15,1786783814.9152,sample,"[2.76447, -1.13963, 1.11215, -2.04709, 4.65648, 0.0]","[-7.26368, -0.5891, 2.52379]",open,
91.25,1786783815.0222,sample,"[2.73447, -1.15703, 1.11213, -2.0471, 4.65648, 0.0]","[-7.24805, -0.56412, 2.54066]",open,
91.35,1786783815.1298,sample,"[2.70447, -1.1824, 1.11211, -2.0471, 4.65648, 0.0]","[-7.2273, -0.54197, 2.56495]",open,
91.45,1786783815.2397,sample,"[2.67447, -1.21071, 1.1121, -2.0471, 4.65649, 0.0]","[-7.20395, -0.52194, 2.59158]",open,
91.55,1786783815.3501,sample,"[2.64448, -1.24008, 1.1121, -2.0471, 4.65649, 0.0]","[-7.17897, -0.50376, 2.61871]",open,
91.65,1786783815.4652,sample,"[2.61447, -1.26986, 1.1121, -2.0471, 4.65649, 0.0]","[-7.15283, -0.48734, 2.64563]",open,
91.75,1786783815.5783,sample,"[2.58448, -1.29978, 1.1121, -2.0471, 4.65649, 0.0]","[-7.12574, -0.47269, 2.67208]",open,
91.85,1786783815.6948,sample,"[2.55448, -1.32975, 1.1121, -2.04709, 4.65649, 0.0]","[-7.09788, -0.45983, 2.69796]",open,
91.95,1786783815.8075,sample,"[2.52448, -1.35561, 1.11209, -2.04709, 4.65649, 0.0]","[-7.07188, -0.44701, 2.71978]",open,
92.05,1786783815.9164,sample,"[2.49448, -1.36619, 1.11208, -2.04709, 4.65649, 0.0]","[-7.05463, -0.42878, 2.72856]",open,
92.15,1786783816.0224,sample,"[2.46447, -1.37007, 1.11208, -2.04709, 4.65649, 0.0]","[-7.04088, -0.40814, 2.73176]",open,
92.25,1786783816.1345,sample,"[2.43447, -1.37149, 1.11208, -2.04709, 4.65649, 0.0]","[-7.02797, -0.38679, 2.73293]",open,
92.35,1786783816.2433,sample,"[2.40447, -1.37202, 1.11207, -2.04709, 4.65649, 0.0]","[-7.01496, -0.36541, 2.73336]",open,
92.45,1786783816.3517,sample,"[2.37447, -1.37221, 1.11207, -2.04709, 4.65649, 0.0]","[-7.0015, -0.34425, 2.73352]",open,
92.55,1786783816.4649,sample,"[2.34447, -1.37228, 1.11207, -2.04709, 4.65649, 0.0]","[-6.98747, -0.32346, 2.73358]",open,
92.65,1786783816.5703,sample,"[2.31447, -1.37229, 1.11207, -2.04709, 4.65649, 0.0]","[-6.97286, -0.30306, 2.73359]",open,
92.75,1786783816.6816,sample,"[2.28447, -1.3723, 1.11207, -2.04709, 4.65649, 0.0]","[-6.95765, -0.2831, 2.73359]",open,
92.85,1786783816.7856,sample,"[2.25447, -1.3723, 1.11207, -2.04709, 4.65649, 0.0]","[-6.94185, -0.26361, 2.7336]",open,
92.95,1786783816.8941,sample,"[2.22447, -1.37231, 1.11207, -2.04709, 4.65649, 0.0]","[-6.92547, -0.2446, 2.7336]",open,
93.05,1786783817.0023,sample,"[2.19446, -1.37231, 1.11207, -2.04709, 4.65649, 0.0]","[-6.90852, -0.22609, 2.73361]",open,
93.15,1786783817.1097,sample,"[2.16446, -1.37232, 1.11207, -2.04709, 4.65649, 0.0]","[-6.89103, -0.2081, 2.73361]",open,
93.25,1786783817.2186,sample,"[2.13446, -1.37232, 1.11207, -2.04709, 4.65649, 0.0]","[-6.87301, -0.19064, 2.73361]",open,
93.35,1786783817.3256,sample,"[2.10446, -1.37232, 1.11207, -2.04709, 4.65649, 0.0]","[-6.85447, -0.17373, 2.73361]",open,
93.45,1786783817.4406,sample,"[2.07861, -1.37232, 1.11208, -2.04709, 4.65649, 0.0]","[-6.8381, -0.1596, 2.73361]",open,
93.55,1786783817.5455,sample,"[2.06803, -1.37232, 1.11208, -2.04709, 4.65649, 0.0]","[-6.83129, -0.15394, 2.73361]",open,
93.65,1786783817.6529,sample,"[2.06414, -1.37232, 1.11208, -2.04709, 4.65649, 0.0]","[-6.82878, -0.15188, 2.73361]",open,
93.75,1786783817.7608,sample,"[2.05613, -1.37232, 1.11208, -2.04709, 4.65649, 0.0]","[-6.82357, -0.14767, 2.73361]",open,
93.85,1786783817.8657,sample,"[2.03456, -1.37233, 1.11208, -2.04709, 4.65649, 0.0]","[-6.80937, -0.13653, 2.73361]",open,
93.95,1786783817.9759,sample,"[2.00766, -1.37233, 1.11207, -2.04709, 4.65649, 0.0]","[-6.79134, -0.12307, 2.73362]",open,
94.05,1786783818.0825,sample,"[1.9788, -1.37233, 1.11207, -2.04709, 4.65649, 0.0]","[-6.77161, -0.10917, 2.73362]",open,
94.15,1786783818.1934,sample,"[1.94922, -1.37233, 1.11207, -2.04709, 4.65649, 0.0]","[-6.75097, -0.09553, 2.73362]",open,
94.25,1786783818.3118,sample,"[1.91937, -1.37233, 1.11207, -2.04709, 4.65649, 0.0]","[-6.72974, -0.08239, 2.73362]",open,
94.35,1786783818.4261,sample,"[1.88943, -1.37233, 1.11207, -2.04709, 4.65649, 0.0]","[-6.70807, -0.06984, 2.73362]",open,
94.45,1786783818.5447,sample,"[1.85945, -1.37233, 1.11207, -2.04709, 4.65649, 0.0]","[-6.686, -0.05794, 2.73362]",open,
94.55,1786783818.6627,sample,"[1.82946, -1.37233, 1.11207, -2.04709, 4.65649, 0.0]","[-6.66357, -0.0467, 2.73362]",open,
94.65,1786783818.7773,sample,"[1.79946, -1.37233, 1.11207, -2.04709, 4.65649, 0.0]","[-6.64081, -0.03613, 2.73362]",open,
94.75,1786783818.896,sample,"[1.76946, -1.37233, 1.11207, -2.04709, 4.65649, 0.0]","[-6.61775, -0.02626, 2.73362]",open,
94.85,1786783819.0115,sample,"[1.73946, -1.37233, 1.11207, -2.04709, 4.65649, 0.0]","[-6.5944, -0.01707, 2.73362]",open,
94.95,1786783819.1307,sample,"[1.70946, -1.37233, 1.11207, -2.04709, 4.65649, 0.0]","[-6.57078, -0.00859, 2.73362]",open,
95.05,1786783819.2466,sample,"[1.67946, -1.37233, 1.11207, -2.04709, 4.65649, 0.0]","[-6.54692, -0.00083, 2.73362]",open,
95.15,1786783819.3691,sample,"[1.64946, -1.37233, 1.11207, -2.04709, 4.65649, 0.0]","[-6.52284, 0.00622, 2.73362]",open,
95.25,1786783819.4901,sample,"[1.62023, -1.37234, 1.11284, -2.04709, 4.65649, 0.0]","[-6.49918, 0.0125, 2.73309]",open,
95.35,1786783819.5947,sample,"[1.60547, -1.37233, 1.1281, -2.04709, 4.65648, 0.0]","[-6.48725, 0.01766, 2.72238]",open,
95.45,1786783819.7036,sample,"[1.60003, -1.37889, 1.15269, -2.04709, 4.65648, 0.0]","[-6.48276, 0.01724, 2.71045]",open,
95.55,1786783819.8066,sample,"[1.59803, -1.39994, 1.18069, -2.04709, 4.65648, 0.0]","[-6.4808, 0.00584, 2.70787]",open,
95.65,1786783819.9108,sample,"[1.5973, -1.42666, 1.20995, -2.04709, 4.65647, 0.0]","[-6.47979, -0.00985, 2.70864]",open,
95.75,1786783820.0165,sample,"[1.59703, -1.45546, 1.23968, -2.04709, 4.65647, 0.0]","[-6.47913, -0.02715, 2.71027]",open,
95.85,1786783820.1289,sample,"[1.59694, -1.48503, 1.26957, -2.04709, 4.65647, 0.0]","[-6.47858, -0.04509, 2.71185]",open,
95.95,1786783820.24,sample,"[1.59693, -1.50831, 1.29952, -2.04709, 4.65647, 0.0]","[-6.47823, -0.05847, 2.70819]",open,
96.05,1786783820.3475,sample,"[1.59693, -1.51721, 1.32951, -2.04709, 4.65646, 0.0]","[-6.47814, -0.06152, 2.69355]",open,
96.15,1786783820.4509,sample,"[1.59692, -1.52048, 1.35951, -2.04709, 4.65646, 0.0]","[-6.47815, -0.06095, 2.67464]",open,
96.25,1786783820.5557,sample,"[1.59692, -1.52168, 1.38951, -2.04709, 4.65646, 0.0]","[-6.47819, -0.05949, 2.65412]",open,
96.35,1786783820.6602,sample,"[1.59691, -1.52213, 1.41952, -2.04709, 4.65645, 0.0]","[-6.47822, -0.05812, 2.63298]",open,
96.45,1786783820.7606,sample,"[1.59691, -1.52229, 1.44952, -2.04709, 4.65645, 0.0]","[-6.47824, -0.0572, 2.61159]",open,
96.55,1786783820.8646,sample,"[1.5969, -1.52235, 1.47952, -2.04709, 4.65645, 0.0]","[-6.47825, -0.05686, 2.59009]",open,
96.65,1786783820.9694,sample,"[1.5969, -1.52237, 1.50952, -2.04709, 4.65645, 0.0]","[-6.47824, -0.05713, 2.56858]",open,
96.75,1786783821.0746,sample,"[1.5969, -1.5224, 1.53952, -2.04709, 4.65645, 0.0]","[-6.47821, -0.05806, 2.54708]",open,
96.85,1786783821.1835,sample,"[1.59689, -1.52242, 1.56952, -2.04709, 4.65645, 0.0]","[-6.47817, -0.05962, 2.52562]",open,
96.95,1786783821.2864,sample,"[1.59689, -1.52242, 1.59953, -2.04709, 4.65645, 0.0]","[-6.47811, -0.06182, 2.50419]",open,
97.05,1786783821.3903,sample,"[1.59688, -1.52242, 1.62953, -2.04709, 4.65645, 0.0]","[-6.47803, -0.06466, 2.48284]",open,
97.15,1786783821.4963,sample,"[1.59688, -1.52242, 1.65953, -2.04709, 4.65645, 0.0]","[-6.47793, -0.06813, 2.46159]",open,
97.25,1786783821.6011,sample,"[1.59687, -1.52242, 1.68953, -2.04709, 4.65645, 0.0]","[-6.47782, -0.07224, 2.44045]",open,
97.35,1786783821.7035,sample,"[1.59687, -1.52243, 1.71953, -2.04709, 4.65645, 0.0]","[-6.47769, -0.07699, 2.41944]",open,
97.45,1786783821.8095,sample,"[1.59686, -1.52243, 1.74953, -2.04709, 4.65645, 0.0]","[-6.47755, -0.08236, 2.39859]",open,
97.55,1786783821.9154,sample,"[1.59686, -1.52243, 1.77953, -2.04709, 4.65646, 0.0]","[-6.47739, -0.08835, 2.37791]",open,
97.65,1786783822.0218,sample,"[1.59685, -1.52243, 1.80735, -2.04709, 4.65646, 0.0]","[-6.47723, -0.09447, 2.35889]",open,
97.75,1786783822.132,sample,"[1.59685, -1.52244, 1.81984, -2.04298, 4.65646, 0.0]","[-6.47714, -0.09767, 2.34989]",open,
97.85,1786783822.2366,sample,"[1.59684, -1.52245, 1.82444, -2.02359, 4.65646, 0.0]","[-6.47707, -0.10018, 2.34428]",open,
97.95,1786783822.3436,sample,"[1.59684, -1.52245, 1.82613, -1.99749, 4.65647, 0.0]","[-6.47701, -0.10256, 2.33982]",open,
98.05,1786783822.4502,sample,"[1.59684, -1.52245, 1.82675, -1.96893, 4.65647, 0.0]","[-6.47694, -0.10497, 2.33584]",open,
98.15,1786783822.5573,sample,"[1.59684, -1.52245, 1.82699, -1.93946, 4.65647, -0.0]","[-6.47688, -0.10747, 2.33207]",open,
98.25,1786783822.6746,sample,"[1.59684, -1.52245, 1.82707, -1.90965, 4.65648, -0.0]","[-6.47681, -0.11006, 2.32843]",open,
98.35,1786783822.7811,sample,"[1.59684, -1.52245, 1.82708, -1.88388, 4.65648, -0.0]","[-6.47675, -0.11237, 2.32539]",open,
98.45,1786783822.8861,sample,"[1.59684, -1.52245, 1.8271, -1.87332, 4.65648, -0.0]","[-6.47673, -0.11334, 2.32416]",open,
98.55,1786783822.9946,sample,"[1.59684, -1.52245, 1.82711, -1.86944, 4.65648, -0.0]","[-6.47672, -0.1137, 2.3237]",open,
98.65,1786783823.0997,sample,"[1.59684, -1.52245, 1.82712, -1.86801, 4.65649, -0.0]","[-6.47672, -0.11384, 2.32354]",open,
98.75,1786783823.2148,sample,"[1.59684, -1.52245, 1.82712, -1.86749, 4.65649, -0.0]","[-6.47672, -0.11389, 2.32347]",open,
98.85,1786783823.3317,sample,"[1.59685, -1.50989, 1.8271, -1.86729, 4.65649, -0.0]","[-6.47684, -0.1096, 2.31476]",open,
98.95,1786783823.4441,sample,"[1.59685, -1.49287, 1.8271, -1.86722, 4.65649, -0.0]","[-6.47698, -0.10396, 2.30288]",open,
99.05,1786783823.5617,sample,"[1.59684, -1.48628, 1.82711, -1.86722, 4.6565, -0.0]","[-6.47703, -0.10183, 2.29825]",open,
99.15,1786783823.6912,sample,"[1.59685, -1.47446, 1.82709, -1.86721, 4.6565, -0.0]","[-6.47714, -0.09808, 2.28993]",open,
99.25,1786783823.8031,sample,"[1.59685, -1.45528, 1.8271, -1.86721, 4.6565, -0.0]","[-6.47729, -0.09221, 2.27633]",open,
99.35,1786783823.9126,sample,"[1.59684, -1.44716, 1.8271, -1.8672, 4.6565, -0.0]","[-6.47734, -0.0898, 2.27053]",open,
99.45,1786783824.0231,sample,"[1.59684, -1.44418, 1.82711, -1.8672, 4.6565, -0.0]","[-6.47737, -0.08893, 2.2684]",open,
99.55,1786783824.1493,sample,"[1.59684, -1.44308, 1.82711, -1.86719, 4.65651, -0.0]","[-6.47738, -0.08861, 2.26761]",open,
99.65,1786783824.2747,sample,"[1.59684, -1.44267, 1.82711, -1.86719, 4.65651, -0.0]","[-6.47738, -0.0885, 2.26731]",open,
99.75,1786783824.3862,sample,"[1.59684, -1.44253, 1.82711, -1.86719, 4.65651, -0.0]","[-6.47738, -0.08845, 2.26721]",open,
99.85,1786783824.4931,sample,"[1.59684, -1.44247, 1.82711, -1.86718, 4.65651, -0.0]","[-6.47738, -0.08844, 2.26717]",open,
99.95,1786783824.606,sample,"[1.59684, -1.44245, 1.82711, -1.86718, 4.65652, -0.0]","[-6.47738, -0.08843, 2.26715]",open,
100.05,1786783824.7145,sample,"[1.59685, -1.44902, 1.83968, -1.86718, 4.65652, -0.0]","[-6.47724, -0.09433, 2.26384]",open,
100.15,1786783824.829,sample,"[1.59686, -1.47007, 1.86326, -1.86717, 4.65653, -0.0]","[-6.47689, -0.10794, 2.26366]",open,
100.25,1786783824.9389,sample,"[1.59686, -1.4946, 1.88872, -1.86717, 4.65653, -0.0]","[-6.47649, -0.12319, 2.26439]",open,
100.35,1786783825.0513,sample,"[1.59685, -1.50588, 1.90034, -1.86717, 4.65653, -0.0]","[-6.4763, -0.13019, 2.26467]",open,
100.45,1786783825.1583,sample,"[1.59684, -1.51004, 1.90462, -1.86717, 4.65654, -0.0]","[-6.47623, -0.13276, 2.26475]",open,
100.55,1786783825.2693,sample,"[1.59684, -1.51156, 1.90619, -1.86716, 4.65654, -0.0]","[-6.4762, -0.13371, 2.26477]",open,
100.65,1786783825.3776,sample,"[1.59684, -1.51213, 1.90678, -1.86716, 4.65654, -0.0]","[-6.4762, -0.13406, 2.26478]",open,
100.75,1786783825.4866,sample,"[1.59684, -1.51233, 1.90698, -1.86716, 4.65654, -0.0]","[-6.47619, -0.13419, 2.26479]",open,
100.85,1786783825.5991,sample,"[1.59684, -1.5124, 1.90707, -1.86716, 4.65655, -0.0]","[-6.47619, -0.13423, 2.26478]",open,
100.95,1786783825.7121,sample,"[1.59684, -1.51245, 1.90707, -1.86716, 4.65655, -0.0]","[-6.47619, -0.13425, 2.26481]",open,
101.05,1786783825.8306,sample,"[1.59684, -1.51245, 1.90708, -1.86715, 4.65655, -0.0]","[-6.47619, -0.13425, 2.26481]",open,
101.15,1786783825.9443,sample,"[1.59684, -1.51245, 1.90709, -1.86715, 4.65656, -0.0]","[-6.47619, -0.13425, 2.2648]",open,
101.25,1786783826.0515,sample,"[1.59684, -1.51245, 1.90709, -1.86715, 4.65656, -0.0]","[-6.47619, -0.13426, 2.2648]",open,
101.35,1786783826.1576,sample,"[1.59684, -1.51245, 1.90709, -1.86715, 4.65656, -0.0]","[-6.47619, -0.13426, 2.2648]",open,
101.45,1786783826.2607,sample,"[1.59684, -1.51245, 1.9071, -1.86715, 4.65656, -0.0]","[-6.47619, -0.13426, 2.26479]",open,
101.55,1786783826.3673,sample,"[1.59684, -1.51245, 1.9071, -1.86714, 4.65657, -0.0]","[-6.47619, -0.13426, 2.26479]",open,
101.65,1786783826.4765,sample,"[1.59684, -1.51245, 1.9071, -1.86714, 4.65657, -0.0]","[-6.47619, -0.13426, 2.26479]",open,
101.75,1786783826.5966,sample,"[1.59684, -1.51245, 1.90711, -1.86714, 4.65657, -0.0]","[-6.47619, -0.13426, 2.26479]",open,
101.85,1786783826.7211,sample,"[1.59684, -1.51245, 1.90711, -1.86714, 4.65658, -0.0]","[-6.47619, -0.13426, 2.26479]",open,
101.95,1786783826.8396,sample,"[1.59684, -1.51245, 1.90711, -1.86714, 4.65658, -0.0]","[-6.47619, -0.13426, 2.26479]",open,
102.05,1786783826.9557,sample,"[1.59684, -1.51245, 1.90711, -1.86714, 4.65658, -0.0]","[-6.47619, -0.13426, 2.26478]",open,
102.15,1786783827.0753,sample,"[1.59684, -1.51245, 1.90711, -1.86714, 4.65658, -0.0]","[-6.47619, -0.13427, 2.26478]",open,
102.25,1786783827.195,sample,"[1.59684, -1.51245, 1.90711, -1.86714, 4.65658, -0.0]","[-6.47619, -0.13427, 2.26478]",open,
102.35,1786783827.2981,sample,"[1.59684, -1.51245, 1.90712, -1.86714, 4.65658, -0.0]","[-6.47619, -0.13427, 2.26478]",open,
102.45,1786783827.404,sample,"[1.59684, -1.51245, 1.90712, -1.86714, 4.65658, -0.0]","[-6.47619, -0.13427, 2.26478]",open,
102.55,1786783827.5096,sample,"[1.59684, -1.51245, 1.90712, -1.86714, 4.65658, -0.0]","[-6.47619, -0.13427, 2.26478]",open,
102.65,1786783827.616,sample,"[1.59684, -1.51245, 1.90712, -1.86714, 4.65658, -0.0]","[-6.47619, -0.13427, 2.26478]",open,
102.75,1786783827.7267,sample,"[1.59684, -1.51245, 1.90929, -1.86714, 4.65658, -0.0]","[-6.47617, -0.13497, 2.2634]",open,
102.85,1786783827.8401,sample,"[1.59685, -1.51903, 1.9268, -1.86714, 4.65658, -0.0]","[-6.47599, -0.14257, 2.25671]",open,
102.95,1786783827.9452,sample,"[1.59686, -1.54008, 1.9522, -1.86714, 4.65658, -0.0]","[-6.47562, -0.15689, 2.25451]",open,
103.05,1786783828.0515,sample,"[1.59686, -1.56679, 1.98051, -1.86714, 4.65659, -0.0]","[-6.47518, -0.17376, 2.25379]",open,
103.15,1786783828.1586,sample,"[1.59686, -1.59558, 2.00988, -1.86714, 4.65659, -0.0]","[-6.47472, -0.19157, 2.25324]",open,
103.25,1786783828.2652,sample,"[1.59687, -1.62514, 2.03965, -1.86714, 4.65659, -0.0]","[-6.47425, -0.20971, 2.25239]",open,
103.35,1786783828.3761,sample,"[1.59687, -1.65498, 2.06957, -1.86714, 4.65659, -0.0]","[-6.47377, -0.22795, 2.25108]",open,
103.45,1786783828.4899,sample,"[1.59687, -1.67236, 2.09736, -1.86714, 4.65659, -0.0]","[-6.4734, -0.24206, 2.24358]",open,
103.55,1786783828.6014,sample,"[1.59686, -1.67876, 2.11398, -1.86714, 4.65659, -0.0]","[-6.47321, -0.24948, 2.2368]",open,
103.65,1786783828.7221,sample,"[1.59686, -1.68111, 2.13582, -1.86714, 4.65659, -0.0]","[-6.47299, -0.25782, 2.22461]",open,
103.75,1786783828.8336,sample,"[1.59686, -1.68198, 2.14612, -1.86714, 4.65659, -0.0]","[-6.47289, -0.26177, 2.21878]",open,
103.85,1786783828.9421,sample,"[1.59686, -1.69171, 2.15405, -1.86714, 4.6566, -0.0]","[-6.47275, -0.26703, 2.21919]",open,
103.95,1786783829.0467,sample,"[1.59686, -1.71425, 2.17487, -1.86714, 4.6566, -0.0]","[-6.47241, -0.28007, 2.21843]",open,
104.05,1786783829.1572,sample,"[1.59687, -1.73493, 2.19491, -1.86714, 4.6566, -0.0]","[-6.47209, -0.29234, 2.21687]",open,
104.15,1786783829.2613,sample,"[1.59688, -1.74287, 2.20262, -1.86714, 4.6566, -0.0]","[-6.47197, -0.29705, 2.2162]",open,
104.25,1786783829.3662,sample,"[1.59689, -1.7458, 2.20546, -1.86714, 4.6566, -0.0]","[-6.47193, -0.29878, 2.21595]",open,
104.35,1786783829.4762,sample,"[1.59689, -1.74687, 2.2065, -1.86714, 4.6566, -0.0]","[-6.47192, -0.29942, 2.21585]",open,
104.45,1786783829.5937,sample,"[1.5969, -1.74727, 2.20689, -1.86714, 4.6566, -0.0]","[-6.47192, -0.29966, 2.21582]",open,
104.55,1786783829.7049,sample,"[1.5969, -1.74741, 2.20703, -1.86714, 4.6566, -0.0]","[-6.47192, -0.29974, 2.21581]",open,
104.65,1786783829.812,sample,"[1.59691, -1.74746, 2.20703, -1.86714, 4.6566, -0.0]","[-6.47192, -0.29975, 2.21582]",open,
104.75,1786783829.9191,sample,"[1.59691, -1.74747, 2.20704, -1.86714, 4.6566, -0.0]","[-6.47192, -0.29976, 2.21582]",open,
104.85,1786783830.0247,sample,"[1.59692, -1.74747, 2.20704, -1.86714, 4.6566, -0.0]","[-6.47192, -0.29976, 2.21583]",open,
104.95,1786783830.1354,sample,"[1.59692, -1.74748, 2.20705, -1.87374, 4.6566, -0.0]","[-6.47194, -0.29905, 2.21648]",open,
105.05,1786783830.2441,sample,"[1.59692, -1.74748, 2.20706, -1.8948, 4.6566, -0.0]","[-6.47201, -0.29678, 2.2186]",open,
105.15,1786783830.3542,sample,"[1.59693, -1.74748, 2.20707, -1.92151, 4.6566, -0.0]","[-6.47208, -0.29397, 2.22136]",open,
105.25,1786783830.4612,sample,"[1.59693, -1.74748, 2.20708, -1.9503, 4.6566, -0.0]","[-6.47216, -0.29102, 2.22443]",open,
105.35,1786783830.5715,sample,"[1.59693, -1.74749, 2.20709, -1.97985, 4.6566, -0.0]","[-6.47223, -0.28809, 2.22765]",open,
105.45,1786783830.6917,sample,"[1.59693, -1.74749, 2.2071, -2.00969, 4.6566, -0.0]","[-6.47231, -0.28522, 2.231]",open,
105.55,1786783830.8126,sample,"[1.59693, -1.74749, 2.20711, -2.03963, 4.6566, -0.0]","[-6.47238, -0.28245, 2.23444]",open,
105.65,1786783830.9323,sample,"[1.59693, -1.74749, 2.20712, -2.06961, 4.6566, -0.0]","[-6.47245, -0.27978, 2.23797]",open,
105.75,1786783831.0557,sample,"[1.59693, -1.74748, 2.20713, -2.0996, 4.6566, -0.0]","[-6.47252, -0.27721, 2.24158]",open,
105.85,1786783831.1766,sample,"[1.59693, -1.74748, 2.20714, -2.1296, 4.6566, -0.0]","[-6.47258, -0.27476, 2.24527]",open,
105.95,1786783831.3007,sample,"[1.59693, -1.74748, 2.20714, -2.1596, 4.6566, -0.0]","[-6.47264, -0.27241, 2.24903]",open,
106.05,1786783831.4166,sample,"[1.59692, -1.74826, 2.21652, -2.18019, 4.6566, -0.0]","[-6.47259, -0.27417, 2.24606]",open,
106.15,1786783831.5251,sample,"[1.5969, -1.7635, 2.23894, -2.18777, 4.6566, -0.0]","[-6.47229, -0.28517, 2.24074]",open,
106.25,1786783831.6382,sample,"[1.59688, -1.78807, 2.26615, -2.19056, 4.65661, -0.0]","[-6.47188, -0.30057, 2.23636]",open,
106.35,1786783831.7428,sample,"[1.59687, -1.81608, 2.29512, -2.19158, 4.65661, 0.0]","[-6.47144, -0.31749, 2.23194]",open,
106.45,1786783831.8495,sample,"[1.59687, -1.84535, 2.32475, -2.19196, 4.65661, 0.0]","[-6.47099, -0.33489, 2.22716]",open,
106.55,1786783831.9605,sample,"[1.59687, -1.87508, 2.35461, -2.19211, 4.65662, 0.0]","[-6.47053, -0.35236, 2.22191]",open,
106.65,1786783832.0723,sample,"[1.59689, -1.9028, 2.38238, -2.19211, 4.65662, 0.0]","[-6.47012, -0.36848, 2.21657]",open,
106.75,1786783832.1823,sample,"[1.59692, -1.91526, 2.39486, -2.19211, 4.65662, 0.0]","[-6.46994, -0.37569, 2.21403]",open,
106.85,1786783832.2899,sample,"[1.59693, -1.91985, 2.39945, -2.1921, 4.65662, 0.0]","[-6.46988, -0.37833, 2.21307]",open,
106.95,1786783832.3974,sample,"[1.59693, -1.92154, 2.40114, -2.1921, 4.65662, 0.0]","[-6.46985, -0.3793, 2.21271]",open,
107.05,1786783832.5106,sample,"[1.59691, -1.91559, 2.40175, -2.1921, 4.65662, 0.0]","[-6.46988, -0.37811, 2.20979]",open,
107.15,1786783832.6166,sample,"[1.5969, -1.89477, 2.40198, -2.1921, 4.65661, 0.0]","[-6.46999, -0.37344, 2.20073]",open,
107.25,1786783832.7249,sample,"[1.5969, -1.86814, 2.40205, -2.1921, 4.65661, 0.0]","[-6.47014, -0.36766, 2.18913]",open,
107.35,1786783832.8273,sample,"[1.5969, -1.83939, 2.40204, -2.1921, 4.65661, -0.0]","[-6.4703, -0.36173, 2.17649]",open,
107.45,1786783832.9353,sample,"[1.59691, -1.81642, 2.40205, -2.1921, 4.65661, -0.0]","[-6.47042, -0.35727, 2.16627]",open,
107.55,1786783833.0472,sample,"[1.59692, -1.8084, 2.40206, -2.19209, 4.65661, -0.0]","[-6.47046, -0.35577, 2.16268]",open,
107.65,1786783833.1608,sample,"[1.59277, -1.81626, 2.40207, -2.19209, 4.65661, -0.0]","[-6.46858, -0.35654, 2.16619]",open,
107.75,1786783833.2671,sample,"[1.57334, -1.82021, 2.40207, -2.19209, 4.65661, -0.0]","[-6.45993, -0.35411, 2.16796]",open,
107.85,1786783833.3771,sample,"[1.54723, -1.82167, 2.40208, -2.19209, 4.65661, -0.0]","[-6.44825, -0.35036, 2.1686]",open,
107.95,1786783833.4847,sample,"[1.51866, -1.8222, 2.40208, -2.19209, 4.65662, -0.0]","[-6.43535, -0.34642, 2.16884]",open,
108.05,1786783833.5918,sample,"[1.48918, -1.8224, 2.40208, -2.19209, 4.65662, -0.0]","[-6.42193, -0.34266, 2.16892]",open,
108.15,1786783833.709,sample,"[1.45938, -1.82247, 2.40209, -2.19209, 4.65662, 0.0]","[-6.40824, -0.33925, 2.16895]",open,
108.25,1786783833.814,sample,"[1.43885, -1.82249, 2.40209, -2.19209, 4.65662, 0.0]","[-6.39876, -0.33713, 2.16896]",open,
108.35,1786783833.9241,sample,"[1.4313, -1.82253, 2.4115, -2.19209, 4.65662, -0.0]","[-6.39579, -0.34016, 2.16337]",open,
108.45,1786783834.0362,sample,"[1.42851, -1.8247, 2.43393, -2.19209, 4.65662, -0.0]","[-6.39588, -0.34944, 2.15107]",open,
108.55,1786783834.1464,sample,"[1.42749, -1.84221, 2.46115, -2.19209, 4.65663, -0.0]","[-6.39748, -0.36363, 2.14262]",open,
108.65,1786783834.2549,sample,"[1.42713, -1.86543, 2.48795, -2.19209, 4.65663, -0.0]","[-6.39949, -0.3786, 2.13657]",open,
108.75,1786783834.363,sample,"[1.42701, -1.87624, 2.50007, -2.19209, 4.65663, -0.0]","[-6.40043, -0.38539, 2.13385]",open,
108.85,1786783834.4773,sample,"[1.42695, -1.88021, 2.50452, -2.19209, 4.65663, -0.0]","[-6.40077, -0.38789, 2.13284]",open,
108.95,1786783834.5865,sample,"[1.42693, -1.88168, 2.50616, -2.19209, 4.65663, -0.0]","[-6.40089, -0.3888, 2.13246]",open,
109.05,1786783834.6976,sample,"[1.42693, -1.88222, 2.50676, -2.19209, 4.65663, -0.0]","[-6.40094, -0.38914, 2.13233]",open,
109.15,1786783834.8256,sample,"[1.42693, -1.88241, 2.50698, -2.19209, 4.65663, -0.0]","[-6.40096, -0.38926, 2.13228]",open,
109.25,1786783834.9366,sample,"[1.42693, -1.88248, 2.50704, -2.19209, 4.65663, -0.0]","[-6.40096, -0.3893, 2.13227]",open,
109.35,1786783835.0511,sample,"[1.42692, -1.88033, 2.50704, -2.19209, 4.65663, -0.0]","[-6.40091, -0.38897, 2.13143]",open,
109.45,1786783835.159,sample,"[1.4269, -1.86284, 2.50704, -2.19209, 4.65663, -0.0]","[-6.40053, -0.38635, 2.12454]",open,
109.55,1786783835.2705,sample,"[1.4269, -1.83744, 2.50704, -2.19209, 4.65663, -0.0]","[-6.4, -0.38276, 2.11446]",open,
109.65,1786783835.3783,sample,"[1.4269, -1.80913, 2.50705, -2.19209, 4.65663, -0.0]","[-6.39947, -0.37907, 2.10312]",open,
109.75,1786783835.4829,sample,"[1.42692, -1.79232, 2.50705, -2.19209, 4.65663, -0.0]","[-6.39918, -0.37702, 2.09634]",open,
109.85,1786783835.592,sample,"[1.42692, -1.79027, 2.50705, -2.19209, 4.65663, -0.0]","[-6.39915, -0.37679, 2.09551]",open,
109.95,1786783835.704,sample,"[1.42691, -1.80742, 2.50707, -2.19209, 4.65663, -0.0]","[-6.39944, -0.37887, 2.10243]",open,
110.05,1786783835.8145,sample,"[1.4269, -1.83269, 2.50708, -2.19209, 4.65663, -0.0]","[-6.39991, -0.38214, 2.11255]",open,
110.15,1786783835.9219,sample,"[1.4269, -1.86095, 2.5071, -2.19209, 4.65664, -0.0]","[-6.40049, -0.3861, 2.12377]",open,
110.25,1786783836.0235,sample,"[1.42691, -1.89032, 2.50711, -2.19209, 4.65664, -0.0]","[-6.40113, -0.39054, 2.1353]",open,
110.35,1786783836.1386,sample,"[1.42692, -1.92008, 2.50713, -2.19209, 4.65664, -0.0]","[-6.40184, -0.39539, 2.14684]",open,
110.45,1786783836.2609,sample,"[1.42693, -1.95, 2.50715, -2.1921, 4.65664, -0.0]","[-6.4026, -0.4006, 2.1583]",open,
110.55,1786783836.3754,sample,"[1.42695, -1.97997, 2.50716, -2.19209, 4.65664, -0.0]","[-6.40342, -0.40616, 2.16961]",open,
110.65,1786783836.4921,sample,"[1.42695, -2.00996, 2.50718, -2.19209, 4.65664, -0.0]","[-6.40427, -0.41205, 2.18076]",open,
110.75,1786783836.6102,sample,"[1.42695, -2.03996, 2.50718, -2.19209, 4.65664, 0.0]","[-6.40517, -0.41827, 2.19173]",open,
110.85,1786783836.7274,sample,"[1.42695, -2.06996, 2.50718, -2.19209, 4.65664, 0.0]","[-6.40612, -0.42481, 2.20252]",open,
110.95,1786783836.8587,sample,"[1.42695, -2.09996, 2.50718, -2.19209, 4.65664, 0.0]","[-6.40711, -0.43167, 2.2131]",open,
111.05,1786783836.9765,sample,"[1.42695, -2.12996, 2.50718, -2.19209, 4.65664, 0.0]","[-6.40815, -0.43884, 2.22347]",open,
111.15,1786783837.0837,sample,"[1.42694, -2.15339, 2.50718, -2.19209, 4.65664, 0.0]","[-6.40898, -0.44465, 2.23141]",open,
111.25,1786783837.1922,sample,"[1.42693, -2.16235, 2.50719, -2.19209, 4.65664, 0.0]","[-6.40931, -0.44692, 2.2344]",open,
111.35,1786783837.3002,sample,"[1.42692, -2.16564, 2.50719, -2.19209, 4.65663, 0.0]","[-6.40943, -0.44776, 2.2355]",open,
111.45,1786783837.4083,sample,"[1.42692, -2.16685, 2.5072, -2.19209, 4.65663, 0.0]","[-6.40948, -0.44807, 2.2359]",open,
111.55,1786783837.5173,sample,"[1.42692, -2.16731, 2.5072, -2.19209, 4.65663, 0.0]","[-6.40949, -0.44819, 2.23605]",open,
111.65,1786783837.6314,sample,"[1.42693, -2.16331, 2.50642, -2.19209, 4.65662, 0.0]","[-6.40932, -0.44698, 2.23524]",open,
111.75,1786783837.7359,sample,"[1.42694, -2.14395, 2.49115, -2.19209, 4.65662, 0.0]","[-6.40805, -0.4382, 2.239]",open,
111.85,1786783837.842,sample,"[1.42696, -2.11786, 2.46656, -2.19209, 4.65661, 0.0]","[-6.40617, -0.42519, 2.24647]",open,
111.95,1786783837.9562,sample,"[1.42696, -2.0893, 2.43855, -2.19209, 4.65661, 0.0]","[-6.40403, -0.41043, 2.25498]",open,
112.05,1786783838.0626,sample,"[1.42696, -2.05982, 2.40928, -2.19209, 4.6566, 0.0]","[-6.40178, -0.39485, 2.26355]",open,
112.15,1786783838.1772,sample,"[1.42696, -2.03001, 2.37955, -2.19209, 4.6566, 0.0]","[-6.39945, -0.3788, 2.27182]",open,
112.25,1786783838.2945,sample,"[1.42695, -2.00008, 2.34965, -2.19209, 4.65659, 0.0]","[-6.39708, -0.36244, 2.27967]",open,
112.35,1786783838.399,sample,"[1.42692, -1.97668, 2.33225, -2.19209, 4.65659, 0.0]","[-6.39541, -0.351, 2.28145]",open,
112.45,1786783838.5035,sample,"[1.42692, -1.96773, 2.32584, -2.19209, 4.65658, 0.0]","[-6.39478, -0.34666, 2.28188]",open,
112.55,1786783838.6101,sample,"[1.42692, -1.96444, 2.32349, -2.19209, 4.65658, 0.0]","[-6.39455, -0.34506, 2.28202]",open,
112.65,1786783838.7185,sample,"[1.42693, -1.96323, 2.32262, -2.19209, 4.65658, 0.0]","[-6.39446, -0.34447, 2.28207]",open,
112.75,1786783838.826,sample,"[1.42693, -1.96278, 2.32231, -2.19209, 4.65658, 0.0]","[-6.39443, -0.34426, 2.28209]",open,
112.85,1786783838.9395,sample,"[1.42474, -1.96262, 2.32219, -2.19209, 4.65657, 0.0]","[-6.39343, -0.34398, 2.2821]",open,
112.95,1786783839.0564,sample,"[1.40724, -1.96255, 2.32219, -2.19209, 4.65657, 0.0]","[-6.38542, -0.34239, 2.28207]",open,
113.05,1786783839.1665,sample,"[1.38183, -1.96254, 2.32219, -2.19209, 4.65657, 0.0]","[-6.37377, -0.34036, 2.28206]",open,
113.15,1786783839.2807,sample,"[1.3601, -1.96254, 2.32218, -2.19209, 4.65657, 0.0]","[-6.36377, -0.33887, 2.28207]",open,
113.25,1786783839.3876,sample,"[1.35177, -1.96254, 2.32218, -2.19209, 4.65657, 0.0]","[-6.35992, -0.33835, 2.28207]",open,
113.35,1786783839.4986,sample,"[1.34456, -1.96254, 2.32218, -2.19209, 4.65657, 0.0]","[-6.35659, -0.33793, 2.28207]",open,
113.45,1786783839.6045,sample,"[1.32401, -1.96254, 2.32218, -2.19209, 4.65657, 0.0]","[-6.34708, -0.33687, 2.28207]",open,
113.55,1786783839.7171,sample,"[1.30406, -1.96254, 2.32218, -2.19209, 4.65657, 0.0]","[-6.33784, -0.33602, 2.28207]",open,
113.65,1786783839.8386,sample,"[1.29639, -1.96254, 2.32218, -2.19209, 4.65656, 0.0]","[-6.33428, -0.33574, 2.28207]",open,
113.75,1786783839.9586,sample,"[1.28942, -1.96254, 2.32218, -2.19209, 4.65656, 0.0]","[-6.33104, -0.33551, 2.28207]",open,
113.85,1786783840.0799,sample,"[1.26896, -1.96254, 2.32217, -2.19209, 4.65656, 0.0]","[-6.32153, -0.33498, 2.28207]",open,
113.95,1786783840.1899,sample,"[1.25503, -1.96254, 2.32217, -2.19209, 4.65656, 0.0]","[-6.31505, -0.33472, 2.28207]",open,
114.05,1786783840.2997,sample,"[1.2405, -1.96254, 2.32217, -2.19209, 4.65656, 0.0]","[-6.30829, -0.33455, 2.28207]",open,
114.15,1786783840.4075,sample,"[1.2162, -1.96254, 2.32217, -2.19209, 4.65656, 0.0]","[-6.29697, -0.33449, 2.28208]",open,
114.25,1786783840.5219,sample,"[1.20085, -1.96254, 2.32217, -2.19209, 4.65656, 0.0]","[-6.28983, -0.33459, 2.28208]",open,
114.35,1786783840.6341,sample,"[1.18265, -1.96254, 2.32217, -2.19209, 4.65656, 0.0]","[-6.28136, -0.33485, 2.28208]",open,
114.45,1786783840.7551,sample,"[1.16356, -1.96254, 2.32217, -2.19209, 4.65655, 0.0]","[-6.27249, -0.33529, 2.28208]",open,
114.55,1786783840.8651,sample,"[1.1562, -1.96254, 2.32216, -2.19209, 4.65655, 0.0]","[-6.26907, -0.3355, 2.28208]",open,
114.65,1786783840.9771,sample,"[1.15349, -1.96668, 2.33154, -2.19209, 4.65655, 0.0]","[-6.26931, -0.33898, 2.2776]",open,
114.75,1786783841.0874,sample,"[1.15249, -1.9861, 2.35395, -2.19209, 4.65655, 0.0]","[-6.27361, -0.34972, 2.2709]",open,
114.85,1786783841.1975,sample,"[1.15213, -2.01221, 2.38116, -2.19209, 4.65655, 0.0]","[-6.27948, -0.36327, 2.26353]",open,
114.95,1786783841.3122,sample,"[1.15202, -2.03663, 2.40073, -2.19209, 4.65655, 0.0]","[-6.28437, -0.37437, 2.26023]",open,
115.05,1786783841.4204,sample,"[1.15199, -2.04668, 2.40793, -2.19209, 4.65655, 0.0]","[-6.28628, -0.3787, 2.25935]",open,
115.15,1786783841.5281,sample,"[1.15195, -2.05038, 2.41058, -2.19209, 4.65654, 0.0]","[-6.28697, -0.38029, 2.25902]",open,
115.25,1786783841.6361,sample,"[1.15193, -2.05175, 2.41155, -2.19209, 4.65654, 0.0]","[-6.28722, -0.38087, 2.25889]",open,
115.35,1786783841.7471,sample,"[1.15193, -2.05224, 2.4119, -2.19209, 4.65654, 0.0]","[-6.28731, -0.38108, 2.25885]",open,
115.45,1786783841.8603,sample,"[1.15192, -2.05024, 2.41203, -2.19209, 4.65653, 0.0]","[-6.28709, -0.3806, 2.25799]",open,
115.55,1786783841.9693,sample,"[1.15192, -2.03281, 2.41204, -2.19209, 4.65653, 0.0]","[-6.28513, -0.37618, 2.25117]",open,
115.65,1786783842.0829,sample,"[1.15191, -2.0082, 2.41205, -2.19209, 4.65653, 0.0]","[-6.28242, -0.37012, 2.2414]",open,
115.75,1786783842.1974,sample,"[1.15192, -1.99513, 2.41206, -2.19209, 4.65653, 0.0]","[-6.28104, -0.367, 2.23615]",open,
115.85,1786783842.31,sample,"[1.15192, -1.98815, 2.41206, -2.19209, 4.65653, 0.0]","[-6.2803, -0.36535, 2.23333]",open,
115.95,1786783842.4196,sample,"[1.15191, -1.96887, 2.41205, -2.19209, 4.65653, 0.0]","[-6.27832, -0.3609, 2.22548]",open,
116.05,1786783842.5295,sample,"[1.1519, -1.94282, 2.41205, -2.19209, 4.65652, -0.0]","[-6.27574, -0.35511, 2.21472]",open,
116.15,1786783842.6406,sample,"[1.1519, -1.91427, 2.41204, -2.19209, 4.65652, 0.0]","[-6.27304, -0.34906, 2.20274]",open,
116.25,1786783842.7566,sample,"[1.15191, -1.8942, 2.41205, -2.19209, 4.65652, 0.0]","[-6.27124, -0.345, 2.1942]",open,
116.35,1786783842.8753,sample,"[1.15192, -1.88682, 2.41206, -2.19209, 4.65652, -0.0]","[-6.2706, -0.34355, 2.19103]",open,
116.45,1786783842.9884,sample,"[1.15193, -1.8841, 2.41207, -2.19209, 4.65652, -0.0]","[-6.27036, -0.34302, 2.18986]",open,
116.55,1786783843.1156,sample,"[1.15193, -1.88311, 2.41207, -2.19209, 4.65652, -0.0]","[-6.27028, -0.34283, 2.18943]",open,
116.65,1786783843.2406,sample,"[1.15193, -1.88274, 2.41208, -2.19209, 4.65652, -0.0]","[-6.27025, -0.34276, 2.18927]",open,
116.75,1786783843.3586,sample,"[1.15191, -1.87396, 2.41207, -2.19209, 4.65652, 0.0]","[-6.26949, -0.34107, 2.1855]",open,
116.85,1786783843.4695,sample,"[1.15192, -1.86673, 2.41207, -2.19209, 4.65652, 0.0]","[-6.26888, -0.3397, 2.18237]",open,
116.95,1786783843.5846,sample,"[1.15193, -1.86407, 2.41208, -2.19209, 4.65652, -0.0]","[-6.26867, -0.33921, 2.18121]",open,
117.05,1786783843.6961,sample,"[1.15192, -1.86091, 2.41207, -2.19209, 4.65652, 0.0]","[-6.2684, -0.33862, 2.17984]",open,
117.15,1786783843.8104,sample,"[1.1519, -1.84305, 2.41206, -2.19209, 4.65652, -0.0]","[-6.26694, -0.33536, 2.17206]",open,
117.25,1786783843.9215,sample,"[1.15192, -1.83007, 2.41206, -2.19209, 4.65652, -0.0]","[-6.26594, -0.33308, 2.16636]",open,
117.35,1786783844.0336,sample,"[1.15192, -1.8253, 2.41207, -2.19209, 4.65652, -0.0]","[-6.26557, -0.33226, 2.16425]",open,
117.45,1786783844.1448,sample,"[1.15193, -1.82354, 2.41207, -2.19209, 4.65652, -0.0]","[-6.26544, -0.33196, 2.16348]",open,
117.55,1786783844.2574,sample,"[1.15193, -1.82289, 2.41207, -2.19209, 4.65652, -0.0]","[-6.26539, -0.33185, 2.16319]",open,
117.65,1786783844.3654,sample,"[1.15193, -1.82266, 2.41207, -2.19209, 4.65652, -0.0]","[-6.26537, -0.33181, 2.16308]",open,
117.75,1786783844.4724,sample,"[1.15193, -1.82257, 2.41207, -2.19209, 4.65652, -0.0]","[-6.26537, -0.3318, 2.16305]",open,
117.85,1786783844.5783,sample,"[1.15193, -1.82254, 2.41207, -2.19209, 4.65652, -0.0]","[-6.26536, -0.33179, 2.16303]",open,
117.95,1786783844.6898,sample,"[1.15193, -1.82254, 2.41207, -2.19209, 4.65652, -0.0]","[-6.26536, -0.33179, 2.16303]",open,
118.05,1786783844.8001,sample,"[1.15193, -1.82254, 2.41207, -2.19209, 4.65652, -0.0]","[-6.26536, -0.33179, 2.16303]",open,
118.15,1786783844.9096,sample,"[1.15193, -1.82254, 2.41207, -2.19209, 4.65652, -0.0]","[-6.26536, -0.33179, 2.16303]",open,
118.25,1786783845.0337,sample,"[1.15193, -1.82254, 2.41207, -2.1921, 4.65652, -0.0]","[-6.26536, -0.33179, 2.16303]",closed,pkg_002
118.35,1786783845.1866,sample,"[1.15193, -1.82254, 2.41209, -2.1921, 4.65651, -0.0]","[-6.26537, -0.3318, 2.16302]",closed,pkg_002
118.45,1786783845.3058,sample,"[1.15193, -1.82254, 2.4121, -2.1921, 4.65651, -0.0]","[-6.26537, -0.3318, 2.16302]",closed,pkg_002
118.55,1786783845.4184,sample,"[1.15193, -1.82254, 2.41211, -2.1921, 4.65651, -0.0]","[-6.26537, -0.33181, 2.16301]",closed,pkg_002
118.65,1786783845.5325,sample,"[1.15192, -1.83192, 2.41214, -2.1921, 4.65651, -0.0]","[-6.26609, -0.33343, 2.16713]",closed,pkg_002
118.75,1786783845.6435,sample,"[1.15192, -1.85434, 2.41217, -2.1921, 4.65651, -0.0]","[-6.26788, -0.33744, 2.17692]",closed,pkg_002
118.85,1786783845.7534,sample,"[1.15192, -1.88154, 2.41218, -2.1921, 4.65651, -0.0]","[-6.27016, -0.34256, 2.1887]",closed,pkg_002
118.95,1786783845.8767,sample,"[1.15193, -1.91052, 2.41218, -2.1921, 4.65651, -0.0]","[-6.27273, -0.34833, 2.20106]",closed,pkg_002
119.05,1786783846.0006,sample,"[1.15194, -1.936, 2.41216, -2.1921, 4.65651, -0.0]","[-6.27511, -0.35367, 2.2118]",closed,pkg_002
119.15,1786783846.1147,sample,"[1.15193, -1.94644, 2.41216, -2.1921, 4.65651, -0.0]","[-6.27611, -0.35594, 2.21615]",closed,pkg_002
119.25,1786783846.2296,sample,"[1.15193, -1.95443, 2.41218, -2.19209, 4.6565, -0.0]","[-6.2769, -0.3577, 2.21944]",closed,pkg_002
119.35,1786783846.3388,sample,"[1.15194, -1.97526, 2.41218, -2.1921, 4.6565, -0.0]","[-6.279, -0.3624, 2.22801]",closed,pkg_002
119.45,1786783846.4505,sample,"[1.15193, -1.99249, 2.41217, -2.1921, 4.6565, -0.0]","[-6.28078, -0.3664, 2.23501]",closed,pkg_002
119.55,1786783846.5605,sample,"[1.15193, -1.99883, 2.41218, -2.1921, 4.6565, -0.0]","[-6.28144, -0.36791, 2.23756]",closed,pkg_002
119.65,1786783846.6751,sample,"[1.14253, -2.00116, 2.41218, -2.19209, 4.6565, -0.0]","[-6.27764, -0.36866, 2.2385]",closed,pkg_002
119.75,1786783846.785,sample,"[1.1201, -2.00202, 2.41218, -2.19209, 4.6565, 0.0]","[-6.26807, -0.36947, 2.23884]",closed,pkg_002
119.85,1786783846.8935,sample,"[1.0929, -2.00233, 2.41219, -2.19212, 4.6565, -0.0]","[-6.25641, -0.37057, 2.23896]",closed,pkg_002
119.95,1786783847.0051,sample,"[1.06392, -2.00245, 2.41219, -2.19211, 4.65651, -0.0]","[-6.244, -0.37204, 2.23901]",closed,pkg_002
120.05,1786783847.1156,sample,"[1.03648, -2.00249, 2.41219, -2.19211, 4.65651, -0.0]","[-6.23228, -0.37375, 2.23903]",closed,pkg_002
120.15,1786783847.2261,sample,"[1.02412, -2.00249, 2.4122, -2.19211, 4.6565, -0.0]","[-6.22702, -0.37462, 2.23902]",closed,pkg_002
120.25,1786783847.3441,sample,"[1.01958, -2.00249, 2.41219, -2.19211, 4.6565, -0.0]","[-6.22509, -0.37496, 2.23902]",closed,pkg_002
120.35,1786783847.4535,sample,"[1.0179, -2.00249, 2.41219, -2.19211, 4.65649, -0.0]","[-6.22438, -0.37508, 2.23903]",closed,pkg_002
120.45,1786783847.5681,sample,"[1.01805, -2.0025, 2.41219, -2.19211, 4.65649, -0.0]","[-6.22444, -0.37507, 2.23903]",closed,pkg_002
120.55,1786783847.681,sample,"[1.03306, -2.0025, 2.41219, -2.19211, 4.65649, 0.0]","[-6.23083, -0.37398, 2.23903]",closed,pkg_002
120.65,1786783847.7916,sample,"[1.05755, -2.00249, 2.41219, -2.1921, 4.65648, 0.0]","[-6.24128, -0.37242, 2.23903]",closed,pkg_002
120.75,1786783847.9101,sample,"[1.08552, -2.0025, 2.4122, -2.1921, 4.65647, 0.0]","[-6.25326, -0.37095, 2.23902]",closed,pkg_002
120.85,1786783848.0336,sample,"[1.11477, -2.00249, 2.4122, -2.1921, 4.65647, 0.0]","[-6.26583, -0.36976, 2.23902]",closed,pkg_002
120.95,1786783848.1622,sample,"[1.1445, -2.00249, 2.4122, -2.1921, 4.65646, 0.0]","[-6.27863, -0.36894, 2.23902]",closed,pkg_002
121.05,1786783848.2987,sample,"[1.1744, -2.00249, 2.4122, -2.1921, 4.65646, 0.0]","[-6.29152, -0.36849, 2.23902]",closed,pkg_002
121.15,1786783848.4358,sample,"[1.20436, -2.00249, 2.4122, -2.1921, 4.65645, 0.0]","[-6.30446, -0.36843, 2.23902]",closed,pkg_002
121.25,1786783848.5717,sample,"[1.23434, -2.00249, 2.4122, -2.1921, 4.65645, 0.0]","[-6.31739, -0.36876, 2.23902]",closed,pkg_002
121.35,1786783848.7055,sample,"[1.26434, -2.00249, 2.4122, -2.19209, 4.65644, 0.0]","[-6.33032, -0.36948, 2.23902]",closed,pkg_002
121.45,1786783848.8306,sample,"[1.29434, -2.00249, 2.4122, -2.19209, 4.65643, 0.0]","[-6.34321, -0.37058, 2.23902]",closed,pkg_002
121.55,1786783848.9472,sample,"[1.32434, -2.00249, 2.41219, -2.19211, 4.65644, 0.0]","[-6.35608, -0.37206, 2.23903]",closed,pkg_002
121.65,1786783849.0706,sample,"[1.35434, -2.0025, 2.41219, -2.19211, 4.65645, 0.0]","[-6.36889, -0.37394, 2.23903]",closed,pkg_002
121.75,1786783849.1926,sample,"[1.38433, -2.0025, 2.41218, -2.19211, 4.65645, 0.0]","[-6.38163, -0.3762, 2.23903]",closed,pkg_002
121.85,1786783849.3051,sample,"[1.41433, -2.0025, 2.4122, -2.19211, 4.65644, 0.0]","[-6.39431, -0.37884, 2.23902]",closed,pkg_002
121.95,1786783849.4394,sample,"[1.44433, -2.0025, 2.4122, -2.19211, 4.65644, 0.0]","[-6.4069, -0.38186, 2.23902]",closed,pkg_002
122.05,1786783849.5584,sample,"[1.47433, -2.0025, 2.4122, -2.19211, 4.65644, 0.0]","[-6.41939, -0.38525, 2.23902]",closed,pkg_002
122.15,1786783849.6796,sample,"[1.50216, -2.00249, 2.41219, -2.19211, 4.65643, 0.0]","[-6.43089, -0.38873, 2.23903]",closed,pkg_002
122.25,1786783849.7966,sample,"[1.5188, -2.00249, 2.41219, -2.1921, 4.65643, 0.0]","[-6.43771, -0.39097, 2.23903]",closed,pkg_002
122.35,1786783849.9121,sample,"[1.54282, -2.0025, 2.41219, -2.1921, 4.65643, 0.0]","[-6.4475, -0.39439, 2.23903]",closed,pkg_002
122.45,1786783850.0346,sample,"[1.57062, -2.00249, 2.41219, -2.1921, 4.65642, 0.0]","[-6.45871, -0.39865, 2.23903]",closed,pkg_002
122.55,1786783850.1586,sample,"[1.59981, -2.00249, 2.41219, -2.1921, 4.65642, 0.0]","[-6.47036, -0.40345, 2.23903]",closed,pkg_002
122.65,1786783850.2757,sample,"[1.62951, -2.0025, 2.41219, -2.1921, 4.65641, 0.0]","[-6.48206, -0.40869, 2.23903]",closed,pkg_002
122.75,1786783850.4036,sample,"[1.6594, -2.00249, 2.41219, -2.1921, 4.6564, 0.0]","[-6.49367, -0.4143, 2.23903]",closed,pkg_002
122.85,1786783850.5235,sample,"[1.68522, -2.00249, 2.41219, -2.1921, 4.6564, 0.0]","[-6.50356, -0.41943, 2.23903]",closed,pkg_002
122.95,1786783850.6329,sample,"[1.69578, -2.00249, 2.41219, -2.19209, 4.65641, 0.0]","[-6.50757, -0.4216, 2.23903]",closed,pkg_002
123.05,1786783850.7438,sample,"[1.69967, -2.0025, 2.41219, -2.19209, 4.65641, 0.0]","[-6.50904, -0.42241, 2.23903]",closed,pkg_002
123.15,1786783850.8532,sample,"[1.7011, -2.00249, 2.41219, -2.19209, 4.65641, 0.0]","[-6.50958, -0.42271, 2.23903]",closed,pkg_002
123.25,1786783850.9627,sample,"[1.70239, -2.0025, 2.41219, -2.1921, 4.65641, 0.0]","[-6.51007, -0.42298, 2.23903]",closed,pkg_002
123.35,1786783851.08,sample,"[1.71782, -2.00249, 2.41219, -2.19209, 4.65641, 0.0]","[-6.51586, -0.42627, 2.23903]",closed,pkg_002
123.45,1786783851.1934,sample,"[1.7417, -2.00249, 2.41219, -2.19209, 4.6564, 0.0]","[-6.52472, -0.43153, 2.23903]",closed,pkg_002
123.55,1786783851.2991,sample,"[1.75449, -2.00249, 2.41219, -2.19209, 4.65641, 0.0]","[-6.52942, -0.43443, 2.23903]",closed,pkg_002
123.65,1786783851.411,sample,"[1.75919, -2.00249, 2.41219, -2.19209, 4.65641, 0.0]","[-6.53113, -0.43552, 2.23903]",closed,pkg_002
123.75,1786783851.5292,sample,"[1.76092, -2.00249, 2.41219, -2.19209, 4.65641, 0.0]","[-6.53176, -0.43592, 2.23903]",closed,pkg_002
123.85,1786783851.6448,sample,"[1.76156, -2.00249, 2.41219, -2.19209, 4.65641, 0.0]","[-6.532, -0.43606, 2.23903]",closed,pkg_002
123.95,1786783851.7556,sample,"[1.76178, -2.01508, 2.41218, -2.19209, 4.65642, 0.0]","[-6.53145, -0.43938, 2.24406]",closed,pkg_002
124.05,1786783851.8616,sample,"[1.76187, -2.03867, 2.41217, -2.19209, 4.65642, 0.0]","[-6.53026, -0.4457, 2.25338]",closed,pkg_002
124.15,1786783851.9693,sample,"[1.7619, -2.06631, 2.41217, -2.19209, 4.65642, 0.0]","[-6.52879, -0.45336, 2.2641]",closed,pkg_002
124.25,1786783852.0756,sample,"[1.76194, -2.09545, 2.41217, -2.1921, 4.65642, 0.0]","[-6.52718, -0.46174, 2.27516]",closed,pkg_002
124.35,1786783852.1853,sample,"[1.76195, -2.12513, 2.41217, -2.1921, 4.65642, 0.0]","[-6.52547, -0.4706, 2.28616]",closed,pkg_002
124.45,1786783852.3085,sample,"[1.76195, -2.15502, 2.41217, -2.1921, 4.65642, 0.0]","[-6.52369, -0.47984, 2.29697]",closed,pkg_002
124.55,1786783852.422,sample,"[1.76195, -2.18498, 2.41217, -2.1921, 4.65642, 0.0]","[-6.52183, -0.48941, 2.30752]",closed,pkg_002
124.65,1786783852.5465,sample,"[1.76195, -2.21497, 2.41217, -2.1921, 4.65642, 0.0]","[-6.51992, -0.49929, 2.31777]",closed,pkg_002
124.75,1786783852.6554,sample,"[1.76193, -2.2324, 2.41217, -2.1921, 4.65641, 0.0]","[-6.51878, -0.50518, 2.32359]",closed,pkg_002
124.85,1786783852.7629,sample,"[1.76192, -2.23882, 2.41218, -2.1921, 4.65641, 0.0]","[-6.51835, -0.50737, 2.32571]",closed,pkg_002
124.95,1786783852.8694,sample,"[1.76192, -2.24117, 2.40277, -2.1921, 4.6564, 0.0]","[-6.51842, -0.507, 2.33315]",closed,pkg_002
125.05,1786783852.974,sample,"[1.76192, -2.24204, 2.38034, -2.1921, 4.6564, 0.0]","[-6.51885, -0.50478, 2.34938]",closed,pkg_002
125.15,1786783853.0784,sample,"[1.76192, -2.24236, 2.35312, -2.1921, 4.65639, 0.0]","[-6.51932, -0.50231, 2.36891]",closed,pkg_002
125.25,1786783853.1808,sample,"[1.76192, -2.24248, 2.32414, -2.1921, 4.65639, 0.0]","[-6.51973, -0.50018, 2.3897]",closed,pkg_002
125.35,1786783853.2865,sample,"[1.76192, -2.24252, 2.29451, -2.1921, 4.65639, 0.0]","[-6.52005, -0.49858, 2.41097]",closed,pkg_002
125.45,1786783853.4011,sample,"[1.76192, -2.24252, 2.26465, -2.1921, 4.65638, 0.0]","[-6.52024, -0.49758, 2.43245]",closed,pkg_002
125.55,1786783853.5213,sample,"[1.76192, -2.24252, 2.2347, -2.1921, 4.65638, 0.0]","[-6.52031, -0.49721, 2.45401]",closed,pkg_002
125.65,1786783853.6641,sample,"[1.76192, -2.24252, 2.20471, -2.1921, 4.65637, 0.0]","[-6.52026, -0.49747, 2.4756]",closed,pkg_002
125.75,1786783853.7829,sample,"[1.76192, -2.24252, 2.17472, -2.1921, 4.65636, 0.0]","[-6.52008, -0.49837, 2.49718]",closed,pkg_002
125.85,1786783853.9044,sample,"[1.76192, -2.24252, 2.14472, -2.1921, 4.65636, 0.0]","[-6.51979, -0.4999, 2.51872]",closed,pkg_002
125.95,1786783854.0285,sample,"[1.76192, -2.24252, 2.11471, -2.1921, 4.65636, 0.0]","[-6.51937, -0.50207, 2.54021]",closed,pkg_002
126.05,1786783854.1446,sample,"[1.76192, -2.24252, 2.08471, -2.1921, 4.65637, 0.0]","[-6.51883, -0.50487, 2.56162]",closed,pkg_002
126.15,1786783854.2697,sample,"[1.76193, -2.24253, 2.05471, -2.1921, 4.65637, 0.0]","[-6.51817, -0.5083, 2.58294]",closed,pkg_002
126.25,1786783854.4062,sample,"[1.76193, -2.24253, 2.0247, -2.1921, 4.65637, 0.0]","[-6.51738, -0.51236, 2.60414]",closed,pkg_002
126.35,1786783854.532,sample,"[1.76193, -2.24253, 1.9947, -2.1921, 4.65637, 0.0]","[-6.51647, -0.51704, 2.62521]",closed,pkg_002
126.45,1786783854.6525,sample,"[1.76193, -2.24253, 1.9647, -2.1921, 4.65637, 0.0]","[-6.51545, -0.52233, 2.64613]",closed,pkg_002
126.55,1786783854.7741,sample,"[1.76193, -2.24253, 1.9347, -2.1921, 4.65637, 0.0]","[-6.51431, -0.52824, 2.66687]",closed,pkg_002
126.65,1786783854.8916,sample,"[1.76193, -2.24253, 1.90469, -2.1921, 4.65637, 0.0]","[-6.51305, -0.53476, 2.68743]",closed,pkg_002
126.75,1786783855.0061,sample,"[1.7627, -2.24253, 1.87469, -2.1921, 4.65637, 0.0]","[-6.51187, -0.54205, 2.70777]",closed,pkg_002
126.85,1786783855.1132,sample,"[1.77794, -2.24252, 1.85408, -2.1921, 4.65637, 0.0]","[-6.51468, -0.55052, 2.72162]",closed,pkg_002
126.95,1786783855.2176,sample,"[1.80252, -2.24251, 1.84651, -2.1921, 4.65637, 0.0]","[-6.52028, -0.55784, 2.72668]",closed,pkg_002
127.05,1786783855.3196,sample,"[1.83052, -2.24251, 1.84372, -2.1921, 4.65637, 0.0]","[-6.52678, -0.56483, 2.72854]",closed,pkg_002
127.15,1786783855.4286,sample,"[1.85978, -2.24251, 1.84269, -2.1921, 4.65637, 0.0]","[-6.53348, -0.57184, 2.72922]",closed,pkg_002
127.25,1786783855.5381,sample,"[1.88951, -2.24251, 1.84232, -2.1921, 4.65637, 0.0]","[-6.54013, -0.57898, 2.72947]",closed,pkg_002
127.35,1786783855.6546,sample,"[1.91941, -2.24251, 1.84218, -2.1921, 4.65637, 0.0]","[-6.54662, -0.58629, 2.72956]",closed,pkg_002
127.45,1786783855.7666,sample,"[1.94938, -2.24251, 1.84213, -2.1921, 4.65637, 0.0]","[-6.5529, -0.59378, 2.72959]",closed,pkg_002
127.55,1786783855.8831,sample,"[1.97936, -2.24251, 1.84212, -2.1921, 4.65637, 0.0]","[-6.55897, -0.60146, 2.7296]",closed,pkg_002
127.65,1786783856.0063,sample,"[2.00936, -2.24251, 1.84211, -2.1921, 4.65637, 0.0]","[-6.56481, -0.60932, 2.7296]",closed,pkg_002
127.75,1786783856.1239,sample,"[2.03936, -2.2425, 1.84211, -2.1921, 4.65637, 0.0]","[-6.57041, -0.61735, 2.72961]",closed,pkg_002
127.85,1786783856.2365,sample,"[2.06936, -2.24251, 1.84211, -2.1921, 4.65637, 0.0]","[-6.57577, -0.62554, 2.72961]",closed,pkg_002
127.95,1786783856.3504,sample,"[2.09936, -2.24251, 1.84211, -2.1921, 4.65637, 0.0]","[-6.58087, -0.63389, 2.72961]",closed,pkg_002
128.05,1786783856.4691,sample,"[2.12936, -2.24251, 1.84211, -2.1921, 4.65637, 0.0]","[-6.58573, -0.6424, 2.72961]",closed,pkg_002
128.15,1786783856.5846,sample,"[2.15936, -2.24251, 1.84211, -2.1921, 4.65637, 0.0]","[-6.59033, -0.65104, 2.72961]",closed,pkg_002
128.25,1786783856.7016,sample,"[2.18936, -2.24251, 1.84211, -2.1921, 4.65637, 0.0]","[-6.59467, -0.65981, 2.72961]",closed,pkg_002
128.35,1786783856.8145,sample,"[2.21936, -2.24251, 1.84211, -2.1921, 4.65637, 0.0]","[-6.59874, -0.66871, 2.72961]",closed,pkg_002
128.45,1786783856.9274,sample,"[2.24936, -2.24251, 1.84211, -2.1921, 4.65637, 0.0]","[-6.60254, -0.67773, 2.72961]",closed,pkg_002
128.55,1786783857.0486,sample,"[2.27936, -2.24251, 1.84211, -2.1921, 4.65637, 0.0]","[-6.60607, -0.68686, 2.72961]",closed,pkg_002
128.65,1786783857.1614,sample,"[2.30936, -2.24251, 1.84211, -2.1921, 4.65637, 0.0]","[-6.60933, -0.6961, 2.72961]",closed,pkg_002
128.75,1786783857.2753,sample,"[2.33936, -2.24251, 1.84211, -2.1921, 4.65637, 0.0]","[-6.61231, -0.70542, 2.72961]",closed,pkg_002
128.85,1786783857.3953,sample,"[2.36936, -2.24251, 1.84211, -2.1921, 4.65637, 0.0]","[-6.61501, -0.71483, 2.72961]",closed,pkg_002
128.95,1786783857.5147,sample,"[2.39936, -2.24251, 1.84211, -2.1921, 4.65637, 0.0]","[-6.61742, -0.72432, 2.72961]",closed,pkg_002
129.05,1786783857.6306,sample,"[2.42937, -2.24251, 1.84211, -2.1921, 4.65637, 0.0]","[-6.61955, -0.73387, 2.72961]",closed,pkg_002
129.15,1786783857.7535,sample,"[2.45937, -2.2425, 1.84211, -2.1921, 4.65637, 0.0]","[-6.62139, -0.74349, 2.72961]",closed,pkg_002
129.25,1786783857.8716,sample,"[2.48937, -2.24251, 1.84211, -2.1921, 4.65637, 0.0]","[-6.62294, -0.75316, 2.72961]",closed,pkg_002
129.35,1786783857.9998,sample,"[2.51937, -2.24251, 1.84211, -2.1921, 4.65637, 0.0]","[-6.62419, -0.76286, 2.72961]",closed,pkg_002
129.45,1786783858.1295,sample,"[2.54937, -2.24251, 1.84211, -2.1921, 4.65637, 0.0]","[-6.62516, -0.77261, 2.72961]",closed,pkg_002
129.55,1786783858.2453,sample,"[2.57937, -2.24251, 1.84211, -2.1921, 4.65637, 0.0]","[-6.62584, -0.78237, 2.72961]",closed,pkg_002
129.65,1786783858.3655,sample,"[2.60937, -2.24251, 1.84211, -2.1921, 4.65637, 0.0]","[-6.62622, -0.79215, 2.72961]",closed,pkg_002
129.75,1786783858.4833,sample,"[2.63937, -2.24251, 1.84211, -2.1921, 4.65637, 0.0]","[-6.62631, -0.80194, 2.72961]",closed,pkg_002
129.85,1786783858.615,sample,"[2.66937, -2.24251, 1.84211, -2.1921, 4.65637, 0.0]","[-6.6261, -0.81173, 2.72961]",closed,pkg_002
129.95,1786783858.734,sample,"[2.69937, -2.24251, 1.84211, -2.1921, 4.65637, 0.0]","[-6.62561, -0.82151, 2.72961]",closed,pkg_002
130.05,1786783858.8602,sample,"[2.72937, -2.24251, 1.84211, -2.1921, 4.65637, 0.0]","[-6.62481, -0.83126, 2.72961]",closed,pkg_002
130.15,1786783858.9807,sample,"[2.75937, -2.24251, 1.84211, -2.1921, 4.65637, 0.0]","[-6.62373, -0.84099, 2.72961]",closed,pkg_002
130.25,1786783859.1,sample,"[2.78937, -2.24251, 1.84211, -2.1921, 4.65637, 0.0]","[-6.62236, -0.85068, 2.72961]",closed,pkg_002
130.35,1786783859.2074,sample,"[2.81938, -2.22995, 1.84208, -2.1921, 4.65637, 0.0]","[-6.62962, -0.85735, 2.72599]",closed,pkg_002
130.45,1786783859.3233,sample,"[2.84938, -2.20637, 1.84209, -2.1921, 4.65637, 0.0]","[-6.6446, -0.86214, 2.71883]",closed,pkg_002
130.55,1786783859.4335,sample,"[2.87938, -2.17872, 1.8421, -2.1921, 4.65637, 0.0]","[-6.66228, -0.86716, 2.70991]",closed,pkg_002
130.65,1786783859.539,sample,"[2.90936, -2.15898, 1.84211, -2.1921, 4.65637, 0.0]","[-6.67412, -0.87468, 2.7032]",closed,pkg_002
130.75,1786783859.6507,sample,"[2.93937, -2.15172, 1.84212, -2.1921, 4.65637, 0.0]","[-6.67687, -0.88481, 2.70066]",closed,pkg_002
130.85,1786783859.7614,sample,"[2.96937, -2.14905, 1.84212, -2.1921, 4.65637, 0.0]","[-6.67606, -0.89575, 2.69971]",closed,pkg_002
130.95,1786783859.8756,sample,"[2.99937, -2.14806, 1.84212, -2.1921, 4.65637, 0.0]","[-6.67372, -0.90689, 2.69936]",closed,pkg_002
131.05,1786783859.9798,sample,"[3.02938, -2.1477, 1.84212, -2.1921, 4.65637, 0.0]","[-6.67061, -0.91802, 2.69923]",closed,pkg_002
131.15,1786783860.0906,sample,"[3.05938, -2.14759, 1.84212, -2.1921, 4.65637, 0.0]","[-6.66698, -0.92908, 2.69919]",closed,pkg_002
131.25,1786783860.2041,sample,"[3.08938, -2.1475, 1.84212, -2.1921, 4.65637, 0.0]","[-6.66301, -0.94002, 2.69916]",closed,pkg_002
131.35,1786783860.3137,sample,"[3.11938, -2.1475, 1.84212, -2.1921, 4.65637, 0.0]","[-6.65865, -0.95085, 2.69916]",closed,pkg_002
131.45,1786783860.4186,sample,"[3.14938, -2.1475, 1.84212, -2.1921, 4.65637, 0.0]","[-6.65396, -0.96154, 2.69916]",closed,pkg_002
131.55,1786783860.5241,sample,"[3.17523, -2.1475, 1.84212, -2.1921, 4.65637, 0.0]","[-6.64966, -0.97064, 2.69916]",closed,pkg_002
131.65,1786783860.6347,sample,"[3.18581, -2.14752, 1.83272, -2.1921, 4.65637, 0.0]","[-6.64583, -0.97423, 2.70564]",closed,pkg_002
131.75,1786783860.7504,sample,"[3.18971, -2.14337, 1.81104, -2.1921, 4.65637, 0.0]","[-6.64339, -0.9755, 2.71902]",closed,pkg_002
131.85,1786783860.8565,sample,"[3.19114, -2.12394, 1.79906, -2.1921, 4.65636, 0.0]","[-6.65486, -0.97657, 2.72028]",closed,pkg_002
131.95,1786783860.966,sample,"[3.19166, -2.09782, 1.79466, -2.1921, 4.65636, 0.0]","[-6.67313, -0.97767, 2.71357]",closed,pkg_002
132.05,1786783861.0766,sample,"[3.19183, -2.06924, 1.79087, -2.1921, 4.65636, 0.0]","[-6.69326, -0.97875, 2.705]",closed,pkg_002
132.15,1786783861.1843,sample,"[3.19192, -2.03975, 1.77278, -2.1921, 4.65637, 0.0]","[-6.71132, -0.9797, 2.70547]",closed,pkg_002
132.25,1786783861.2904,sample,"[3.19196, -2.00994, 1.74715, -2.1921, 4.65637, 0.0]","[-6.72845, -0.98058, 2.71055]",closed,pkg_002
132.35,1786783861.394,sample,"[3.19196, -1.98001, 1.71876, -2.1921, 4.65637, 0.0]","[-6.7454, -0.98143, 2.71702]",closed,pkg_002
132.45,1786783861.4984,sample,"[3.19196, -1.95003, 1.68935, -2.1921, 4.65637, 0.0]","[-6.76241, -0.98229, 2.72366]",closed,pkg_002
132.55,1786783861.609,sample,"[3.19196, -1.92004, 1.65957, -2.1921, 4.65637, 0.0]","[-6.77958, -0.98315, 2.73006]",closed,pkg_002
132.65,1786783861.7354,sample,"[3.19196, -1.89003, 1.62965, -2.1921, 4.65637, 0.0]","[-6.79692, -0.98403, 2.73602]",closed,pkg_002
132.75,1786783861.8548,sample,"[3.19196, -1.86003, 1.59968, -2.1921, 4.65637, 0.0]","[-6.81442, -0.98491, 2.7415]",closed,pkg_002
132.85,1786783861.9866,sample,"[3.19196, -1.83002, 1.56969, -2.1921, 4.65637, 0.0]","[-6.83208, -0.9858, 2.74646]",closed,pkg_002
132.95,1786783862.1055,sample,"[3.19196, -1.80002, 1.53969, -2.1921, 4.65637, 0.0]","[-6.84988, -0.9867, 2.75089]",closed,pkg_002
133.05,1786783862.214,sample,"[3.20449, -1.77659, 1.51628, -2.1921, 4.65637, 0.0]","[-6.86147, -0.99446, 2.75397]",closed,pkg_002
133.15,1786783862.3166,sample,"[3.22807, -1.76763, 1.50733, -2.1921, 4.65637, 0.0]","[-6.86208, -1.0081, 2.75507]",closed,pkg_002
133.25,1786783862.4211,sample,"[3.25571, -1.76433, 1.50403, -2.1921, 4.65637, 0.0]","[-6.85808, -1.02378, 2.75546]",closed,pkg_002
133.35,1786783862.5295,sample,"[3.28484, -1.76312, 1.50282, -2.1921, 4.65637, 0.0]","[-6.85205, -1.04005, 2.7556]",closed,pkg_002
133.45,1786783862.6366,sample,"[3.31452, -1.76267, 1.50237, -2.1921, 4.65637, 0.0]","[-6.84495, -1.05637, 2.75566]",closed,pkg_002
133.55,1786783862.7552,sample,"[3.34441, -1.76251, 1.50221, -2.1921, 4.65637, 0.0]","[-6.83714, -1.07256, 2.75568]",closed,pkg_002
133.65,1786783862.8631,sample,"[3.37437, -1.76027, 1.48958, -2.1921, 4.65638, 0.0]","[-6.82821, -1.08841, 2.76317]",closed,pkg_002
133.75,1786783862.9672,sample,"[3.3918, -1.74274, 1.46596, -2.1921, 4.65637, 0.0]","[-6.83221, -1.0999, 2.76933]",closed,pkg_002
133.85,1786783863.0853,sample,"[3.3982, -1.71733, 1.43832, -2.1921, 4.65637, 0.0]","[-6.84473, -1.10709, 2.77335]",closed,pkg_002
133.95,1786783863.1958,sample,"[3.40056, -1.68901, 1.41517, -2.1921, 4.65636, 0.0]","[-6.86156, -1.11302, 2.77204]",closed,pkg_002
134.05,1786783863.298,sample,"[3.40143, -1.65962, 1.38803, -2.1921, 4.65636, 0.0]","[-6.87898, -1.11821, 2.77233]",closed,pkg_002
134.15,1786783863.4014,sample,"[3.40174, -1.62984, 1.35909, -2.1921, 4.65637, 0.0]","[-6.89659, -1.12311, 2.7731]",closed,pkg_002
134.25,1786783863.5048,sample,"[3.40184, -1.59992, 1.32947, -2.1921, 4.65637, 0.0]","[-6.91429, -1.12789, 2.77369]",closed,pkg_002
134.35,1786783863.6072,sample,"[3.40187, -1.56994, 1.29961, -2.1921, 4.65636, 0.0]","[-6.93203, -1.13263, 2.77387]",closed,pkg_002
134.45,1786783863.7241,sample,"[3.4019, -1.53995, 1.26967, -2.1921, 4.65636, 0.0]","[-6.94977, -1.13738, 2.77355]",closed,pkg_002
134.55,1786783863.8422,sample,"[3.40192, -1.50994, 1.23969, -2.1921, 4.65637, 0.0]","[-6.96749, -1.14212, 2.77269]",closed,pkg_002
134.65,1786783863.9591,sample,"[3.40194, -1.47993, 1.2097, -2.1921, 4.65637, 0.0]","[-6.98518, -1.14684, 2.77128]",closed,pkg_002
134.75,1786783864.0827,sample,"[3.40195, -1.44992, 1.1797, -2.1921, 4.65637, 0.0]","[-7.00282, -1.15155, 2.76934]",closed,pkg_002
134.85,1786783864.1909,sample,"[3.40196, -1.41992, 1.1497, -2.1921, 4.65637, 0.0]","[-7.0204, -1.15624, 2.76684]",closed,pkg_002
134.95,1786783864.2943,sample,"[3.40195, -1.40246, 1.13227, -2.1921, 4.65636, 0.0]","[-7.0306, -1.15895, 2.76512]",closed,pkg_002
135.05,1786783864.4496,sample,"[3.40194, -1.39605, 1.12584, -2.1921, 4.65636, 0.0]","[-7.03434, -1.15994, 2.76447]",open,
135.15,1786783864.5673,sample,"[3.40193, -1.3937, 1.12346, -2.1921, 4.65636, 0.0]","[-7.03571, -1.16029, 2.76423]",open,
135.25,1786783864.6784,sample,"[3.40193, -1.39283, 1.12259, -2.1921, 4.65636, 0.0]","[-7.03621, -1.16042, 2.76415]",open,
135.35,1786783864.7829,sample,"[3.40192, -1.39251, 1.12226, -2.1921, 4.65636, 0.0]","[-7.0364, -1.16047, 2.76411]",open,
135.45,1786783864.893,sample,"[3.40192, -1.39239, 1.12215, -2.1921, 4.65636, 0.0]","[-7.03647, -1.16049, 2.7641]",open,
135.55,1786783865.0042,sample,"[3.40192, -1.39236, 1.12211, -2.1921, 4.65636, 0.0]","[-7.03649, -1.16049, 2.7641]",open,
135.65,1786783865.1222,sample,"[3.39973, -1.39236, 1.12207, -2.1921, 4.65636, 0.0]","[-7.03727, -1.15888, 2.76412]",open,
135.75,1786783865.2313,sample,"[3.38223, -1.39235, 1.12207, -2.1921, 4.65637, 0.0]","[-7.04344, -1.14592, 2.76412]",open,
135.85,1786783865.3408,sample,"[3.35682, -1.39235, 1.12207, -2.1921, 4.65638, 0.0]","[-7.05199, -1.12693, 2.76412]",open,
135.95,1786783865.4505,sample,"[3.32851, -1.39235, 1.12207, -2.1921, 4.65638, 0.0]","[-7.06094, -1.10551, 2.76412]",open,
136.05,1786783865.5631,sample,"[3.29913, -1.39235, 1.12207, -2.1921, 4.65639, 0.0]","[-7.06959, -1.08302, 2.76412]",open,
136.15,1786783865.6824,sample,"[3.26936, -1.39235, 1.12207, -2.1921, 4.65639, 0.0]","[-7.07767, -1.05999, 2.76412]",open,
136.25,1786783865.8019,sample,"[3.23944, -1.39235, 1.12207, -2.1921, 4.6564, 0.0]","[-7.0851, -1.03661, 2.76412]",open,
136.35,1786783865.9205,sample,"[3.20947, -1.39235, 1.12207, -2.1921, 4.6564, 0.0]","[-7.09184, -1.01298, 2.76412]",open,
136.45,1786783866.041,sample,"[3.17948, -1.39235, 1.12207, -2.1921, 4.65641, 0.0]","[-7.09787, -0.98914, 2.76412]",open,
136.55,1786783866.164,sample,"[3.14949, -1.39235, 1.12207, -2.1921, 4.65642, 0.0]","[-7.10318, -0.96513, 2.76412]",open,
136.65,1786783866.2819,sample,"[3.11949, -1.39235, 1.12207, -2.1921, 4.65642, 0.0]","[-7.10777, -0.94096, 2.76412]",open,
136.75,1786783866.3974,sample,"[3.08949, -1.39235, 1.12207, -2.1921, 4.65643, 0.0]","[-7.11164, -0.91667, 2.76412]",open,
136.85,1786783866.5152,sample,"[3.05948, -1.39235, 1.12207, -2.1921, 4.65643, 0.0]","[-7.11477, -0.89227, 2.76412]",open,
136.95,1786783866.6349,sample,"[3.02948, -1.39235, 1.12207, -2.1921, 4.65644, 0.0]","[-7.11717, -0.86779, 2.76412]",open,
137.05,1786783866.7523,sample,"[2.99948, -1.39235, 1.12207, -2.1921, 4.65644, 0.0]","[-7.11884, -0.84325, 2.76412]",open,
137.15,1786783866.8756,sample,"[2.96948, -1.39235, 1.12207, -2.1921, 4.65645, 0.0]","[-7.11977, -0.81867, 2.76412]",open,
137.25,1786783867.0,sample,"[2.93948, -1.39235, 1.12207, -2.1921, 4.65645, 0.0]","[-7.11996, -0.79407, 2.76412]",open,
137.35,1786783867.1164,sample,"[2.90948, -1.39235, 1.12207, -2.1921, 4.65646, 0.0]","[-7.11941, -0.76948, 2.76412]",open,
137.45,1786783867.2376,sample,"[2.87948, -1.39235, 1.12207, -2.1921, 4.65646, 0.0]","[-7.11813, -0.74491, 2.76412]",open,
137.55,1786783867.3676,sample,"[2.84948, -1.39235, 1.12207, -2.1921, 4.65646, 0.0]","[-7.11611, -0.7204, 2.76412]",open,
137.65,1786783867.4887,sample,"[2.81948, -1.39235, 1.12207, -2.1921, 4.65646, 0.0]","[-7.11335, -0.69595, 2.76412]",open,
137.75,1786783867.6083,sample,"[2.78948, -1.39235, 1.12207, -2.1921, 4.65647, 0.0]","[-7.10987, -0.6716, 2.76412]",open,
137.85,1786783867.7257,sample,"[2.75948, -1.39235, 1.12207, -2.1921, 4.65647, 0.0]","[-7.10565, -0.64737, 2.76412]",open,
137.95,1786783867.8455,sample,"[2.72948, -1.39235, 1.12207, -2.1921, 4.65647, 0.0]","[-7.10071, -0.62327, 2.76412]",open,
138.05,1786783867.964,sample,"[2.69948, -1.39235, 1.12207, -2.1921, 4.65647, 0.0]","[-7.09505, -0.59933, 2.76412]",open,
138.15,1786783868.0826,sample,"[2.66948, -1.39235, 1.12207, -2.1921, 4.65647, 0.0]","[-7.08867, -0.57557, 2.76412]",open,
138.25,1786783868.1882,sample,"[2.63947, -1.39235, 1.12207, -2.1921, 4.65647, 0.0]","[-7.08158, -0.55202, 2.76412]",open,
138.35,1786783868.3143,sample,"[2.60947, -1.39235, 1.12207, -2.1921, 4.65647, 0.0]","[-7.07379, -0.52868, 2.76412]",open,
138.45,1786783868.4273,sample,"[2.57947, -1.39235, 1.12207, -2.1921, 4.65647, 0.0]","[-7.06531, -0.50559, 2.76412]",open,
138.55,1786783868.5399,sample,"[2.54947, -1.39235, 1.12207, -2.1921, 4.65647, 0.0]","[-7.05613, -0.48277, 2.76412]",open,
138.65,1786783868.6566,sample,"[2.51947, -1.39235, 1.12207, -2.1921, 4.65647, 0.0]","[-7.04628, -0.46023, 2.76412]",open,
138.75,1786783868.773,sample,"[2.48947, -1.39235, 1.12207, -2.1921, 4.65647, 0.0]","[-7.03575, -0.438, 2.76412]",open,
138.85,1786783868.8884,sample,"[2.45947, -1.39235, 1.12207, -2.1921, 4.65647, 0.0]","[-7.02456, -0.41609, 2.76412]",open,
138.95,1786783869.0007,sample,"[2.42947, -1.39235, 1.12207, -2.1921, 4.65647, 0.0]","[-7.01272, -0.39453, 2.76412]",open,
139.05,1786783869.1187,sample,"[2.39947, -1.39235, 1.12207, -2.1921, 4.65647, 0.0]","[-7.00023, -0.37334, 2.76412]",open,
139.15,1786783869.2374,sample,"[2.36947, -1.39235, 1.12207, -2.1921, 4.65647, 0.0]","[-6.98712, -0.35252, 2.76412]",open,
139.25,1786783869.3873,sample,"[2.33947, -1.39235, 1.12207, -2.1921, 4.65647, 0.0]","[-6.97339, -0.33211, 2.76412]",open,
139.35,1786783869.4949,sample,"[2.30947, -1.39235, 1.12207, -2.1921, 4.65647, 0.0]","[-6.95905, -0.31213, 2.76412]",open,
139.45,1786783869.6154,sample,"[2.27947, -1.39235, 1.12207, -2.1921, 4.65647, 0.0]","[-6.94412, -0.29258, 2.76412]",open,
139.55,1786783869.7298,sample,"[2.24947, -1.39235, 1.12207, -2.1921, 4.65647, 0.0]","[-6.92861, -0.27348, 2.76412]",open,
139.65,1786783869.848,sample,"[2.21947, -1.39235, 1.12207, -2.1921, 4.65647, 0.0]","[-6.91253, -0.25486, 2.76412]",open,
139.75,1786783869.9739,sample,"[2.18946, -1.39235, 1.12207, -2.1921, 4.65647, 0.0]","[-6.8959, -0.23674, 2.76412]",open,
139.85,1786783870.0973,sample,"[2.15946, -1.39235, 1.12207, -2.1921, 4.65647, 0.0]","[-6.87874, -0.21911, 2.76412]",open,
139.95,1786783870.2235,sample,"[2.12946, -1.39235, 1.12207, -2.1921, 4.65647, 0.0]","[-6.86106, -0.20202, 2.76412]",open,
140.05,1786783870.3396,sample,"[2.09946, -1.39235, 1.12207, -2.1921, 4.65647, 0.0]","[-6.84287, -0.18546, 2.76412]",open,
140.15,1786783870.4526,sample,"[2.06946, -1.39235, 1.12207, -2.1921, 4.65647, 0.0]","[-6.82419, -0.16945, 2.76412]",open,
140.25,1786783870.5606,sample,"[2.03946, -1.39235, 1.12207, -2.1921, 4.65647, 0.0]","[-6.80504, -0.15401, 2.76412]",open,
140.35,1786783870.6717,sample,"[2.00946, -1.39235, 1.12207, -2.1921, 4.65647, 0.0]","[-6.78543, -0.13915, 2.76412]",open,
140.45,1786783870.7816,sample,"[1.97946, -1.39235, 1.12207, -2.1921, 4.65647, 0.0]","[-6.76539, -0.12489, 2.76412]",open,
140.55,1786783870.9016,sample,"[1.94946, -1.39235, 1.12207, -2.1921, 4.65647, 0.0]","[-6.74493, -0.11123, 2.76412]",open,
140.65,1786783871.0173,sample,"[1.91946, -1.39235, 1.12207, -2.1921, 4.65647, 0.0]","[-6.72407, -0.0982, 2.76412]",open,
140.75,1786783871.144,sample,"[1.88946, -1.39235, 1.12207, -2.1921, 4.65647, 0.0]","[-6.70283, -0.08579, 2.76412]",open,
140.85,1786783871.264,sample,"[1.85946, -1.39235, 1.12207, -2.1921, 4.65647, 0.0]","[-6.68123, -0.07403, 2.76412]",open,
140.95,1786783871.3765,sample,"[1.82946, -1.39235, 1.12207, -2.1921, 4.65647, 0.0]","[-6.65928, -0.06292, 2.76412]",open,
141.05,1786783871.5124,sample,"[1.79946, -1.39235, 1.12207, -2.1921, 4.65647, 0.0]","[-6.63701, -0.05248, 2.76412]",open,
141.15,1786783871.6291,sample,"[1.76946, -1.39235, 1.12207, -2.1921, 4.65647, 0.0]","[-6.61444, -0.0427, 2.76412]",open,
141.25,1786783871.745,sample,"[1.73946, -1.39235, 1.12207, -2.1921, 4.65647, 0.0]","[-6.59158, -0.03361, 2.76412]",open,
141.35,1786783871.8643,sample,"[1.70946, -1.39235, 1.12207, -2.1921, 4.65647, 0.0]","[-6.56846, -0.02521, 2.76412]",open,
141.45,1786783871.9875,sample,"[1.67946, -1.39235, 1.12207, -2.1921, 4.65647, 0.0]","[-6.5451, -0.01751, 2.76412]",open,
141.55,1786783872.1034,sample,"[1.64946, -1.39235, 1.12207, -2.1921, 4.65647, 0.0]","[-6.52152, -0.01051, 2.76412]",open,
141.65,1786783872.2355,sample,"[1.61946, -1.39235, 1.12207, -2.1921, 4.65647, 0.0]","[-6.49774, -0.00422, 2.76412]",open,
141.75,1786783872.3536,sample,"[1.58947, -1.39235, 1.12207, -2.1921, 4.65647, 0.0]","[-6.47378, 0.00135, 2.76412]",open,
141.85,1786783872.4716,sample,"[1.55946, -1.3931, 1.12208, -2.1921, 4.65647, 0.0]","[-6.44967, 0.00561, 2.76472]",open,
141.95,1786783872.5923,sample,"[1.53886, -1.40833, 1.13149, -2.1921, 4.65647, 0.0]","[-6.43337, -0.00174, 2.77034]",open,
142.05,1786783872.6941,sample,"[1.53129, -1.43291, 1.1539, -2.1921, 4.65647, 0.0]","[-6.42792, -0.01602, 2.77409]",open,
142.15,1786783872.8025,sample,"[1.5285, -1.46092, 1.18111, -2.1921, 4.65647, 0.0]","[-6.42646, -0.03282, 2.77677]",open,
142.25,1786783872.9135,sample,"[1.52748, -1.49019, 1.21008, -2.1921, 4.65646, 0.0]","[-6.42645, -0.05056, 2.77868]",open,
142.35,1786783873.0539,sample,"[1.5271, -1.51993, 1.2397, -2.1921, 4.65646, 0.0]","[-6.42697, -0.06868, 2.77996]",open,
142.45,1786783873.1788,sample,"[1.52696, -1.54983, 1.26956, -2.1921, 4.65646, 0.0]","[-6.42766, -0.08695, 2.78065]",open,
142.55,1786783873.3086,sample,"[1.52692, -1.57981, 1.29951, -2.1921, 4.65645, 0.0]","[-6.42844, -0.10527, 2.78077]",open,
142.65,1786783873.4251,sample,"[1.52691, -1.6098, 1.32949, -2.1921, 4.65645, 0.0]","[-6.42923, -0.1236, 2.78034]",open,
142.75,1786783873.5362,sample,"[1.52689, -1.6398, 1.35949, -2.1921, 4.65645, 0.0]","[-6.43003, -0.14192, 2.77936]",open,
142.85,1786783873.6462,sample,"[1.52688, -1.66981, 1.38948, -2.1921, 4.65645, 0.0]","[-6.43082, -0.1602, 2.77782]",open,
142.95,1786783873.7573,sample,"[1.52687, -1.69982, 1.41948, -2.1921, 4.65644, 0.0]","[-6.43162, -0.17843, 2.77574]",open,
143.05,1786783873.8636,sample,"[1.52689, -1.72042, 1.44007, -2.1921, 4.65644, 0.0]","[-6.43218, -0.19091, 2.774]",open,
143.15,1786783873.9812,sample,"[1.52691, -1.72582, 1.44107, -2.1921, 4.65644, 0.0]","[-6.43237, -0.19502, 2.77655]",open,
143.25,1786783874.0861,sample,"[1.52691, -1.71111, 1.42281, -2.1921, 4.65644, 0.0]","[-6.43201, -0.18682, 2.78033]",open,
143.35,1786783874.1897,sample,"[1.5269, -1.68673, 1.39714, -2.1921, 4.65644, 0.0]","[-6.43137, -0.17229, 2.78313]",open,
143.45,1786783874.2901,sample,"[1.5269, -1.65879, 1.36873, -2.1921, 4.65643, 0.0]","[-6.43062, -0.1554, 2.7852]",open,
143.55,1786783874.404,sample,"[1.5269, -1.63173, 1.3459, -2.1921, 4.65643, 0.0]","[-6.42986, -0.13806, 2.7835]",open,
143.65,1786783874.516,sample,"[1.52691, -1.61537, 1.33715, -2.1921, 4.65643, 0.0]","[-6.42936, -0.1266, 2.77874]",open,
143.75,1786783874.6195,sample,"[1.5269, -1.59145, 1.33394, -2.1921, 4.65643, 0.0]","[-6.42855, -0.10819, 2.76481]",open,
143.85,1786783874.7184,sample,"[1.5269, -1.56367, 1.33276, -2.1921, 4.65643, 0.0]","[-6.42761, -0.08678, 2.7463]",open,
143.95,1786783874.8188,sample,"[1.5269, -1.53449, 1.33233, -2.1921, 4.65643, 0.0]","[-6.42664, -0.06471, 2.72565]",open,
144.05,1786783874.9228,sample,"[1.5269, -1.50479, 1.33218, -2.1921, 4.65643, 0.0]","[-6.42568, -0.04284, 2.70377]",open,
144.15,1786783875.0363,sample,"[1.52691, -1.4749, 1.33212, -2.1921, 4.65642, 0.0]","[-6.42474, -0.02147, 2.68105]",open,
144.25,1786783875.1558,sample,"[1.52691, -1.44493, 1.33212, -2.1921, 4.65642, 0.0]","[-6.42383, -0.00074, 2.65759]",open,
144.35,1786783875.2741,sample,"[1.52691, -1.41495, 1.33212, -2.1921, 4.65642, 0.0]","[-6.42296, 0.01929, 2.63351]",open,
144.45,1786783875.3917,sample,"[1.52691, -1.38495, 1.33212, -2.1921, 4.65642, 0.0]","[-6.42211, 0.03861, 2.60883]",open,
144.55,1786783875.5094,sample,"[1.52691, -1.35495, 1.33212, -2.1921, 4.65642, 0.0]","[-6.42129, 0.05717, 2.58357]",open,
144.65,1786783875.6219,sample,"[1.52691, -1.32494, 1.33212, -2.1921, 4.65641, 0.0]","[-6.42051, 0.07497, 2.55777]",open,
144.75,1786783875.7408,sample,"[1.52691, -1.29494, 1.33212, -2.1921, 4.65641, 0.0]","[-6.41976, 0.09199, 2.53145]",open,
144.85,1786783875.8465,sample,"[1.5269, -1.26494, 1.33212, -2.1921, 4.65641, 0.0]","[-6.41905, 0.10821, 2.50462]",open,
144.95,1786783875.9691,sample,"[1.5269, -1.23494, 1.33212, -2.1921, 4.65641, 0.0]","[-6.41837, 0.12362, 2.47733]",open,
145.05,1786783876.0904,sample,"[1.5269, -1.20494, 1.33212, -2.1921, 4.65641, 0.0]","[-6.41772, 0.13821, 2.44958]",open,
145.15,1786783876.2085,sample,"[1.5269, -1.17494, 1.33212, -2.1921, 4.65641, 0.0]","[-6.41712, 0.15196, 2.4214]",open,
145.25,1786783876.316,sample,"[1.52689, -1.14493, 1.33212, -2.1921, 4.65641, 0.0]","[-6.41655, 0.16486, 2.39283]",open,
145.35,1786783876.4249,sample,"[1.52689, -1.11493, 1.33212, -2.1921, 4.65641, 0.0]","[-6.41601, 0.17689, 2.36388]",open,
145.45,1786783876.5343,sample,"[1.52688, -1.08569, 1.33211, -2.1921, 4.65641, 0.0]","[-6.41553, 0.18778, 2.33533]",open,
145.55,1786783876.6457,sample,"[1.52687, -1.07092, 1.33211, -2.1921, 4.65641, 0.0]","[-6.41529, 0.19297, 2.3208]",open,
145.65,1786783876.773,sample,"[1.52686, -1.06549, 1.33209, -2.1921, 4.65641, 0.0]","[-6.4152, 0.19482, 2.31544]",open,
145.75,1786783876.878,sample,"[1.51746, -1.0635, 1.33208, -2.1921, 4.65642, -0.0]","[-6.40581, 0.19654, 2.31348]",open,
145.85,1786783876.9804,sample,"[1.49505, -1.06278, 1.33208, -2.1921, 4.65643, -0.0]","[-6.38343, 0.1989, 2.31277]",open,
145.95,1786783877.081,sample,"[1.46783, -1.06251, 1.33207, -2.1921, 4.65643, 0.0]","[-6.35621, 0.20089, 2.31251]",open,
146.05,1786783877.1809,sample,"[1.43886, -1.06241, 1.33207, -2.1921, 4.65644, 0.0]","[-6.32719, 0.20213, 2.3124]",open,
146.15,1786783877.2875,sample,"[1.4218, -1.06236, 1.33207, -2.1921, 4.65644, 0.0]","[-6.31008, 0.20247, 2.31236]",open,
146.25,1786783877.3999,sample,"[1.41476, -1.06236, 1.33207, -2.19209, 4.65644, 0.0]","[-6.30302, 0.20251, 2.31236]",open,
146.35,1786783877.5091,sample,"[1.39721, -1.06236, 1.33207, -2.1921, 4.65645, 0.0]","[-6.28544, 0.20241, 2.31236]",open,
146.45,1786783877.6181,sample,"[1.38119, -1.06236, 1.33207, -2.1921, 4.65645, 0.0]","[-6.26938, 0.20205, 2.31236]",open,
146.55,1786783877.7392,sample,"[1.3753, -1.06236, 1.33207, -2.1921, 4.65645, 0.0]","[-6.26348, 0.20185, 2.31236]",open,
146.65,1786783877.8437,sample,"[1.37313, -1.06236, 1.33207, -2.19209, 4.65645, 0.0]","[-6.2613, 0.20177, 2.31236]",open,
146.75,1786783877.9523,sample,"[1.37233, -1.06453, 1.33866, -2.19209, 4.65645, 0.0]","[-6.26091, 0.19973, 2.30995]",open,
146.85,1786783878.0717,sample,"[1.37204, -1.08203, 1.35972, -2.19209, 4.65645, 0.0]","[-6.26261, 0.18978, 2.3126]",open,
146.95,1786783878.184,sample,"[1.37193, -1.10744, 1.38643, -2.19209, 4.65646, 0.0]","[-6.26529, 0.17597, 2.31883]",open,
147.05,1786783878.2863,sample,"[1.3719, -1.13575, 1.41521, -2.19209, 4.65646, 0.0]","[-6.26837, 0.16058, 2.32603]",open,
147.15,1786783878.3872,sample,"[1.37188, -1.16514, 1.44477, -2.19209, 4.65646, 0.0]","[-6.2716, 0.14445, 2.33325]",open,
147.25,1786783878.4926,sample,"[1.37186, -1.19492, 1.4746, -2.19209, 4.65646, 0.0]","[-6.27491, 0.12792, 2.34015]",open,
147.35,1786783878.6031,sample,"[1.37185, -1.22484, 1.50454, -2.19209, 4.65647, 0.0]","[-6.27829, 0.11112, 2.34661]",open,
147.45,1786783878.7166,sample,"[1.37185, -1.25481, 1.53452, -2.19209, 4.65647, 0.0]","[-6.28172, 0.09411, 2.35257]",open,
147.55,1786783878.8276,sample,"[1.37185, -1.28481, 1.56451, -2.19209, 4.65647, 0.0]","[-6.28519, 0.07693, 2.35801]",open,
147.65,1786783878.9346,sample,"[1.37185, -1.31481, 1.59451, -2.19209, 4.65648, 0.0]","[-6.28868, 0.05959, 2.36293]",open,
147.75,1786783879.0516,sample,"[1.37186, -1.34481, 1.62451, -2.19209, 4.65648, 0.0]","[-6.29221, 0.04211, 2.36731]",open,
147.85,1786783879.1777,sample,"[1.37186, -1.37482, 1.65451, -2.19209, 4.65648, 0.0]","[-6.29576, 0.02451, 2.37116]",open,
147.95,1786783879.3029,sample,"[1.37186, -1.40482, 1.6845, -2.19209, 4.65648, 0.0]","[-6.29933, 0.00681, 2.37447]",open,
148.05,1786783879.4185,sample,"[1.37186, -1.43483, 1.7145, -2.19209, 4.65649, 0.0]","[-6.30292, -0.01099, 2.37724]",open,
148.15,1786783879.5366,sample,"[1.37186, -1.46483, 1.74451, -2.19209, 4.65649, 0.0]","[-6.30652, -0.02886, 2.37946]",open,
148.25,1786783879.644,sample,"[1.37185, -1.48544, 1.77449, -2.19209, 4.65649, 0.0]","[-6.30938, -0.04309, 2.3742]",open,
148.35,1786783879.746,sample,"[1.37185, -1.49302, 1.79194, -2.19209, 4.65649, 0.0]","[-6.31071, -0.0497, 2.36779]",open,
148.45,1786783879.8765,sample,"[1.37184, -1.49581, 1.79836, -2.19209, 4.65649, 0.0]","[-6.31121, -0.05216, 2.36544]",open,
148.55,1786783879.9805,sample,"[1.37184, -1.49684, 1.80072, -2.19209, 4.65649, 0.0]","[-6.31138, -0.05306, 2.36457]",open,
148.65,1786783880.085,sample,"[1.36967, -1.49721, 1.80159, -2.19209, 4.65649, 0.0]","[-6.30983, -0.05337, 2.36425]",open,
148.75,1786783880.1863,sample,"[1.35218, -1.49736, 1.80191, -2.19209, 4.6565, 0.0]","[-6.2968, -0.05344, 2.36414]",open,
148.85,1786783880.2865,sample,"[1.32678, -1.4974, 1.80202, -2.1921, 4.6565, 0.0]","[-6.27785, -0.0538, 2.36409]",open,
148.95,1786783880.3915,sample,"[1.29848, -1.49743, 1.80207, -2.19209, 4.6565, 0.0]","[-6.25675, -0.05475, 2.36408]",open,
149.05,1786783880.5055,sample,"[1.27324, -1.49745, 1.80207, -2.19209, 4.6565, 0.0]","[-6.23796, -0.05608, 2.3641]",open,
149.15,1786783880.6106,sample,"[1.2629, -1.49745, 1.80207, -2.19209, 4.6565, 0.0]","[-6.23027, -0.05677, 2.3641]",open,
149.25,1786783880.7081,sample,"[1.25909, -1.49745, 1.80207, -2.19209, 4.6565, 0.0]","[-6.22744, -0.05704, 2.3641]",open,
149.35,1786783880.8192,sample,"[1.25769, -1.49822, 1.80284, -2.19209, 4.6565, 0.0]","[-6.22654, -0.05758, 2.36413]",open,
149.45,1786783880.9388,sample,"[1.25717, -1.51345, 1.8181, -2.19209, 4.6565, 0.0]","[-6.22903, -0.06648, 2.36471]",open,
149.55,1786783881.0494,sample,"[1.25699, -1.53802, 1.84267, -2.19209, 4.6565, 0.0]","[-6.23353, -0.08078, 2.36539]",open,
149.65,1786783881.1518,sample,"[1.25693, -1.56602, 1.87067, -2.19209, 4.6565, 0.0]","[-6.23878, -0.09708, 2.36571]",open,
149.75,1786783881.2673,sample,"[1.25691, -1.59114, 1.89917, -2.19209, 4.6565, 0.0]","[-6.24375, -0.11242, 2.36329]",open,
149.85,1786783881.376,sample,"[1.2569, -1.60145, 1.91366, -2.19209, 4.6565, 0.0]","[-6.24598, -0.11932, 2.36026]",open,
149.95,1786783881.4851,sample,"[1.2569, -1.60524, 1.91899, -2.19209, 4.6565, 0.0]","[-6.24681, -0.12187, 2.35914]",open,
150.05,1786783881.5986,sample,"[1.25689, -1.60664, 1.92096, -2.19209, 4.6565, 0.0]","[-6.24711, -0.1228, 2.35872]",open,
150.15,1786783881.7021,sample,"[1.25689, -1.60716, 1.92168, -2.19209, 4.6565, 0.0]","[-6.24722, -0.12315, 2.35857]",open,
150.25,1786783881.8096,sample,"[1.2569, -1.59795, 1.92194, -2.19209, 4.6565, 0.0]","[-6.24617, -0.11989, 2.3523]",open,
150.35,1786783881.914,sample,"[1.25691, -1.57559, 1.92203, -2.19209, 4.6565, 0.0]","[-6.24364, -0.11209, 2.33731]",open,
150.45,1786783882.015,sample,"[1.25691, -1.54841, 1.92208, -2.19209, 4.6565, 0.0]","[-6.24069, -0.10301, 2.31888]",open,
150.55,1786783882.1139,sample,"[1.25691, -1.51944, 1.9221, -2.19209, 4.6565, 0.0]","[-6.23773, -0.09387, 2.299]",open,
150.65,1786783882.2244,sample,"[1.25691, -1.48982, 1.9221, -2.19209, 4.6565, 0.0]","[-6.23487, -0.08508, 2.2784]",open,
150.75,1786783882.3437,sample,"[1.25691, -1.45996, 1.9221, -2.19209, 4.6565, 0.0]","[-6.23219, -0.07682, 2.25736]",open,
150.85,1786783882.4549,sample,"[1.25691, -1.43001, 1.9221, -2.19209, 4.65651, 0.0]","[-6.22969, -0.06913, 2.23601]",open,
150.95,1786783882.5648,sample,"[1.25689, -1.40943, 1.92209, -2.19209, 4.65651, -0.0]","[-6.22808, -0.0642, 2.2212]",open,
151.05,1786783882.6738,sample,"[1.25687, -1.40185, 1.92208, -2.19209, 4.65651, -0.0]","[-6.2275, -0.06245, 2.21574]",open,
151.15,1786783882.7921,sample,"[1.25686, -1.39907, 1.92207, -2.19209, 4.65651, -0.0]","[-6.22728, -0.06182, 2.21373]",open,
151.25,1786783882.9051,sample,"[1.25685, -1.39804, 1.92207, -2.19209, 4.65651, -0.0]","[-6.2272, -0.06159, 2.21299]",open,
151.35,1786783883.0314,sample,"[1.25608, -1.39767, 1.92207, -2.19209, 4.65651, -0.0]","[-6.22661, -0.06156, 2.21271]",open,
151.45,1786783883.1481,sample,"[1.24086, -1.39753, 1.92207, -2.19209, 4.65651, -0.0]","[-6.21536, -0.06273, 2.21261]",open,
151.55,1786783883.2641,sample,"[1.22885, -1.39748, 1.92207, -2.19209, 4.65651, 0.0]","[-6.20652, -0.06379, 2.21257]",open,
151.65,1786783883.3817,sample,"[1.22444, -1.39745, 1.92207, -2.19209, 4.65651, 0.0]","[-6.20327, -0.06421, 2.21256]",open,
151.75,1786783883.4806,sample,"[1.22281, -1.39745, 1.92207, -2.19209, 4.65651, 0.0]","[-6.20207, -0.06437, 2.21256]",open,
151.85,1786783883.5809,sample,"[1.22221, -1.39745, 1.92207, -2.19209, 4.65651, 0.0]","[-6.20163, -0.06442, 2.21256]",open,
151.95,1786783883.6839,sample,"[1.22614, -1.39745, 1.92207, -2.19209, 4.65651, 0.0]","[-6.20452, -0.06404, 2.21256]",open,
152.05,1786783883.7836,sample,"[1.24548, -1.39745, 1.92207, -2.19209, 4.65651, 0.0]","[-6.21877, -0.06233, 2.21256]",open,
152.15,1786783883.886,sample,"[1.27156, -1.39745, 1.92207, -2.19209, 4.65651, -0.0]","[-6.23803, -0.06047, 2.21256]",open,
152.25,1786783883.9895,sample,"[1.30012, -1.39745, 1.92207, -2.19209, 4.6565, -0.0]","[-6.25917, -0.059, 2.21256]",open,
152.35,1786783884.1015,sample,"[1.32545, -1.39745, 1.92207, -2.19209, 4.6565, -0.0]","[-6.27795, -0.0582, 2.21256]",open,
152.45,1786783884.201,sample,"[1.33583, -1.39745, 1.92207, -2.19209, 4.6565, -0.0]","[-6.28565, -0.05801, 2.21256]",open,
152.55,1786783884.3025,sample,"[1.33965, -1.39745, 1.92207, -2.19209, 4.6565, -0.0]","[-6.28849, -0.05797, 2.21256]",open,
152.65,1786783884.4103,sample,"[1.34105, -1.39745, 1.92207, -2.19209, 4.6565, -0.0]","[-6.28953, -0.05795, 2.21256]",open,
152.75,1786783884.5221,sample,"[1.34157, -1.39745, 1.92207, -2.19209, 4.6565, -0.0]","[-6.28991, -0.05794, 2.21256]",open,
152.85,1786783884.6497,sample,"[1.34176, -1.39963, 1.92866, -2.19209, 4.6565, -0.0]","[-6.29072, -0.0608, 2.21006]",open,
152.95,1786783884.7591,sample,"[1.34182, -1.41637, 1.94895, -2.19209, 4.65651, -0.0]","[-6.29336, -0.07193, 2.20952]",open,
153.05,1786783884.8652,sample,"[1.34184, -1.42653, 1.96042, -2.19209, 4.65651, 0.0]","[-6.29488, -0.0784, 2.20965]",open,
153.15,1786783884.9863,sample,"[1.34184, -1.43028, 1.96464, -2.19209, 4.65651, -0.0]","[-6.29544, -0.08078, 2.20968]",open,
153.25,1786783885.0962,sample,"[1.34184, -1.43165, 1.96619, -2.19209, 4.65651, -0.0]","[-6.29564, -0.08165, 2.20969]",open,
153.35,1786783885.1981,sample,"[1.34184, -1.43216, 1.96677, -2.19209, 4.65651, -0.0]","[-6.29572, -0.08198, 2.20969]",open,
153.45,1786783885.3018,sample,"[1.34184, -1.43235, 1.96698, -2.19209, 4.65651, -0.0]","[-6.29574, -0.0821, 2.20969]",open,
153.55,1786783885.4085,sample,"[1.34184, -1.41986, 1.96703, -2.19209, 4.65651, -0.0]","[-6.2951, -0.07934, 2.20089]",open,
153.65,1786783885.5101,sample,"[1.34183, -1.40885, 1.96707, -2.19209, 4.65651, -0.0]","[-6.29455, -0.077, 2.19312]",open,
153.75,1786783885.6111,sample,"[1.34184, -1.40481, 1.96707, -2.19209, 4.65651, -0.0]","[-6.29436, -0.07615, 2.19026]",open,
153.85,1786783885.7196,sample,"[1.34184, -1.40332, 1.96707, -2.19209, 4.65651, -0.0]","[-6.29428, -0.07584, 2.18922]",open,
153.95,1786783885.8236,sample,"[1.34184, -1.40201, 1.96707, -2.19209, 4.65651, -0.0]","[-6.29422, -0.07557, 2.18829]",open,
154.05,1786783885.9286,sample,"[1.34183, -1.38875, 1.96708, -2.19209, 4.65651, -0.0]","[-6.2936, -0.0729, 2.17889]",open,
154.15,1786783886.0336,sample,"[1.34184, -1.38161, 1.96707, -2.19209, 4.65651, -0.0]","[-6.29328, -0.07151, 2.17382]",open,
154.25,1786783886.1331,sample,"[1.34184, -1.37898, 1.96707, -2.19209, 4.65651, -0.0]","[-6.29316, -0.07101, 2.17196]",open,
154.35,1786783886.2341,sample,"[1.34184, -1.37802, 1.96707, -2.19209, 4.65651, -0.0]","[-6.29312, -0.07082, 2.17127]",open,
154.45,1786783886.3455,sample,"[1.34184, -1.37767, 1.96707, -2.19209, 4.65651, -0.0]","[-6.2931, -0.07076, 2.17102]",open,
154.55,1786783886.4541,sample,"[1.34184, -1.37753, 1.96707, -2.19209, 4.65651, -0.0]","[-6.2931, -0.07073, 2.17092]",open,
154.65,1786783886.5648,sample,"[1.34183, -1.36885, 1.96708, -2.19209, 4.65651, -0.0]","[-6.29272, -0.06912, 2.16473]",open,
154.75,1786783886.6662,sample,"[1.34186, -1.36174, 1.96688, -2.1921, 4.65651, 0.0]","[-6.29242, -0.06776, 2.15977]",open,
154.85,1786783886.7728,sample,"[1.34187, -1.3592, 1.96667, -2.19212, 4.65651, 0.0]","[-6.2923, -0.06722, 2.15808]",open,
154.95,1786783886.8792,sample,"[1.34188, -1.35839, 1.96639, -2.19213, 4.65651, 0.0]","[-6.29224, -0.06696, 2.15767]",open,
155.05,1786783887.0064,sample,"[1.34188, -1.35814, 1.96617, -2.19213, 4.65651, 0.0]","[-6.29222, -0.06683, 2.15762]",open,
155.15,1786783887.1181,sample,"[1.34189, -1.35806, 1.96608, -2.19213, 4.65652, 0.0]","[-6.29221, -0.06678, 2.15761]",open,
155.25,1786783887.2345,sample,"[1.34189, -1.35803, 1.96604, -2.19213, 4.65652, 0.0]","[-6.29221, -0.06676, 2.15761]",open,
155.35,1786783887.3933,sample,"[1.34188, -1.35801, 1.96605, -2.19213, 4.65652, 0.0]","[-6.2922, -0.06676, 2.15759]",closed,pkg_003
155.45,1786783887.5165,sample,"[1.34188, -1.358, 1.96605, -2.19213, 4.65652, 0.0]","[-6.2922, -0.06675, 2.15759]",closed,pkg_003
155.55,1786783887.6249,sample,"[1.34188, -1.358, 1.96604, -2.19213, 4.65652, 0.0]","[-6.2922, -0.06675, 2.15759]",closed,pkg_003
155.65,1786783887.7435,sample,"[1.34187, -1.36008, 1.96629, -2.19215, 4.65652, -0.0]","[-6.2923, -0.06722, 2.15893]",closed,pkg_003
155.75,1786783887.8552,sample,"[1.34185, -1.3773, 1.96682, -2.19214, 4.65652, -0.0]","[-6.29307, -0.07059, 2.17092]",closed,pkg_003
155.85,1786783887.9663,sample,"[1.34187, -1.40259, 1.96702, -2.19214, 4.65651, 0.0]","[-6.29426, -0.07566, 2.18874]",closed,pkg_003
155.95,1786783888.0807,sample,"[1.34187, -1.43086, 1.96708, -2.19214, 4.65651, 0.0]","[-6.29569, -0.08179, 2.20859]",closed,pkg_003
156.05,1786783888.2024,sample,"[1.34187, -1.46022, 1.96712, -2.19214, 4.65651, 0.0]","[-6.29731, -0.08873, 2.22903]",closed,pkg_003
156.15,1786783888.3235,sample,"[1.34188, -1.48999, 1.96714, -2.19213, 4.65651, 0.0]","[-6.29909, -0.09634, 2.24954]",closed,pkg_003
156.25,1786783888.4382,sample,"[1.34187, -1.5199, 1.96713, -2.19213, 4.65649, 0.0]","[-6.30101, -0.10458, 2.26993]",closed,pkg_003
156.35,1786783888.5476,sample,"[1.34187, -1.54987, 1.96713, -2.19213, 4.65648, 0.0]","[-6.30307, -0.11343, 2.29008]",closed,pkg_003
156.45,1786783888.6685,sample,"[1.34264, -1.57986, 1.96712, -2.19212, 4.65647, 0.0]","[-6.30579, -0.12288, 2.30997]",closed,pkg_003
156.55,1786783888.7776,sample,"[1.35788, -1.60986, 1.96711, -2.19212, 4.65647, 0.0]","[-6.31828, -0.1331, 2.32957]",closed,pkg_003
156.65,1786783888.8815,sample,"[1.38245, -1.63987, 1.96711, -2.19212, 4.65647, 0.0]","[-6.33669, -0.14443, 2.34885]",closed,pkg_003
156.75,1786783888.9821,sample,"[1.41046, -1.66987, 1.96711, -2.19212, 4.65646, 0.0]","[-6.35686, -0.15701, 2.3678]",closed,pkg_003
156.85,1786783889.0859,sample,"[1.43973, -1.69987, 1.96711, -2.19211, 4.65646, 0.0]","[-6.37722, -0.17086, 2.38639]",closed,pkg_003
156.95,1786783889.1932,sample,"[1.46946, -1.72987, 1.96711, -2.19211, 4.65646, -0.0]","[-6.39716, -0.18593, 2.40461]",closed,pkg_003
157.05,1786783889.3406,sample,"[1.49936, -1.75987, 1.96711, -2.19211, 4.65645, -0.0]","[-6.41641, -0.20218, 2.42245]",closed,pkg_003
157.15,1786783889.4543,sample,"[1.52933, -1.78987, 1.96711, -2.19211, 4.65645, -0.0]","[-6.43484, -0.21955, 2.43989]",closed,pkg_003
157.25,1786783889.5606,sample,"[1.55932, -1.81987, 1.96711, -2.1921, 4.65645, -0.0]","[-6.45235, -0.23801, 2.45691]",closed,pkg_003
157.35,1786783889.6716,sample,"[1.58932, -1.84988, 1.96711, -2.1921, 4.65645, -0.0]","[-6.46886, -0.25748, 2.47349]",closed,pkg_003
157.45,1786783889.7861,sample,"[1.61932, -1.87988, 1.96711, -2.1921, 4.65646, -0.0]","[-6.48433, -0.27792, 2.48964]",closed,pkg_003
157.55,1786783889.9,sample,"[1.64932, -1.90988, 1.96711, -2.1921, 4.65646, -0.0]","[-6.49868, -0.29925, 2.50532]",closed,pkg_003
157.65,1786783890.0164,sample,"[1.67933, -1.93988, 1.96711, -2.1921, 4.65647, -0.0]","[-6.51187, -0.32143, 2.52052]",closed,pkg_003
157.75,1786783890.1633,sample,"[1.70934, -1.96331, 1.96711, -2.1921, 4.65647, -0.0]","[-6.52436, -0.34075, 2.53205]",closed,pkg_003
157.85,1786783890.2774,sample,"[1.73934, -1.97227, 1.96712, -2.1921, 4.65648, -0.0]","[-6.5372, -0.35261, 2.53638]",closed,pkg_003
157.95,1786783890.389,sample,"[1.76934, -1.97556, 1.96713, -2.19209, 4.65648, -0.0]","[-6.55015, -0.36173, 2.53795]",closed,pkg_003
158.05,1786783890.5081,sample,"[1.79934, -1.97677, 1.96714, -2.19209, 4.65648, -0.0]","[-6.56302, -0.3701, 2.53853]",closed,pkg_003
158.15,1786783890.633,sample,"[1.82933, -1.97722, 1.96714, -2.19209, 4.65649, -0.0]","[-6.57574, -0.37842, 2.53874]",closed,pkg_003
158.25,1786783890.8018,sample,"[1.85933, -1.97738, 1.96714, -2.19209, 4.65649, -0.0]","[-6.58823, -0.38697, 2.53881]",closed,pkg_003
158.35,1786783890.9203,sample,"[1.88933, -1.97745, 1.96714, -2.19209, 4.65649, -0.0]","[-6.60048, -0.39584, 2.53885]",closed,pkg_003
158.45,1786783891.0383,sample,"[1.91933, -1.97746, 1.96714, -2.19209, 4.65649, -0.0]","[-6.61247, -0.40504, 2.53885]",closed,pkg_003
158.55,1786783891.1499,sample,"[1.94933, -1.97746, 1.96714, -2.19209, 4.6565, -0.0]","[-6.62417, -0.41459, 2.53885]",closed,pkg_003
158.65,1786783891.2659,sample,"[1.97933, -1.97746, 1.96714, -2.19209, 4.6565, -0.0]","[-6.63559, -0.42449, 2.53885]",closed,pkg_003
158.75,1786783891.3865,sample,"[2.00933, -1.97746, 1.96714, -2.19209, 4.6565, -0.0]","[-6.6467, -0.43472, 2.53885]",closed,pkg_003
158.85,1786783891.503,sample,"[2.03933, -1.97746, 1.96714, -2.19209, 4.6565, -0.0]","[-6.6575, -0.44528, 2.53885]",closed,pkg_003
158.95,1786783891.6195,sample,"[2.06934, -1.97746, 1.96714, -2.19209, 4.65651, -0.0]","[-6.66798, -0.45617, 2.53885]",closed,pkg_003
159.05,1786783891.7412,sample,"[2.09934, -1.97746, 1.96714, -2.19209, 4.65651, -0.0]","[-6.67813, -0.46736, 2.53885]",closed,pkg_003
159.15,1786783891.8542,sample,"[2.12933, -1.98404, 1.96714, -2.19209, 4.65651, -0.0]","[-6.68597, -0.48199, 2.54199]",closed,pkg_003
159.25,1786783891.9588,sample,"[2.15933, -2.00509, 1.96712, -2.19209, 4.65652, -0.0]","[-6.68867, -0.5037, 2.55186]",closed,pkg_003
159.35,1786783892.0673,sample,"[2.18934, -2.03181, 1.96712, -2.19209, 4.65652, -0.0]","[-6.68839, -0.52814, 2.564]",closed,pkg_003
159.45,1786783892.1722,sample,"[2.21934, -2.0606, 1.96711, -2.19209, 4.65652, -0.0]","[-6.68605, -0.55354, 2.57662]",closed,pkg_003
159.55,1786783892.2736,sample,"[2.24935, -2.09016, 1.96711, -2.19209, 4.65652, -0.0]","[-6.68202, -0.57918, 2.58906]",closed,pkg_003
159.65,1786783892.3966,sample,"[2.27935, -2.12, 1.96711, -2.19209, 4.65653, -0.0]","[-6.67647, -0.60474, 2.60107]",closed,pkg_003
159.75,1786783892.5508,sample,"[2.30935, -2.14995, 1.96711, -2.19209, 4.65653, -0.0]","[-6.66945, -0.63008, 2.61256]",closed,pkg_003
159.85,1786783892.6693,sample,"[2.33936, -2.17993, 1.96711, -2.19209, 4.65653, -0.0]","[-6.66102, -0.65506, 2.6235]",closed,pkg_003
159.95,1786783892.7859,sample,"[2.36936, -2.20992, 1.96711, -2.19209, 4.65654, -0.0]","[-6.6512, -0.6796, 2.63386]",closed,pkg_003
160.05,1786783892.9041,sample,"[2.39936, -2.23993, 1.96711, -2.19209, 4.65654, -0.0]","[-6.64002, -0.70361, 2.64363]",closed,pkg_003
160.15,1786783893.019,sample,"[2.42937, -2.26993, 1.96711, -2.19209, 4.65654, -0.0]","[-6.62751, -0.72702, 2.6528]",closed,pkg_003
160.25,1786783893.135,sample,"[2.45938, -2.29054, 1.9671, -2.1921, 4.65654, -0.0]","[-6.61869, -0.7457, 2.65875]",closed,pkg_003
160.35,1786783893.2431,sample,"[2.48937, -2.29812, 1.96711, -2.1921, 4.65654, -0.0]","[-6.61606, -0.75843, 2.66087]",closed,pkg_003
160.45,1786783893.3426,sample,"[2.51937, -2.3009, 1.96711, -2.1921, 4.65654, -0.0]","[-6.61562, -0.76904, 2.66163]",closed,pkg_003
160.55,1786783893.446,sample,"[2.54937, -2.30193, 1.96711, -2.1921, 4.65654, -0.0]","[-6.61582, -0.77891, 2.66191]",closed,pkg_003
160.65,1786783893.5565,sample,"[2.57937, -2.30231, 1.96712, -2.1921, 4.65654, -0.0]","[-6.61609, -0.78853, 2.66202]",closed,pkg_003
160.75,1786783893.665,sample,"[2.60937, -2.30244, 1.96712, -2.1921, 4.65654, -0.0]","[-6.61622, -0.79806, 2.66205]",closed,pkg_003
160.85,1786783893.7643,sample,"[2.63937, -2.3025, 1.96712, -2.1921, 4.65654, -0.0]","[-6.61609, -0.80757, 2.66207]",closed,pkg_003
160.95,1786783893.8804,sample,"[2.66937, -2.3025, 1.96712, -2.1921, 4.65654, -0.0]","[-6.61573, -0.81705, 2.66207]",closed,pkg_003
161.05,1786783893.9915,sample,"[2.69937, -2.3025, 1.96712, -2.1921, 4.65654, -0.0]","[-6.61507, -0.82651, 2.66207]",closed,pkg_003
161.15,1786783894.0935,sample,"[2.72937, -2.3025, 1.96712, -2.1921, 4.65654, -0.0]","[-6.61414, -0.83595, 2.66206]",closed,pkg_003
161.25,1786783894.2055,sample,"[2.75937, -2.3025, 1.96712, -2.1921, 4.65654, -0.0]","[-6.61291, -0.84536, 2.66207]",closed,pkg_003
161.35,1786783894.3108,sample,"[2.78937, -2.30251, 1.96712, -2.1921, 4.65654, -0.0]","[-6.61141, -0.85472, 2.66207]",closed,pkg_003
161.45,1786783894.4162,sample,"[2.81937, -2.3025, 1.96712, -2.1921, 4.65654, -0.0]","[-6.60963, -0.86404, 2.66206]",closed,pkg_003
161.55,1786783894.5201,sample,"[2.84938, -2.30251, 1.96712, -2.1921, 4.65654, -0.0]","[-6.60757, -0.8733, 2.66206]",closed,pkg_003
161.65,1786783894.6438,sample,"[2.87938, -2.3025, 1.96712, -2.1921, 4.65654, -0.0]","[-6.60523, -0.88249, 2.66206]",closed,pkg_003
161.75,1786783894.7523,sample,"[2.90938, -2.3025, 1.96712, -2.1921, 4.65654, -0.0]","[-6.60262, -0.89161, 2.66206]",closed,pkg_003
161.85,1786783894.8589,sample,"[2.93938, -2.3025, 1.96712, -2.1921, 4.65654, -0.0]","[-6.59974, -0.90065, 2.66206]",closed,pkg_003
161.95,1786783894.9584,sample,"[2.96938, -2.30251, 1.96712, -2.1921, 4.65654, -0.0]","[-6.59658, -0.90959, 2.66207]",closed,pkg_003
162.05,1786783895.0594,sample,"[2.99938, -2.3025, 1.96712, -2.1921, 4.65654, -0.0]","[-6.59316, -0.91844, 2.66206]",closed,pkg_003
162.15,1786783895.165,sample,"[3.02938, -2.3025, 1.96712, -2.1921, 4.65654, -0.0]","[-6.58948, -0.92718, 2.66206]",closed,pkg_003
162.25,1786783895.2735,sample,"[3.05938, -2.3025, 1.96712, -2.1921, 4.65654, -0.0]","[-6.58553, -0.93581, 2.66207]",closed,pkg_003
162.35,1786783895.3823,sample,"[3.08938, -2.3025, 1.96712, -2.1921, 4.65654, -0.0]","[-6.58133, -0.94431, 2.66206]",closed,pkg_003
162.45,1786783895.4985,sample,"[3.11938, -2.3025, 1.96712, -2.1921, 4.65654, -0.0]","[-6.57688, -0.95268, 2.66206]",closed,pkg_003
162.55,1786783895.6105,sample,"[3.14938, -2.3025, 1.96712, -2.1921, 4.65654, -0.0]","[-6.57217, -0.96092, 2.66206]",closed,pkg_003
162.65,1786783895.7266,sample,"[3.17862, -2.30251, 1.96636, -2.1921, 4.65654, -0.0]","[-6.56717, -0.9688, 2.66259]",closed,pkg_003
162.75,1786783895.8331,sample,"[3.19338, -2.30176, 1.95111, -2.1921, 4.65655, -0.0]","[-6.56159, -0.97257, 2.67276]",closed,pkg_003
162.85,1786783895.9406,sample,"[3.19882, -2.28652, 1.92653, -2.1921, 4.65656, -0.0]","[-6.56535, -0.97426, 2.68526]",closed,pkg_003
162.95,1786783896.0576,sample,"[3.20081, -2.26195, 1.89853, -2.1921, 4.65657, -0.0]","[-6.5756, -0.97542, 2.69731]",closed,pkg_003
163.05,1786783896.1661,sample,"[3.20154, -2.23394, 1.86926, -2.1921, 4.65657, -0.0]","[-6.5885, -0.9764, 2.7089]",closed,pkg_003
163.15,1786783896.2685,sample,"[3.2018, -2.20467, 1.83953, -2.1921, 4.65658, -0.0]","[-6.60259, -0.97733, 2.72002]",closed,pkg_003
163.25,1786783896.3786,sample,"[3.20191, -2.17494, 1.80963, -2.1921, 4.65658, -0.0]","[-6.61732, -0.97825, 2.73069]",closed,pkg_003
163.35,1786783896.4966,sample,"[3.20196, -2.14503, 1.77967, -2.1921, 4.65659, -0.0]","[-6.63249, -0.97918, 2.7409]",closed,pkg_003
163.45,1786783896.619,sample,"[3.20196, -2.11506, 1.74968, -2.1921, 4.6566, -0.0]","[-6.648, -0.98012, 2.75064]",closed,pkg_003
163.55,1786783896.7426,sample,"[3.2061, -2.08506, 1.71969, -2.1921, 4.6566, -0.0]","[-6.66306, -0.98259, 2.75991]",closed,pkg_003
163.65,1786783896.8593,sample,"[3.22553, -2.05506, 1.68969, -2.1921, 4.65659, -0.0]","[-6.67551, -0.99095, 2.7687]",closed,pkg_003
163.75,1786783896.9643,sample,"[3.25164, -2.02506, 1.65969, -2.1921, 4.65659, -0.0]","[-6.68668, -1.00249, 2.777]",closed,pkg_003
163.85,1786783897.0673,sample,"[3.2802, -1.99505, 1.62969, -2.1921, 4.65659, -0.0]","[-6.6972, -1.01575, 2.78481]",closed,pkg_003
163.95,1786783897.1825,sample,"[3.30968, -1.96505, 1.59969, -2.1921, 4.65659, -0.0]","[-6.70728, -1.03018, 2.79211]",closed,pkg_003
164.05,1786783897.2924,sample,"[3.32692, -1.93504, 1.56969, -2.1921, 4.65659, -0.0]","[-6.72002, -1.04031, 2.79891]",closed,pkg_003
164.15,1786783897.3984,sample,"[3.33326, -1.90503, 1.53969, -2.1921, 4.65659, -0.0]","[-6.73543, -1.04626, 2.80519]",closed,pkg_003
164.25,1786783897.5014,sample,"[3.33559, -1.87503, 1.50969, -2.19211, 4.65659, -0.0]","[-6.75196, -1.05063, 2.81094]",closed,pkg_003
164.35,1786783897.6065,sample,"[3.33645, -1.84502, 1.47969, -2.19211, 4.65659, -0.0]","[-6.76902, -1.05443, 2.81618]",closed,pkg_003
164.45,1786783897.7156,sample,"[3.34334, -1.81502, 1.45187, -2.19211, 4.65659, -0.0]","[-6.78517, -1.06132, 2.81941]",closed,pkg_003
164.55,1786783897.8231,sample,"[3.3645, -1.78501, 1.43937, -2.19211, 4.65659, -0.0]","[-6.80112, -1.07642, 2.81172]",closed,pkg_003
164.65,1786783897.9308,sample,"[3.38184, -1.755, 1.43478, -2.19212, 4.65658, -0.0]","[-6.81937, -1.09073, 2.798]",closed,pkg_003
164.75,1786783898.0357,sample,"[3.38822, -1.72499, 1.43309, -2.19212, 4.65658, -0.0]","[-6.84082, -1.0999, 2.78158]",closed,pkg_003
164.85,1786783898.1423,sample,"[3.39056, -1.69499, 1.43247, -2.19212, 4.65659, -0.0]","[-6.86315, -1.10703, 2.76372]",closed,pkg_003
164.95,1786783898.2507,sample,"[3.39143, -1.66498, 1.43225, -2.19212, 4.65659, -0.0]","[-6.88545, -1.11328, 2.74488]",closed,pkg_003
165.05,1786783898.3546,sample,"[3.39174, -1.63498, 1.43217, -2.19212, 4.65659, -0.0]","[-6.90738, -1.11909, 2.72525]",closed,pkg_003
165.15,1786783898.4606,sample,"[3.39183, -1.60497, 1.43212, -2.19212, 4.65658, -0.0]","[-6.92881, -1.12462, 2.70492]",closed,pkg_003
165.25,1786783898.5631,sample,"[3.39187, -1.57497, 1.43212, -2.19212, 4.65658, -0.0]","[-6.94966, -1.12998, 2.6839]",closed,pkg_003
165.35,1786783898.673,sample,"[3.39189, -1.54497, 1.43212, -2.19212, 4.65658, -0.0]","[-6.96989, -1.13517, 2.66225]",closed,pkg_003
165.45,1786783898.8014,sample,"[3.39192, -1.51496, 1.43212, -2.19212, 4.65658, -0.0]","[-6.98949, -1.1402, 2.63998]",closed,pkg_003
165.55,1786783898.905,sample,"[3.39193, -1.48496, 1.43212, -2.19212, 4.65657, -0.0]","[-7.00842, -1.14505, 2.61712]",closed,pkg_003
165.65,1786783899.0029,sample,"[3.39194, -1.45713, 1.43213, -2.19212, 4.65657, -0.0]","[-7.02539, -1.1494, 2.59539]",closed,pkg_003
165.75,1786783899.1435,sample,"[3.39193, -1.44463, 1.43213, -2.19212, 4.65657, -0.0]","[-7.03283, -1.15129, 2.58547]",open,
165.85,1786783899.2766,sample,"[3.39193, -1.44005, 1.43211, -2.19212, 4.65657, 0.0]","[-7.03552, -1.15198, 2.58183]",open,
165.95,1786783899.3811,sample,"[3.39192, -1.43836, 1.43209, -2.19212, 4.65657, 0.0]","[-7.03651, -1.15223, 2.58049]",open,
166.05,1786783899.5026,sample,"[3.39115, -1.43774, 1.43207, -2.19212, 4.65656, 0.0]","[-7.03715, -1.15175, 2.58001]",open,
166.15,1786783899.6153,sample,"[3.37591, -1.43752, 1.43207, -2.19211, 4.65656, 0.0]","[-7.04255, -1.14051, 2.57983]",open,
166.25,1786783899.7305,sample,"[3.35134, -1.43744, 1.43207, -2.19211, 4.65656, 0.0]","[-7.05074, -1.12217, 2.57977]",open,
166.35,1786783899.8662,sample,"[3.32333, -1.43741, 1.43207, -2.19211, 4.65656, 0.0]","[-7.05949, -1.10103, 2.57974]",open,
166.45,1786783899.9726,sample,"[3.29407, -1.43738, 1.43207, -2.19211, 4.65656, 0.0]","[-7.06798, -1.07867, 2.57972]",open,
166.55,1786783900.0888,sample,"[3.26434, -1.43737, 1.43207, -2.1921, 4.65656, 0.0]","[-7.07594, -1.05572, 2.57971]",open,
166.65,1786783900.2138,sample,"[3.23443, -1.43737, 1.43207, -2.1921, 4.65656, 0.0]","[-7.08324, -1.03241, 2.57971]",open,
166.75,1786783900.3386,sample,"[3.20447, -1.43737, 1.43207, -2.1921, 4.65656, 0.0]","[-7.08985, -1.00884, 2.57971]",open,
166.85,1786783900.4531,sample,"[3.17448, -1.43737, 1.43207, -2.1921, 4.65656, 0.0]","[-7.09575, -0.98506, 2.57971]",open,
166.95,1786783900.5802,sample,"[3.14449, -1.43737, 1.43207, -2.1921, 4.65656, 0.0]","[-7.10095, -0.96112, 2.57971]",open,
167.05,1786783900.6976,sample,"[3.11449, -1.43737, 1.43207, -2.1921, 4.65656, 0.0]","[-7.10542, -0.93702, 2.57971]",open,
167.15,1786783900.8191,sample,"[3.08449, -1.43737, 1.43207, -2.1921, 4.65656, 0.0]","[-7.10917, -0.9128, 2.57971]",open,
167.25,1786783901.0206,sample,"[3.05448, -1.43737, 1.43207, -2.1921, 4.65656, 0.0]","[-7.11218, -0.88847, 2.57971]",open,
167.35,1786783901.1372,sample,"[3.02448, -1.43737, 1.43207, -2.1921, 4.65656, 0.0]","[-7.11447, -0.86407, 2.57971]",open,
167.45,1786783901.2512,sample,"[2.99448, -1.43737, 1.43207, -2.1921, 4.65656, 0.0]","[-7.11603, -0.83961, 2.57971]",open,
167.55,1786783901.3662,sample,"[2.96448, -1.43737, 1.43207, -2.1921, 4.65656, 0.0]","[-7.11685, -0.81512, 2.57971]",open,
167.65,1786783901.4841,sample,"[2.93448, -1.43737, 1.43207, -2.1921, 4.65656, 0.0]","[-7.11694, -0.79061, 2.57971]",open,
167.75,1786783901.6102,sample,"[2.90448, -1.43737, 1.43207, -2.1921, 4.65656, 0.0]","[-7.11629, -0.76611, 2.57971]",open,
167.85,1786783901.7328,sample,"[2.87448, -1.43737, 1.43207, -2.1921, 4.65656, 0.0]","[-7.1149, -0.74164, 2.57971]",open,
167.95,1786783901.8464,sample,"[2.84448, -1.43737, 1.43207, -2.1921, 4.65656, 0.0]","[-7.11278, -0.71722, 2.57971]",open,
168.05,1786783901.9676,sample,"[2.81448, -1.43737, 1.43207, -2.1921, 4.65656, 0.0]","[-7.10994, -0.69287, 2.57971]",open,
168.15,1786783902.1073,sample,"[2.78448, -1.43737, 1.43207, -2.1921, 4.65656, 0.0]","[-7.10636, -0.66863, 2.57971]",open,
168.25,1786783902.232,sample,"[2.75448, -1.43737, 1.43207, -2.1921, 4.65656, 0.0]","[-7.10206, -0.6445, 2.57971]",open,
168.35,1786783902.3746,sample,"[2.72448, -1.43737, 1.43207, -2.1921, 4.65656, 0.0]","[-7.09703, -0.62051, 2.57971]",open,
168.45,1786783902.4943,sample,"[2.69448, -1.43737, 1.43207, -2.1921, 4.65656, 0.0]","[-7.09129, -0.59668, 2.57971]",open,
168.55,1786783902.6128,sample,"[2.66448, -1.43737, 1.43207, -2.1921, 4.65656, 0.0]","[-7.08483, -0.57304, 2.57971]",open,
168.65,1786783902.7239,sample,"[2.63447, -1.43737, 1.43207, -2.1921, 4.65656, 0.0]","[-7.07767, -0.5496, 2.57971]",open,
168.75,1786783902.8435,sample,"[2.60447, -1.43737, 1.43207, -2.1921, 4.65656, 0.0]","[-7.06981, -0.52639, 2.57971]",open,
168.85,1786783902.978,sample,"[2.57447, -1.43737, 1.43207, -2.1921, 4.65656, 0.0]","[-7.06126, -0.50342, 2.57971]",open,
168.95,1786783903.1021,sample,"[2.54447, -1.43737, 1.43207, -2.1921, 4.65656, 0.0]","[-7.05202, -0.48072, 2.57971]",open,
169.05,1786783903.2119,sample,"[2.52105, -1.43737, 1.43207, -2.1921, 4.65656, 0.0]","[-7.04433, -0.46319, 2.57971]",open,
169.15,1786783903.3308,sample,"[2.5121, -1.43737, 1.43207, -2.19209, 4.65656, 0.0]","[-7.04129, -0.45654, 2.57971]",open,
169.25,1786783903.4615,sample,"[2.5088, -1.43737, 1.43207, -2.19209, 4.65656, 0.0]","[-7.04015, -0.4541, 2.57971]",open,
169.35,1786783903.5875,sample,"[2.50759, -1.43737, 1.43207, -2.19209, 4.65655, 0.0]","[-7.03973, -0.4532, 2.57971]",open,
169.45,1786783903.7147,sample,"[2.50715, -1.43737, 1.43207, -2.19209, 4.65655, 0.0]","[-7.03958, -0.45287, 2.57971]",open,
169.55,1786783903.851,sample,"[2.50698, -1.43737, 1.43207, -2.19209, 4.65655, 0.0]","[-7.03952, -0.45275, 2.57971]",open,
169.65,1786783903.9801,sample,"[2.50696, -1.43737, 1.43207, -2.19209, 4.65654, 0.0]","[-7.03951, -0.45274, 2.57971]",open,
169.75,1786783904.1083,sample,"[2.50695, -1.43737, 1.43207, -2.19209, 4.65654, 0.0]","[-7.03951, -0.45273, 2.57971]",open,
169.85,1786783904.2245,sample,"[2.50694, -1.43737, 1.43207, -2.19209, 4.65654, 0.0]","[-7.0395, -0.45272, 2.57971]",open,
169.95,1786783904.3439,sample,"[2.50693, -1.43737, 1.43207, -2.19209, 4.65654, 0.0]","[-7.0395, -0.45271, 2.57971]",open,
170.05,1786783904.4696,sample,"[2.50692, -1.43737, 1.43207, -2.19209, 4.65653, 0.0]","[-7.0395, -0.4527, 2.57971]",open,
170.15,1786783904.601,sample,"[2.50691, -1.43737, 1.43207, -2.19209, 4.65653, 0.0]","[-7.03949, -0.4527, 2.57971]",open,
170.25,1786783904.7314,sample,"[2.5069, -1.43737, 1.43207, -2.19209, 4.65653, 0.0]","[-7.03949, -0.45269, 2.57971]",open,
170.35,1786783904.8799,sample,"[2.5069, -1.43737, 1.43207, -2.19209, 4.65652, 0.0]","[-7.03949, -0.45269, 2.57971]",open,
170.45,1786783905.0126,sample,"[2.5069, -1.43737, 1.43207, -2.19209, 4.65652, 0.0]","[-7.03949, -0.45269, 2.57971]",open,
170.55,1786783905.1391,sample,"[2.50689, -1.43737, 1.43207, -2.19209, 4.65652, 0.0]","[-7.03949, -0.45268, 2.57971]",open,
170.65,1786783905.2647,sample,"[2.50689, -1.43737, 1.43207, -2.19209, 4.65652, 0.0]","[-7.03949, -0.45268, 2.57971]",open,
170.75,1786783905.3919,sample,"[2.50689, -1.43737, 1.43207, -2.19209, 4.65651, 0.0]","[-7.03948, -0.45268, 2.57971]",open,
170.85,1786783905.5104,sample,"[2.50689, -1.43737, 1.43207, -2.19209, 4.65651, 0.0]","[-7.03948, -0.45268, 2.57971]",open,
170.95,1786783905.6317,sample,"[2.50689, -1.43737, 1.43207, -2.19209, 4.65651, 0.0]","[-7.03948, -0.45268, 2.57971]",open,
171.05,1786783905.759,sample,"[2.50688, -1.43737, 1.43207, -2.19209, 4.6565, 0.0]","[-7.03948, -0.45268, 2.57971]",open,
171.15,1786783905.8984,sample,"[2.50688, -1.43737, 1.43207, -2.19209, 4.6565, 0.0]","[-7.03948, -0.45268, 2.57971]",open,
171.25,1786783906.0307,sample,"[2.50688, -1.43737, 1.43207, -2.19209, 4.6565, 0.0]","[-7.03948, -0.45267, 2.57971]",open,
171.35,1786783906.1616,sample,"[2.50688, -1.43737, 1.43207, -2.19209, 4.6565, 0.0]","[-7.03948, -0.45267, 2.57971]",open,
171.45,1786783906.2948,sample,"[2.50688, -1.43737, 1.43207, -2.19209, 4.65649, 0.0]","[-7.03948, -0.45267, 2.57971]",open,
171.55,1786783906.4198,sample,"[2.50688, -1.43737, 1.43207, -2.19209, 4.65649, 0.0]","[-7.03948, -0.45267, 2.57971]",open,
171.65,1786783906.5459,sample,"[2.50688, -1.43737, 1.43207, -2.19209, 4.65649, 0.0]","[-7.03948, -0.45267, 2.57971]",open,
171.75,1786783906.675,sample,"[2.50687, -1.43737, 1.43207, -2.19209, 4.65648, 0.0]","[-7.03948, -0.45267, 2.57971]",open,
171.85,1786783906.7965,sample,"[2.50687, -1.43737, 1.43207, -2.19209, 4.65648, 0.0]","[-7.03948, -0.45267, 2.57971]",open,
171.95,1786783906.9381,sample,"[2.50687, -1.43737, 1.43207, -2.19209, 4.65648, 0.0]","[-7.03948, -0.45267, 2.57971]",open,
172.05,1786783907.0645,sample,"[2.50687, -1.43737, 1.43207, -2.19209, 4.65648, 0.0]","[-7.03948, -0.45266, 2.57971]",open,
172.15,1786783907.1982,sample,"[2.50687, -1.43737, 1.43207, -2.19209, 4.65647, 0.0]","[-7.03948, -0.45266, 2.57971]",open,
172.25,1786783907.3141,sample,"[2.50687, -1.43737, 1.43207, -2.19209, 4.65647, 0.0]","[-7.03948, -0.45266, 2.57971]",open,
172.35,1786783907.4362,sample,"[2.50469, -1.43737, 1.43207, -2.19209, 4.65647, 0.0]","[-7.03872, -0.45106, 2.57971]",open,
172.45,1786783907.5501,sample,"[2.4872, -1.43737, 1.43207, -2.1921, 4.65647, 0.0]","[-7.0325, -0.43819, 2.57971]",open,
172.55,1786783907.6652,sample,"[2.46838, -1.43737, 1.43207, -2.19209, 4.65647, 0.0]","[-7.02556, -0.42446, 2.57971]",open,
172.65,1786783907.7794,sample,"[2.46111, -1.43737, 1.43207, -2.19209, 4.65646, 0.0]","[-7.02281, -0.4192, 2.57971]",open,
172.75,1786783907.8966,sample,"[2.45844, -1.43737, 1.43207, -2.19209, 4.65646, 0.0]","[-7.0218, -0.41727, 2.57971]",open,
172.85,1786783908.0213,sample,"[2.45746, -1.43737, 1.43207, -2.19209, 4.65646, 0.0]","[-7.02142, -0.41657, 2.57971]",open,
172.95,1786783908.1494,sample,"[2.45711, -1.43737, 1.43207, -2.19209, 4.65645, 0.0]","[-7.02128, -0.41631, 2.57971]",open,
173.05,1786783908.2837,sample,"[2.45698, -1.43737, 1.43207, -2.19209, 4.65645, 0.0]","[-7.02123, -0.41622, 2.57971]",open,
173.15,1786783908.4073,sample,"[2.45696, -1.43737, 1.43207, -2.19209, 4.65645, 0.0]","[-7.02123, -0.4162, 2.57971]",open,
173.25,1786783908.532,sample,"[2.45694, -1.43737, 1.43207, -2.19209, 4.65645, 0.0]","[-7.02122, -0.41619, 2.57971]",open,
173.35,1786783908.6632,sample,"[2.45693, -1.43737, 1.43207, -2.19209, 4.65644, 0.0]","[-7.02122, -0.41618, 2.57971]",open,
173.45,1786783908.7862,sample,"[2.45277, -1.43737, 1.43207, -2.19209, 4.65644, 0.0]","[-7.01961, -0.41318, 2.57971]",open,
173.55,1786783908.9037,sample,"[2.43333, -1.43737, 1.43207, -2.1921, 4.65644, 0.0]","[-7.01196, -0.39927, 2.57971]",open,
173.65,1786783909.0286,sample,"[2.40721, -1.43737, 1.43207, -2.1921, 4.65644, 0.0]","[-7.00125, -0.38081, 2.57971]",open,
173.75,1786783909.1554,sample,"[2.37864, -1.43737, 1.43207, -2.1921, 4.65644, 0.0]","[-6.98899, -0.36095, 2.57971]",open,
173.85,1786783909.2947,sample,"[2.34917, -1.43737, 1.43207, -2.1921, 4.65644, 0.0]","[-6.97575, -0.34084, 2.57971]",open,
173.95,1786783909.423,sample,"[2.31936, -1.43737, 1.43207, -2.1921, 4.65644, 0.0]","[-6.96176, -0.3209, 2.57971]",open,
174.05,1786783909.5531,sample,"[2.28943, -1.43737, 1.43207, -2.1921, 4.65644, 0.0]","[-6.94713, -0.30131, 2.57971]",open,
174.15,1786783909.6727,sample,"[2.25945, -1.43737, 1.43207, -2.1921, 4.65644, 0.0]","[-6.93189, -0.28214, 2.57971]",open,
174.25,1786783909.8056,sample,"[2.22946, -1.43737, 1.43207, -2.1921, 4.65644, 0.0]","[-6.91608, -0.26343, 2.57971]",open,
174.35,1786783909.9331,sample,"[2.19946, -1.43737, 1.43207, -2.1921, 4.65644, 0.0]","[-6.89971, -0.24519, 2.57971]",open,
174.45,1786783910.0708,sample,"[2.16946, -1.43737, 1.43207, -2.1921, 4.65644, 0.0]","[-6.8828, -0.22745, 2.57971]",open,
174.55,1786783910.2016,sample,"[2.13946, -1.43737, 1.43207, -2.1921, 4.65644, 0.0]","[-6.86536, -0.21023, 2.57971]",open,
174.65,1786783910.3329,sample,"[2.10946, -1.43737, 1.43207, -2.1921, 4.65644, 0.0]","[-6.84742, -0.19353, 2.57971]",open,
174.75,1786783910.4605,sample,"[2.07946, -1.43737, 1.43207, -2.1921, 4.65644, 0.0]","[-6.82898, -0.17738, 2.57971]",open,
174.85,1786783910.5861,sample,"[2.04946, -1.43737, 1.43207, -2.1921, 4.65644, 0.0]","[-6.81006, -0.1618, 2.57971]",open,
174.95,1786783910.7166,sample,"[2.01946, -1.43737, 1.43207, -2.1921, 4.65644, 0.0]","[-6.79069, -0.14678, 2.57971]",open,
175.05,1786783910.8472,sample,"[1.98946, -1.43737, 1.43207, -2.1921, 4.65644, 0.0]","[-6.77088, -0.13236, 2.57971]",open,
175.15,1786783910.9795,sample,"[1.95946, -1.43737, 1.43207, -2.1921, 4.65644, 0.0]","[-6.75064, -0.11854, 2.57971]",open,
175.25,1786783911.1163,sample,"[1.92946, -1.43737, 1.43207, -2.1921, 4.65644, 0.0]","[-6.73, -0.10533, 2.57971]",open,
175.35,1786783911.2525,sample,"[1.89946, -1.43737, 1.43207, -2.1921, 4.65644, 0.0]","[-6.70897, -0.09274, 2.57971]",open,
175.45,1786783911.3791,sample,"[1.86946, -1.43737, 1.43207, -2.1921, 4.65644, 0.0]","[-6.68757, -0.08079, 2.57971]",open,
175.55,1786783911.5056,sample,"[1.83946, -1.43737, 1.43207, -2.1921, 4.65644, 0.0]","[-6.66582, -0.06949, 2.57971]",open,
175.65,1786783911.6359,sample,"[1.80946, -1.43737, 1.43207, -2.1921, 4.65644, 0.0]","[-6.64374, -0.05885, 2.57971]",open,
175.75,1786783911.7616,sample,"[1.77946, -1.43737, 1.43207, -2.1921, 4.65644, 0.0]","[-6.62136, -0.04887, 2.57971]",open,
175.85,1786783911.8907,sample,"[1.74946, -1.43737, 1.43207, -2.1921, 4.65644, 0.0]","[-6.59868, -0.03957, 2.57971]",open,
175.95,1786783912.0199,sample,"[1.71946, -1.43737, 1.43207, -2.1921, 4.65644, 0.0]","[-6.57574, -0.03095, 2.57971]",open,
176.05,1786783912.1466,sample,"[1.68946, -1.43737, 1.43207, -2.1921, 4.65644, 0.0]","[-6.55255, -0.02303, 2.57971]",open,
176.15,1786783912.2775,sample,"[1.65946, -1.43737, 1.43207, -2.1921, 4.65644, 0.0]","[-6.52913, -0.0158, 2.57971]",open,
176.25,1786783912.4081,sample,"[1.62946, -1.43737, 1.43207, -2.1921, 4.65644, 0.0]","[-6.5055, -0.00928, 2.57971]",open,
176.35,1786783912.5381,sample,"[1.59946, -1.43737, 1.43207, -2.1921, 4.65644, 0.0]","[-6.48169, -0.00347, 2.57971]",open,
176.45,1786783912.6674,sample,"[1.56946, -1.43737, 1.43207, -2.1921, 4.65644, 0.0]","[-6.45772, 0.00162, 2.57971]",open,
176.55,1786783912.7975,sample,"[1.53946, -1.43737, 1.43207, -2.1921, 4.65644, 0.0]","[-6.4336, 0.00599, 2.57971]",open,
176.65,1786783912.926,sample,"[1.50946, -1.43737, 1.43207, -2.1921, 4.65644, 0.0]","[-6.40937, 0.00963, 2.57971]",open,
176.75,1786783913.0562,sample,"[1.47947, -1.43737, 1.43207, -2.1921, 4.65644, 0.0]","[-6.38503, 0.01255, 2.57971]",open,
176.85,1786783913.1865,sample,"[1.44947, -1.43737, 1.43207, -2.1921, 4.65644, 0.0]","[-6.36062, 0.01473, 2.57971]",open,
176.95,1786783913.3186,sample,"[1.41947, -1.43737, 1.43207, -2.1921, 4.65644, 0.0]","[-6.33616, 0.01619, 2.57971]",open,
177.05,1786783913.453,sample,"[1.38947, -1.43737, 1.43207, -2.1921, 4.65644, 0.0]","[-6.31166, 0.0169, 2.57971]",open,
177.15,1786783913.5866,sample,"[1.35947, -1.43737, 1.43207, -2.1921, 4.65644, 0.0]","[-6.28715, 0.01689, 2.57971]",open,
177.25,1786783913.7255,sample,"[1.32947, -1.43737, 1.43207, -2.1921, 4.65644, 0.0]","[-6.26265, 0.01613, 2.57971]",open,
177.35,1786783913.8625,sample,"[1.29947, -1.43737, 1.43207, -2.1921, 4.65644, 0.0]","[-6.23819, 0.01465, 2.57971]",open,
177.45,1786783913.9982,sample,"[1.26947, -1.43737, 1.43207, -2.1921, 4.65644, 0.0]","[-6.21378, 0.01242, 2.57971]",open,
177.55,1786783914.1399,sample,"[1.23947, -1.43737, 1.43207, -2.1921, 4.65644, 0.0]","[-6.18945, 0.00947, 2.57971]",open,
177.65,1786783914.274,sample,"[1.20947, -1.43737, 1.43207, -2.1921, 4.65644, 0.0]","[-6.16522, 0.00579, 2.57971]",open,
177.75,1786783914.401,sample,"[1.18604, -1.43737, 1.43425, -2.1921, 4.65644, 0.0]","[-6.14639, 0.0024, 2.57814]",open,
177.85,1786783914.5211,sample,"[1.17709, -1.43738, 1.45177, -2.1921, 4.65644, 0.0]","[-6.13929, 0.0008, 2.56554]",open,
177.95,1786783914.6473,sample,"[1.17379, -1.44678, 1.47719, -2.19209, 4.65644, 0.0]","[-6.139, -0.00534, 2.55475]",open,
178.05,1786783914.7804,sample,"[1.17258, -1.4692, 1.49892, -2.1921, 4.65644, 0.0]","[-6.14332, -0.01808, 2.55678]",open,
178.15,1786783914.9155,sample,"[1.17214, -1.48703, 1.50724, -2.19209, 4.65644, 0.0]","[-6.1471, -0.02794, 2.56464]",open,
178.25,1786783915.0416,sample,"[1.17198, -1.49358, 1.5103, -2.19209, 4.65644, 0.0]","[-6.1485, -0.03158, 2.56748]",open,
178.35,1786783915.1666,sample,"[1.17192, -1.496, 1.51143, -2.19209, 4.65643, 0.0]","[-6.14902, -0.03293, 2.56851]",open,
178.45,1786783915.2935,sample,"[1.17268, -1.49688, 1.51185, -2.19209, 4.65643, 0.0]","[-6.1498, -0.0333, 2.56889]",open,
178.55,1786783915.4076,sample,"[1.18789, -1.49721, 1.512, -2.19209, 4.65642, 0.0]","[-6.16156, -0.03129, 2.56903]",open,
178.65,1786783915.5272,sample,"[1.21246, -1.49733, 1.51206, -2.19209, 4.65642, 0.0]","[-6.1805, -0.02819, 2.56907]",open,
178.75,1786783915.645,sample,"[1.23828, -1.49738, 1.51207, -2.19209, 4.65641, 0.0]","[-6.20048, -0.02539, 2.56911]",open,
178.85,1786783915.7666,sample,"[1.25004, -1.49325, 1.51208, -2.19209, 4.65641, 0.0]","[-6.20883, -0.02196, 2.56594]",open,
178.95,1786783915.8841,sample,"[1.25437, -1.47383, 1.5121, -2.19209, 4.65641, 0.0]","[-6.20868, -0.01084, 2.55092]",open,
179.05,1786783915.9998,sample,"[1.25595, -1.44772, 1.51211, -2.19209, 4.65641, 0.0]","[-6.20537, 0.0033, 2.5304]",open,
179.15,1786783916.1211,sample,"[1.25654, -1.41915, 1.51211, -2.19209, 4.65641, 0.0]","[-6.20106, 0.01809, 2.50751]",open,
179.25,1786783916.2431,sample,"[1.25675, -1.38967, 1.51211, -2.19209, 4.65641, 0.0]","[-6.1965, 0.03265, 2.48345]",open,
179.35,1786783916.3796,sample,"[1.25683, -1.35987, 1.51211, -2.19209, 4.65641, 0.0]","[-6.19202, 0.04667, 2.45867]",open,
179.45,1786783916.5156,sample,"[1.25684, -1.32993, 1.51211, -2.19209, 4.65641, 0.0]","[-6.18769, 0.06003, 2.43336]",open,
179.55,1786783916.6493,sample,"[1.25684, -1.29996, 1.51211, -2.19209, 4.65641, 0.0]","[-6.18359, 0.07268, 2.4076]",open,
179.65,1786783916.779,sample,"[1.25685, -1.26997, 1.51211, -2.19209, 4.65641, 0.0]","[-6.17972, 0.0846, 2.38143]",open,
179.75,1786783916.9176,sample,"[1.25685, -1.23997, 1.51211, -2.19209, 4.65641, 0.0]","[-6.1761, 0.09576, 2.3549]",open,
179.85,1786783917.0484,sample,"[1.25685, -1.20997, 1.51211, -2.19209, 4.65641, 0.0]","[-6.17272, 0.10617, 2.32803]",open,
179.95,1786783917.1816,sample,"[1.25685, -1.17997, 1.51211, -2.19209, 4.65641, 0.0]","[-6.1696, 0.1158, 2.30084]",open,
180.05,1786783917.3104,sample,"[1.25685, -1.14997, 1.51211, -2.19209, 4.65641, 0.0]","[-6.16672, 0.12466, 2.27336]",open,
180.15,1786783917.439,sample,"[1.25685, -1.11997, 1.51211, -2.19209, 4.65641, 0.0]","[-6.1641, 0.13272, 2.24561]",open,
180.25,1786783917.5611,sample,"[1.25684, -1.0941, 1.51211, -2.19209, 4.65641, 0.0]","[-6.16204, 0.13904, 2.2215]",open,
180.35,1786783917.6801,sample,"[1.25684, -1.08353, 1.51209, -2.19209, 4.65642, 0.0]","[-6.16126, 0.14145, 2.21159]",open,
180.45,1786783917.8065,sample,"[1.25684, -1.07964, 1.51208, -2.19209, 4.65642, 0.0]","[-6.16098, 0.14232, 2.20795]",open,
180.55,1786783917.9262,sample,"[1.25684, -1.07821, 1.51207, -2.19209, 4.65642, 0.0]","[-6.16087, 0.14263, 2.20662]",open,
180.65,1786783918.0462,sample,"[1.25684, -1.07768, 1.51207, -2.19209, 4.65643, 0.0]","[-6.16084, 0.14275, 2.20612]",open,
180.75,1786783918.1681,sample,"[1.25684, -1.0775, 1.51207, -2.19209, 4.65643, 0.0]","[-6.16082, 0.14279, 2.20595]",open,
180.85,1786783918.2921,sample,"[1.25684, -1.07743, 1.51207, -2.19209, 4.65643, 0.0]","[-6.16082, 0.1428, 2.20589]",open,
180.95,1786783918.4162,sample,"[1.26343, -1.0774, 1.51207, -2.19209, 4.65643, 0.0]","[-6.16703, 0.14371, 2.20586]",open,
181.05,1786783918.5436,sample,"[1.28231, -1.07737, 1.51207, -2.1921, 4.65643, 0.0]","[-6.18487, 0.14606, 2.20583]",open,
181.15,1786783918.665,sample,"[1.30407, -1.07737, 1.51207, -2.1921, 4.65643, 0.0]","[-6.20549, 0.14834, 2.20583]",open,
181.25,1786783918.8008,sample,"[1.32887, -1.07737, 1.51207, -2.1921, 4.65643, -0.0]","[-6.22902, 0.15039, 2.20583]",open,
181.35,1786783918.9164,sample,"[1.34025, -1.07737, 1.51207, -2.1921, 4.65643, -0.0]","[-6.23985, 0.15114, 2.20583]",open,
181.45,1786783919.0338,sample,"[1.34443, -1.07737, 1.51207, -2.19209, 4.65643, -0.0]","[-6.24383, 0.15138, 2.20583]",open,
181.55,1786783919.1506,sample,"[1.34597, -1.07737, 1.51207, -2.19209, 4.65643, -0.0]","[-6.24529, 0.15146, 2.20583]",open,
181.65,1786783919.2721,sample,"[1.34654, -1.07737, 1.51207, -2.19209, 4.65644, 0.0]","[-6.24583, 0.1515, 2.20583]",open,
181.75,1786783919.3921,sample,"[1.34751, -1.07737, 1.51207, -2.19209, 4.65644, 0.0]","[-6.24676, 0.15155, 2.20583]",open,
181.85,1786783919.5116,sample,"[1.36206, -1.07737, 1.51207, -2.1921, 4.65644, 0.0]","[-6.26061, 0.15222, 2.20583]",open,
181.95,1786783919.6293,sample,"[1.37142, -1.07737, 1.51207, -2.19209, 4.65644, -0.0]","[-6.26953, 0.15255, 2.20583]",open,
182.05,1786783919.7489,sample,"[1.37487, -1.07737, 1.51207, -2.19209, 4.65644, 0.0]","[-6.2728, 0.15265, 2.20583]",open,
182.15,1786783919.8682,sample,"[1.37613, -1.07737, 1.51207, -2.19209, 4.65645, 0.0]","[-6.27401, 0.15268, 2.20583]",open,
182.25,1786783919.9839,sample,"[1.3766, -1.07737, 1.51207, -2.19209, 4.65645, 0.0]","[-6.27445, 0.15269, 2.20583]",open,
182.35,1786783920.1151,sample,"[1.37677, -1.07955, 1.51208, -2.19209, 4.65645, 0.0]","[-6.27471, 0.1522, 2.20787]",open,
182.45,1786783920.2321,sample,"[1.37683, -1.09707, 1.52465, -2.19209, 4.65646, 0.0]","[-6.27631, 0.14438, 2.21606]",open,
182.55,1786783920.3574,sample,"[1.37685, -1.1217, 1.54409, -2.19209, 4.65646, 0.0]","[-6.27863, 0.13268, 2.22617]",open,
182.65,1786783920.476,sample,"[1.37684, -1.13478, 1.5523, -2.19209, 4.65646, 0.0]","[-6.27973, 0.12701, 2.23278]",open,
182.75,1786783920.5966,sample,"[1.37684, -1.13959, 1.55533, -2.19209, 4.65647, 0.0]","[-6.28014, 0.12492, 2.23519]",open,
182.85,1786783920.7151,sample,"[1.37684, -1.14136, 1.55644, -2.19209, 4.65647, 0.0]","[-6.28029, 0.12414, 2.23607]",open,
182.95,1786783920.8384,sample,"[1.37684, -1.14201, 1.55685, -2.19209, 4.65647, 0.0]","[-6.28035, 0.12386, 2.23639]",open,
183.05,1786783920.9625,sample,"[1.37684, -1.14883, 1.56642, -2.19209, 4.65647, 0.0]","[-6.28125, 0.11932, 2.23631]",open,
183.15,1786783921.0902,sample,"[1.37684, -1.16778, 1.58231, -2.19209, 4.65648, 0.0]","[-6.28312, 0.10979, 2.24297]",open,
183.25,1786783921.2076,sample,"[1.37684, -1.17702, 1.58849, -2.19209, 4.65648, 0.0]","[-6.28395, 0.10557, 2.24717]",open,
183.35,1786783921.3315,sample,"[1.37684, -1.18042, 1.59077, -2.19209, 4.65648, 0.0]","[-6.28425, 0.104, 2.2487]",open,
183.45,1786783921.4606,sample,"[1.37684, -1.18167, 1.59161, -2.19209, 4.65649, 0.0]","[-6.28437, 0.10343, 2.24926]",open,
183.55,1786783921.5892,sample,"[1.37684, -1.18213, 1.59192, -2.19209, 4.65649, 0.0]","[-6.28441, 0.10322, 2.24947]",open,
183.65,1786783921.7163,sample,"[1.37685, -1.1917, 1.6046, -2.19209, 4.65649, 0.0]","[-6.28564, 0.09699, 2.24962]",open,
183.75,1786783921.8366,sample,"[1.37684, -1.20478, 1.61881, -2.19209, 4.65649, 0.0]","[-6.28714, 0.08934, 2.25179]",open,
183.85,1786783921.9595,sample,"[1.37684, -1.2096, 1.62404, -2.19209, 4.6565, 0.0]","[-6.28769, 0.08652, 2.25256]",open,
183.95,1786783922.082,sample,"[1.37684, -1.20198, 1.62596, -2.19209, 4.6565, 0.0]","[-6.2874, 0.08799, 2.24466]",open,
184.05,1786783922.1997,sample,"[1.37684, -1.18021, 1.62667, -2.19209, 4.6565, 0.0]","[-6.28636, 0.09328, 2.22511]",open,
184.15,1786783922.3123,sample,"[1.37683, -1.16578, 1.62695, -2.19209, 4.6565, 0.0]","[-6.2857, 0.09662, 2.21223]",open,
184.25,1786783922.4265,sample,"[1.37684, -1.16048, 1.62704, -2.19209, 4.6565, 0.0]","[-6.28547, 0.0978, 2.20749]",open,
184.35,1786783922.5445,sample,"[1.37684, -1.15853, 1.62707, -2.19209, 4.6565, 0.0]","[-6.28539, 0.09823, 2.20575]",open,
184.45,1786783922.6681,sample,"[1.37684, -1.15564, 1.62708, -2.19209, 4.6565, 0.0]","[-6.28526, 0.09887, 2.20318]",open,
184.55,1786783922.7913,sample,"[1.37683, -1.14005, 1.62709, -2.19209, 4.6565, 0.0]","[-6.2846, 0.10223, 2.18935]",open,
184.65,1786783922.9062,sample,"[1.37684, -1.13205, 1.62708, -2.19209, 4.6565, 0.0]","[-6.28428, 0.10387, 2.18225]",open,
184.75,1786783923.02,sample,"[1.37684, -1.12911, 1.62707, -2.19209, 4.6565, 0.0]","[-6.28416, 0.10446, 2.17964]",open,
184.85,1786783923.1414,sample,"[1.37684, -1.12586, 1.62708, -2.19209, 4.6565, 0.0]","[-6.28404, 0.1051, 2.17673]",open,
184.95,1786783923.2601,sample,"[1.37684, -1.1121, 1.62708, -2.19209, 4.6565, -0.0]","[-6.28352, 0.10772, 2.16444]",open,
185.05,1786783923.374,sample,"[1.37683, -1.10604, 1.62697, -2.19214, 4.6565, -0.0]","[-6.2833, 0.10886, 2.1591]",open,
185.15,1786783923.4894,sample,"[1.37683, -1.10409, 1.62653, -2.19217, 4.6565, 0.0]","[-6.28319, 0.10937, 2.15764]",open,
185.25,1786783923.6101,sample,"[1.37683, -1.10351, 1.62612, -2.19217, 4.6565, -0.0]","[-6.28314, 0.10961, 2.15737]",open,
185.35,1786783923.7328,sample,"[1.37683, -1.10331, 1.62597, -2.19218, 4.6565, -0.0]","[-6.28313, 0.10971, 2.15728]",open,
185.45,1786783923.8513,sample,"[1.37683, -1.10323, 1.62591, -2.19218, 4.6565, -0.0]","[-6.28312, 0.10974, 2.15725]",open,
185.55,1786783923.9657,sample,"[1.37683, -1.1032, 1.6259, -2.19218, 4.6565, -0.0]","[-6.28312, 0.10975, 2.15723]",open,
185.65,1786783924.082,sample,"[1.37683, -1.10318, 1.6259, -2.19219, 4.6565, -0.0]","[-6.28312, 0.10976, 2.15722]",open,
185.75,1786783924.2111,sample,"[1.37683, -1.10317, 1.6259, -2.19219, 4.6565, -0.0]","[-6.28312, 0.10976, 2.15721]",closed,pkg_004
185.85,1786783924.3766,sample,"[1.37684, -1.10317, 1.6259, -2.19219, 4.65652, -0.0]","[-6.28312, 0.10976, 2.1572]",closed,pkg_004
185.95,1786783924.5022,sample,"[1.37684, -1.10317, 1.6259, -2.19219, 4.65653, -0.0]","[-6.28313, 0.10976, 2.1572]",closed,pkg_004
186.05,1786783924.6243,sample,"[1.37684, -1.10317, 1.6259, -2.19219, 4.65654, -0.0]","[-6.28313, 0.10976, 2.1572]",closed,pkg_004
186.15,1786783924.7501,sample,"[1.37684, -1.10944, 1.62645, -2.19219, 4.65662, -0.0]","[-6.2834, 0.10844, 2.16248]",closed,pkg_004
186.25,1786783924.8706,sample,"[1.37685, -1.13019, 1.62686, -2.19218, 4.65661, -0.0]","[-6.28421, 0.10433, 2.18073]",closed,pkg_004
186.35,1786783924.9906,sample,"[1.37685, -1.15679, 1.62701, -2.19218, 4.6566, -0.0]","[-6.28533, 0.09865, 2.20425]",closed,pkg_004
186.45,1786783925.1153,sample,"[1.37685, -1.18553, 1.62707, -2.19217, 4.6566, -0.0]","[-6.28666, 0.09186, 2.22954]",closed,pkg_004
186.55,1786783925.2405,sample,"[1.37685, -1.21508, 1.6271, -2.19217, 4.65659, 0.0]","[-6.28818, 0.08415, 2.25534]",closed,pkg_004
186.65,1786783925.3672,sample,"[1.37685, -1.24491, 1.6271, -2.19216, 4.65659, 0.0]","[-6.28985, 0.07562, 2.28116]",closed,pkg_004
186.75,1786783925.4963,sample,"[1.37685, -1.27485, 1.6271, -2.19216, 4.65658, 0.0]","[-6.29168, 0.0663, 2.3068]",closed,pkg_004
186.85,1786783925.6263,sample,"[1.37686, -1.30482, 1.6271, -2.19215, 4.65658, 0.0]","[-6.29366, 0.05622, 2.33218]",closed,pkg_004
186.95,1786783925.7565,sample,"[1.37685, -1.33482, 1.6271, -2.19215, 4.65657, 0.0]","[-6.29579, 0.04539, 2.35725]",closed,pkg_004
187.05,1786783925.8833,sample,"[1.37685, -1.36481, 1.6271, -2.19215, 4.65657, 0.0]","[-6.29806, 0.03383, 2.38198]",closed,pkg_004
187.15,1786783926.0141,sample,"[1.37686, -1.39481, 1.6271, -2.19214, 4.65656, 0.0]","[-6.30047, 0.02154, 2.40635]",closed,pkg_004
187.25,1786783926.1492,sample,"[1.37686, -1.42481, 1.6271, -2.19214, 4.65655, 0.0]","[-6.30303, 0.00854, 2.43034]",closed,pkg_004
187.35,1786783926.279,sample,"[1.37686, -1.45482, 1.6271, -2.19213, 4.65655, 0.0]","[-6.30572, -0.00516, 2.45391]",closed,pkg_004
187.45,1786783926.4092,sample,"[1.37686, -1.48482, 1.6271, -2.19213, 4.65654, 0.0]","[-6.30854, -0.01954, 2.47706]",closed,pkg_004
187.55,1786783926.5352,sample,"[1.37686, -1.51482, 1.6271, -2.19212, 4.65654, 0.0]","[-6.3115, -0.0346, 2.49976]",closed,pkg_004
187.65,1786783926.66,sample,"[1.37686, -1.54482, 1.6271, -2.19212, 4.65653, 0.0]","[-6.31459, -0.05033, 2.52198]",closed,pkg_004
187.75,1786783926.7875,sample,"[1.37686, -1.57482, 1.6271, -2.19212, 4.65653, 0.0]","[-6.31781, -0.0667, 2.54372]",closed,pkg_004
187.85,1786783926.9151,sample,"[1.37686, -1.60482, 1.6271, -2.19211, 4.65652, 0.0]","[-6.32115, -0.0837, 2.56495]",closed,pkg_004
187.95,1786783927.0437,sample,"[1.37686, -1.63483, 1.6271, -2.19211, 4.65652, 0.0]","[-6.32461, -0.10132, 2.58564]",closed,pkg_004
188.05,1786783927.1712,sample,"[1.37687, -1.66483, 1.6271, -2.19211, 4.65651, 0.0]","[-6.32819, -0.11954, 2.60579]",closed,pkg_004
188.15,1786783927.2965,sample,"[1.37687, -1.69483, 1.6271, -2.19211, 4.65651, 0.0]","[-6.33188, -0.13835, 2.62538]",closed,pkg_004
188.25,1786783927.4285,sample,"[1.37687, -1.72483, 1.6271, -2.19211, 4.6565, 0.0]","[-6.33569, -0.15772, 2.64438]",closed,pkg_004
188.35,1786783927.5591,sample,"[1.37687, -1.75484, 1.6271, -2.19211, 4.6565, 0.0]","[-6.3396, -0.17765, 2.66278]",closed,pkg_004
188.45,1786783927.6861,sample,"[1.37764, -1.78484, 1.6271, -2.19211, 4.65649, 0.0]","[-6.34408, -0.19814, 2.68056]",closed,pkg_004
188.55,1786783927.805,sample,"[1.39291, -1.8107, 1.6271, -2.19211, 4.65647, 0.0]","[-6.35651, -0.21699, 2.69538]",closed,pkg_004
188.65,1786783927.9224,sample,"[1.41748, -1.82128, 1.6271, -2.19211, 4.65646, 0.0]","[-6.37199, -0.22609, 2.7013]",closed,pkg_004
188.75,1786783928.0375,sample,"[1.44549, -1.82517, 1.62711, -2.19211, 4.65645, 0.0]","[-6.38838, -0.23113, 2.70345]",closed,pkg_004
188.85,1786783928.1532,sample,"[1.47475, -1.8266, 1.62712, -2.19211, 4.65644, 0.0]","[-6.40509, -0.235, 2.70424]",closed,pkg_004
188.95,1786783928.2837,sample,"[1.50448, -1.82712, 1.62712, -2.19211, 4.65644, 0.0]","[-6.42186, -0.23875, 2.70453]",closed,pkg_004
189.05,1786783928.4105,sample,"[1.53438, -1.82732, 1.62712, -2.19211, 4.65643, 0.0]","[-6.43859, -0.24278, 2.70463]",closed,pkg_004
189.15,1786783928.5405,sample,"[1.56434, -1.82738, 1.62713, -2.19212, 4.65642, 0.0]","[-6.45522, -0.24723, 2.70467]",closed,pkg_004
189.25,1786783928.6674,sample,"[1.59433, -1.8274, 1.62713, -2.19212, 4.65641, 0.0]","[-6.47172, -0.25215, 2.70468]",closed,pkg_004
189.35,1786783928.7924,sample,"[1.62432, -1.82742, 1.62713, -2.19212, 4.6564, 0.0]","[-6.48807, -0.25756, 2.70469]",closed,pkg_004
189.45,1786783928.923,sample,"[1.65432, -1.82744, 1.62713, -2.19212, 4.6564, 0.0]","[-6.50426, -0.26346, 2.7047]",closed,pkg_004
189.55,1786783929.0561,sample,"[1.68432, -1.82745, 1.62713, -2.19212, 4.6564, 0.0]","[-6.52026, -0.26983, 2.70471]",closed,pkg_004
189.65,1786783929.1863,sample,"[1.71432, -1.82745, 1.62713, -2.19212, 4.6564, 0.0]","[-6.53606, -0.27668, 2.70471]",closed,pkg_004
189.75,1786783929.32,sample,"[1.74432, -1.82745, 1.62713, -2.19212, 4.6564, 0.0]","[-6.55165, -0.284, 2.70471]",closed,pkg_004
189.85,1786783929.4428,sample,"[1.77432, -1.82745, 1.62713, -2.19213, 4.6564, 0.0]","[-6.56702, -0.29178, 2.70471]",closed,pkg_004
189.95,1786783929.5672,sample,"[1.80432, -1.82745, 1.62713, -2.19213, 4.6564, 0.0]","[-6.58214, -0.30002, 2.70471]",closed,pkg_004
190.05,1786783929.6964,sample,"[1.83432, -1.82745, 1.62712, -2.19213, 4.6564, 0.0]","[-6.59701, -0.3087, 2.70471]",closed,pkg_004
190.15,1786783929.8257,sample,"[1.86432, -1.82745, 1.62713, -2.19213, 4.6564, 0.0]","[-6.61161, -0.31783, 2.70471]",closed,pkg_004
190.25,1786783929.9616,sample,"[1.89432, -1.82745, 1.62713, -2.19213, 4.6564, 0.0]","[-6.62594, -0.3274, 2.70471]",closed,pkg_004
190.35,1786783930.0986,sample,"[1.92432, -1.82745, 1.62712, -2.19213, 4.6564, 0.0]","[-6.63997, -0.33739, 2.70471]",closed,pkg_004
190.45,1786783930.2262,sample,"[1.95432, -1.82745, 1.62713, -2.19213, 4.6564, 0.0]","[-6.65369, -0.34779, 2.70471]",closed,pkg_004
190.55,1786783930.3522,sample,"[1.98432, -1.82745, 1.62712, -2.19213, 4.6564, 0.0]","[-6.66709, -0.35861, 2.70471]",closed,pkg_004
190.65,1786783930.4836,sample,"[2.01432, -1.82745, 1.62712, -2.19214, 4.6564, 0.0]","[-6.68017, -0.36982, 2.70471]",closed,pkg_004
190.75,1786783930.6142,sample,"[2.04432, -1.82745, 1.62712, -2.19214, 4.6564, 0.0]","[-6.6929, -0.38141, 2.70471]",closed,pkg_004
190.85,1786783930.7459,sample,"[2.07432, -1.82745, 1.62713, -2.19214, 4.6564, 0.0]","[-6.70528, -0.39339, 2.70471]",closed,pkg_004
190.95,1786783930.872,sample,"[2.10432, -1.82745, 1.62712, -2.19214, 4.6564, 0.0]","[-6.71729, -0.40573, 2.70471]",closed,pkg_004
191.05,1786783930.9929,sample,"[2.13432, -1.82745, 1.62712, -2.19214, 4.6564, 0.0]","[-6.72893, -0.41842, 2.70471]",closed,pkg_004
191.15,1786783931.1217,sample,"[2.16432, -1.82745, 1.62713, -2.19214, 4.6564, 0.0]","[-6.74019, -0.43146, 2.70471]",closed,pkg_004
191.25,1786783931.2465,sample,"[2.19432, -1.82745, 1.62712, -2.19214, 4.6564, 0.0]","[-6.75104, -0.44483, 2.70471]",closed,pkg_004
191.35,1786783931.3741,sample,"[2.22432, -1.82745, 1.62712, -2.19214, 4.6564, 0.0]","[-6.76149, -0.45852, 2.70471]",closed,pkg_004
191.45,1786783931.4962,sample,"[2.25432, -1.82745, 1.62712, -2.19214, 4.6564, 0.0]","[-6.77153, -0.47251, 2.70471]",closed,pkg_004
191.55,1786783931.6295,sample,"[2.28433, -1.82745, 1.62712, -2.19214, 4.6564, 0.0]","[-6.78114, -0.48681, 2.70471]",closed,pkg_004
191.65,1786783931.7585,sample,"[2.31433, -1.82745, 1.62712, -2.19214, 4.6564, 0.0]","[-6.79032, -0.50138, 2.70471]",closed,pkg_004
191.75,1786783931.8836,sample,"[2.34433, -1.82745, 1.62712, -2.19214, 4.6564, 0.0]","[-6.79906, -0.51622, 2.70471]",closed,pkg_004
191.85,1786783932.0128,sample,"[2.37433, -1.82745, 1.62712, -2.19214, 4.6564, 0.0]","[-6.80734, -0.53132, 2.70471]",closed,pkg_004
191.95,1786783932.1419,sample,"[2.40433, -1.82745, 1.62712, -2.19214, 4.6564, 0.0]","[-6.81517, -0.54666, 2.70471]",closed,pkg_004
192.05,1786783932.2706,sample,"[2.43433, -1.82745, 1.62712, -2.19214, 4.6564, 0.0]","[-6.82254, -0.56222, 2.70471]",closed,pkg_004
192.15,1786783932.4045,sample,"[2.46433, -1.82745, 1.62712, -2.19214, 4.6564, 0.0]","[-6.82944, -0.57801, 2.70471]",closed,pkg_004
192.25,1786783932.5372,sample,"[2.49433, -1.82745, 1.62712, -2.19214, 4.6564, 0.0]","[-6.83586, -0.59399, 2.70471]",closed,pkg_004
192.35,1786783932.6617,sample,"[2.52433, -1.82745, 1.62712, -2.19214, 4.6564, 0.0]","[-6.8418, -0.61015, 2.70471]",closed,pkg_004
192.45,1786783932.7935,sample,"[2.55433, -1.82745, 1.62712, -2.19214, 4.6564, 0.0]","[-6.84725, -0.62649, 2.70471]",closed,pkg_004
192.55,1786783932.9234,sample,"[2.58433, -1.82745, 1.62712, -2.19214, 4.6564, 0.0]","[-6.85221, -0.64298, 2.70471]",closed,pkg_004
192.65,1786783933.0572,sample,"[2.61433, -1.82745, 1.62712, -2.19214, 4.6564, 0.0]","[-6.85667, -0.65962, 2.70471]",closed,pkg_004
192.75,1786783933.1839,sample,"[2.64433, -1.82745, 1.62712, -2.19214, 4.6564, 0.0]","[-6.86063, -0.67638, 2.70471]",closed,pkg_004
192.85,1786783933.3144,sample,"[2.67433, -1.82745, 1.62712, -2.19214, 4.6564, 0.0]","[-6.86409, -0.69325, 2.70471]",closed,pkg_004
192.95,1786783933.441,sample,"[2.70433, -1.82745, 1.62712, -2.19214, 4.6564, 0.0]","[-6.86703, -0.71022, 2.70471]",closed,pkg_004
193.05,1786783933.5718,sample,"[2.73433, -1.82745, 1.62712, -2.19214, 4.6564, 0.0]","[-6.86947, -0.72727, 2.70471]",closed,pkg_004
193.15,1786783933.7011,sample,"[2.76434, -1.82745, 1.62713, -2.19214, 4.6564, 0.0]","[-6.8714, -0.74438, 2.70471]",closed,pkg_004
193.25,1786783933.8261,sample,"[2.79434, -1.82745, 1.62712, -2.19214, 4.6564, 0.0]","[-6.87281, -0.76155, 2.70471]",closed,pkg_004
193.35,1786783933.9601,sample,"[2.82434, -1.82745, 1.62712, -2.19214, 4.6564, 0.0]","[-6.8737, -0.77875, 2.70471]",closed,pkg_004
193.45,1786783934.0866,sample,"[2.85434, -1.82745, 1.62712, -2.19214, 4.6564, 0.0]","[-6.87408, -0.79597, 2.70471]",closed,pkg_004
193.55,1786783934.2146,sample,"[2.88434, -1.82745, 1.62712, -2.19214, 4.6564, 0.0]","[-6.87394, -0.81319, 2.70471]",closed,pkg_004
193.65,1786783934.3552,sample,"[2.91434, -1.82745, 1.62712, -2.19215, 4.6564, 0.0]","[-6.87329, -0.8304, 2.70471]",closed,pkg_004
193.75,1786783934.4746,sample,"[2.93494, -1.82745, 1.62712, -2.19214, 4.6564, 0.0]","[-6.87254, -0.8422, 2.70471]",closed,pkg_004
193.85,1786783934.6086,sample,"[2.94252, -1.82745, 1.62712, -2.19214, 4.6564, 0.0]","[-6.87221, -0.84654, 2.70471]",closed,pkg_004
193.95,1786783934.7366,sample,"[2.94531, -1.82745, 1.62712, -2.19214, 4.6564, 0.0]","[-6.87208, -0.84814, 2.70471]",closed,pkg_004
194.05,1786783934.8603,sample,"[2.94633, -1.82821, 1.62713, -2.19213, 4.6564, 0.0]","[-6.87149, -0.84883, 2.70513]",closed,pkg_004
194.15,1786783934.9831,sample,"[2.9467, -1.84343, 1.62712, -2.19213, 4.6564, 0.0]","[-6.86053, -0.8512, 2.71344]",closed,pkg_004
194.25,1786783935.0986,sample,"[2.94685, -1.868, 1.62711, -2.19213, 4.6564, 0.0]","[-6.8426, -0.85482, 2.72649]",closed,pkg_004
194.35,1786783935.2126,sample,"[2.94686, -1.89601, 1.6271, -2.19212, 4.6564, 0.0]","[-6.8218, -0.85892, 2.74081]",closed,pkg_004
194.45,1786783935.3288,sample,"[2.94687, -1.92528, 1.6271, -2.19212, 4.6564, 0.0]","[-6.79966, -0.8633, 2.75513]",closed,pkg_004
194.55,1786783935.4624,sample,"[2.94688, -1.95502, 1.6271, -2.19212, 4.6564, 0.0]","[-6.77675, -0.86782, 2.769]",closed,pkg_004
194.65,1786783935.5919,sample,"[2.9469, -1.98492, 1.62709, -2.19212, 4.6564, 0.0]","[-6.75331, -0.87245, 2.78224]",closed,pkg_004
194.75,1786783935.7226,sample,"[2.94691, -2.01489, 1.62709, -2.19211, 4.6564, 0.0]","[-6.72944, -0.87716, 2.79479]",closed,pkg_004
194.85,1786783935.8483,sample,"[2.94694, -2.04271, 1.62708, -2.19211, 4.6564, 0.0]","[-6.70696, -0.88161, 2.80578]",closed,pkg_004
194.95,1786783935.9685,sample,"[2.95952, -2.05521, 1.62708, -2.19211, 4.65641, 0.0]","[-6.69568, -0.8886, 2.81051]",closed,pkg_004
195.05,1786783936.0861,sample,"[2.98311, -2.0598, 1.62708, -2.19211, 4.65641, 0.0]","[-6.6897, -0.89852, 2.81222]",closed,pkg_004
195.15,1786783936.2036,sample,"[3.01075, -2.06149, 1.62708, -2.19211, 4.65641, 0.0]","[-6.68542, -0.90943, 2.81284]",closed,pkg_004
195.25,1786783936.3231,sample,"[3.03988, -2.06211, 1.62708, -2.19211, 4.65641, 0.0]","[-6.68156, -0.92066, 2.81307]",closed,pkg_004
195.35,1786783936.452,sample,"[3.06956, -2.06234, 1.62708, -2.19211, 4.65641, 0.0]","[-6.67762, -0.93195, 2.81315]",closed,pkg_004
195.45,1786783936.5816,sample,"[3.09287, -2.06238, 1.62051, -2.19211, 4.65641, 0.0]","[-6.67244, -0.94081, 2.81747]",closed,pkg_004
195.55,1786783936.7082,sample,"[3.10179, -2.05304, 1.59945, -2.19211, 4.65641, 0.0]","[-6.67265, -0.94407, 2.82778]",closed,pkg_004
195.65,1786783936.8248,sample,"[3.10507, -2.03064, 1.57275, -2.19211, 4.65641, 0.0]","[-6.68305, -0.94489, 2.8368]",closed,pkg_004
195.75,1786783936.9422,sample,"[3.10626, -2.00343, 1.54397, -2.19211, 4.65641, 0.0]","[-6.6974, -0.94484, 2.84501]",closed,pkg_004
195.85,1786783937.0576,sample,"[3.1067, -1.97445, 1.51441, -2.19212, 4.65641, 0.0]","[-6.71336, -0.94445, 2.85258]",closed,pkg_004
195.95,1786783937.1796,sample,"[3.10685, -1.94482, 1.48458, -2.19212, 4.65641, 0.0]","[-6.73004, -0.94393, 2.85959]",closed,pkg_004
196.05,1786783937.3111,sample,"[3.10694, -1.91495, 1.45464, -2.19211, 4.65641, 0.0]","[-6.74711, -0.94338, 2.86606]",closed,pkg_004
196.15,1786783937.4411,sample,"[3.10696, -1.88499, 1.42466, -2.19211, 4.65641, 0.0]","[-6.76444, -0.94278, 2.872]",closed,pkg_004
196.25,1786783937.5632,sample,"[3.10696, -1.855, 1.39467, -2.19211, 4.65641, 0.0]","[-6.78196, -0.94218, 2.87741]",closed,pkg_004
196.35,1786783937.6894,sample,"[3.10696, -1.825, 1.36467, -2.19211, 4.65641, 0.0]","[-6.79965, -0.94157, 2.88229]",closed,pkg_004
196.45,1786783937.8175,sample,"[3.10696, -1.795, 1.33468, -2.19212, 4.65641, 0.0]","[-6.81748, -0.94095, 2.88664]",closed,pkg_004
196.55,1786783937.9486,sample,"[3.10696, -1.76499, 1.30468, -2.19212, 4.65641, 0.0]","[-6.83544, -0.94033, 2.89044]",closed,pkg_004
196.65,1786783938.0772,sample,"[3.10696, -1.73498, 1.27468, -2.19211, 4.65641, 0.0]","[-6.8535, -0.9397, 2.89371]",closed,pkg_004
196.75,1786783938.2045,sample,"[3.10696, -1.70497, 1.24468, -2.19211, 4.65641, 0.0]","[-6.87165, -0.93907, 2.89643]",closed,pkg_004
196.85,1786783938.3424,sample,"[3.10696, -1.67497, 1.21468, -2.19211, 4.65641, 0.0]","[-6.88988, -0.93844, 2.89861]",closed,pkg_004
196.95,1786783938.4711,sample,"[3.10697, -1.64496, 1.18468, -2.19211, 4.65641, 0.0]","[-6.90816, -0.93781, 2.90024]",closed,pkg_004
197.05,1786783938.5998,sample,"[3.10697, -1.61495, 1.15468, -2.19211, 4.65641, 0.0]","[-6.92648, -0.93718, 2.90132]",closed,pkg_004
197.15,1786783938.7272,sample,"[3.10697, -1.58494, 1.12468, -2.19211, 4.65641, 0.0]","[-6.94483, -0.93654, 2.90185]",closed,pkg_004
197.25,1786783938.85,sample,"[3.10697, -1.55493, 1.09468, -2.19211, 4.65641, 0.0]","[-6.96319, -0.93591, 2.90183]",closed,pkg_004
197.35,1786783938.9809,sample,"[3.10697, -1.52492, 1.06468, -2.19211, 4.65641, 0.0]","[-6.98154, -0.93527, 2.90125]",closed,pkg_004
197.45,1786783939.1064,sample,"[3.10697, -1.49491, 1.03468, -2.19211, 4.65641, 0.0]","[-6.99986, -0.93464, 2.90013]",closed,pkg_004
197.55,1786783939.2378,sample,"[3.10697, -1.4649, 1.00468, -2.19211, 4.65641, 0.0]","[-7.01814, -0.934, 2.89846]",closed,pkg_004
197.65,1786783939.3681,sample,"[3.10697, -1.43489, 0.97469, -2.19212, 4.65641, 0.0]","[-7.03637, -0.93337, 2.89623]",closed,pkg_004
197.75,1786783939.4951,sample,"[3.10697, -1.40488, 0.94469, -2.19212, 4.6564, 0.0]","[-7.05452, -0.93274, 2.89346]",closed,pkg_004
197.85,1786783939.6172,sample,"[3.10697, -1.37487, 0.91469, -2.19212, 4.6564, 0.0]","[-7.07258, -0.93212, 2.89015]",closed,pkg_004
197.95,1786783939.745,sample,"[3.10697, -1.34485, 0.88469, -2.19212, 4.6564, 0.0]","[-7.09054, -0.93149, 2.88629]",closed,pkg_004
198.05,1786783939.8775,sample,"[3.10696, -1.31484, 0.85469, -2.19212, 4.6564, 0.0]","[-7.10837, -0.93087, 2.8819]",closed,pkg_004
198.15,1786783940.0043,sample,"[3.10696, -1.28485, 0.83126, -2.19212, 4.6564, 0.0]","[-7.12808, -0.93019, 2.87273]",closed,pkg_004
198.25,1786783940.131,sample,"[3.11107, -1.26137, 0.82234, -2.19212, 4.6564, 0.0]","[-7.14569, -0.93303, 2.85902]",closed,pkg_004
198.35,1786783940.2496,sample,"[3.13047, -1.25241, 0.81905, -2.19213, 4.65639, 0.0]","[-7.14985, -0.94934, 2.85361]",closed,pkg_004
198.45,1786783940.3722,sample,"[3.15658, -1.24912, 0.81783, -2.19214, 4.65639, 0.0]","[-7.14818, -0.97151, 2.85161]",closed,pkg_004
198.55,1786783940.4982,sample,"[3.18514, -1.24792, 0.81738, -2.19215, 4.6564, 0.0]","[-7.14386, -0.99571, 2.85089]",closed,pkg_004
198.65,1786783940.6263,sample,"[3.21462, -1.24747, 0.81721, -2.19215, 4.65639, 0.0]","[-7.13807, -1.02052, 2.85062]",closed,pkg_004
198.75,1786783940.7532,sample,"[3.24443, -1.24731, 0.81715, -2.19216, 4.65639, 0.0]","[-7.13124, -1.04541, 2.85052]",closed,pkg_004
198.85,1786783940.901,sample,"[3.27435, -1.24726, 0.81712, -2.19217, 4.65639, 0.0]","[-7.12356, -1.07017, 2.8505]",closed,pkg_004
198.95,1786783941.0329,sample,"[3.30433, -1.24723, 0.81711, -2.19217, 4.6564, 0.0]","[-7.11512, -1.09474, 2.85048]",closed,pkg_004
199.05,1786783941.162,sample,"[3.33356, -1.24721, 0.81711, -2.19217, 4.6564, 0.0]","[-7.10616, -1.11844, 2.85047]",closed,pkg_004
199.15,1786783941.2901,sample,"[3.34832, -1.24721, 0.81711, -2.19217, 4.6564, 0.0]","[-7.10138, -1.1303, 2.85047]",closed,pkg_004
199.25,1786783941.4086,sample,"[3.35374, -1.24721, 0.81711, -2.19216, 4.6564, 0.0]","[-7.09958, -1.13465, 2.85046]",closed,pkg_004
199.35,1786783941.5349,sample,"[3.35792, -1.24721, 0.81711, -2.19216, 4.6564, 0.0]","[-7.09818, -1.13798, 2.85046]",closed,pkg_004
199.45,1786783941.662,sample,"[3.37616, -1.24721, 0.81711, -2.19217, 4.6564, 0.0]","[-7.09188, -1.15248, 2.85046]",closed,pkg_004
199.55,1786783941.7933,sample,"[3.39243, -1.24721, 0.81711, -2.19216, 4.6564, 0.0]","[-7.08604, -1.16532, 2.85046]",closed,pkg_004
199.65,1786783941.9153,sample,"[3.40256, -1.24721, 0.81711, -2.19216, 4.65639, 0.0]","[-7.0823, -1.17326, 2.85046]",closed,pkg_004
199.75,1786783942.0381,sample,"[3.42419, -1.24721, 0.81711, -2.19217, 4.65639, 0.0]","[-7.07404, -1.19009, 2.85046]",closed,pkg_004
199.85,1786783942.159,sample,"[3.44171, -1.24721, 0.81711, -2.19217, 4.6564, 0.0]","[-7.06709, -1.2036, 2.85046]",closed,pkg_004
199.95,1786783942.2819,sample,"[3.44816, -1.24721, 0.81711, -2.19216, 4.6564, 0.0]","[-7.06447, -1.20853, 2.85046]",closed,pkg_004
200.05,1786783942.3975,sample,"[3.45053, -1.24721, 0.81711, -2.19216, 4.6564, 0.0]","[-7.0635, -1.21035, 2.85046]",closed,pkg_004
200.15,1786783942.5115,sample,"[3.4514, -1.24721, 0.81711, -2.19215, 4.6564, 0.0]","[-7.06314, -1.21101, 2.85046]",closed,pkg_004
200.25,1786783942.6299,sample,"[3.45172, -1.24721, 0.81711, -2.19215, 4.6564, 0.0]","[-7.06301, -1.21125, 2.85046]",closed,pkg_004
200.35,1786783942.7456,sample,"[3.45183, -1.24721, 0.81711, -2.19214, 4.65639, 0.0]","[-7.06297, -1.21134, 2.85046]",closed,pkg_004
200.45,1786783942.8649,sample,"[3.45183, -1.24721, 0.81711, -2.19214, 4.65639, 0.0]","[-7.06297, -1.21134, 2.85045]",closed,pkg_004
200.55,1786783942.9854,sample,"[3.45183, -1.24721, 0.81712, -2.19214, 4.65639, 0.0]","[-7.06297, -1.21134, 2.85045]",closed,pkg_004
200.65,1786783943.1159,sample,"[3.45184, -1.24721, 0.81711, -2.19214, 4.65639, 0.0]","[-7.06296, -1.21134, 2.85046]",closed,pkg_004
200.75,1786783943.2511,sample,"[3.45184, -1.24721, 0.81712, -2.19214, 4.65639, 0.0]","[-7.06296, -1.21135, 2.85045]",closed,pkg_004
200.85,1786783943.3861,sample,"[3.45184, -1.24721, 0.81712, -2.19214, 4.65639, 0.0]","[-7.06296, -1.21135, 2.85045]",closed,pkg_004
200.95,1786783943.5163,sample,"[3.45184, -1.24721, 0.81712, -2.19213, 4.65639, 0.0]","[-7.06296, -1.21135, 2.85045]",closed,pkg_004
201.05,1786783943.6435,sample,"[3.45184, -1.24721, 0.81712, -2.19213, 4.65639, 0.0]","[-7.06296, -1.21135, 2.85045]",closed,pkg_004
201.15,1786783943.7633,sample,"[3.45184, -1.24721, 0.81711, -2.19213, 4.65639, 0.0]","[-7.06296, -1.21135, 2.85045]",closed,pkg_004
201.25,1786783943.8862,sample,"[3.45184, -1.24721, 0.81711, -2.19213, 4.65639, 0.0]","[-7.06296, -1.21135, 2.85045]",closed,pkg_004
201.35,1786783944.0073,sample,"[3.45185, -1.24721, 0.81712, -2.19213, 4.65639, 0.0]","[-7.06296, -1.21135, 2.85045]",closed,pkg_004
201.45,1786783944.1256,sample,"[3.45185, -1.24721, 0.81712, -2.19213, 4.65639, 0.0]","[-7.06296, -1.21135, 2.85045]",closed,pkg_004
201.55,1786783944.2401,sample,"[3.45185, -1.24721, 0.81711, -2.19213, 4.6564, 0.0]","[-7.06296, -1.21135, 2.85045]",closed,pkg_004
201.65,1786783944.3555,sample,"[3.45185, -1.24721, 0.81711, -2.19213, 4.65639, 0.0]","[-7.06296, -1.21135, 2.85045]",closed,pkg_004
201.75,1786783944.4756,sample,"[3.45185, -1.24721, 0.81711, -2.19212, 4.65639, 0.0]","[-7.06296, -1.21135, 2.85045]",closed,pkg_004
201.85,1786783944.6472,sample,"[3.45185, -1.24721, 0.81709, -2.19213, 4.65639, 0.0]","[-7.06295, -1.21135, 2.85047]",open,
201.95,1786783944.7766,sample,"[3.45185, -1.24722, 0.81708, -2.19213, 4.65639, 0.0]","[-7.06294, -1.21135, 2.85048]",open,
202.05,1786783944.8986,sample,"[3.45185, -1.24723, 0.81708, -2.19213, 4.65639, 0.0]","[-7.06293, -1.21135, 2.85049]",open,
202.15,1786783945.0355,sample,"[3.45185, -1.24723, 0.81708, -2.19213, 4.65639, 0.0]","[-7.06293, -1.21135, 2.85049]",open,
202.25,1786783945.1765,sample,"[3.45185, -1.24723, 0.81708, -2.19213, 4.65639, 0.0]","[-7.06293, -1.21135, 2.8505]",open,
202.35,1786783945.2947,sample,"[3.45185, -1.24724, 0.81708, -2.19213, 4.65639, 0.0]","[-7.06292, -1.21135, 2.8505]",open,
202.45,1786783945.4194,sample,"[3.45185, -1.24724, 0.81708, -2.19213, 4.65639, 0.0]","[-7.06292, -1.21135, 2.8505]",open,
202.55,1786783945.5437,sample,"[3.45185, -1.24724, 0.81708, -2.19213, 4.65639, 0.0]","[-7.06292, -1.21135, 2.8505]",open,
202.65,1786783945.6741,sample,"[3.45185, -1.24724, 0.81708, -2.19213, 4.65639, 0.0]","[-7.06292, -1.21135, 2.8505]",open,
202.75,1786783945.7961,sample,"[3.45185, -1.24724, 0.81708, -2.19213, 4.65639, 0.0]","[-7.06292, -1.21135, 2.8505]",open,
202.85,1786783945.918,sample,"[3.45185, -1.24724, 0.81708, -2.19213, 4.65639, 0.0]","[-7.06292, -1.21135, 2.8505]",open,
202.95,1786783946.0421,sample,"[3.45185, -1.24724, 0.81708, -2.19213, 4.65639, 0.0]","[-7.06292, -1.21134, 2.8505]",open,
203.05,1786783946.1743,sample,"[3.45185, -1.24724, 0.81708, -2.19213, 4.65639, 0.0]","[-7.06292, -1.21134, 2.85051]",open,
203.15,1786783946.3197,sample,"[3.45185, -1.24725, 0.81708, -2.19213, 4.65639, 0.0]","[-7.06292, -1.21134, 2.85051]",open,
203.25,1786783946.463,sample,"[3.45185, -1.24725, 0.81708, -2.19213, 4.65639, 0.0]","[-7.06292, -1.21134, 2.85051]",open,
203.35,1786783946.6101,sample,"[3.45185, -1.24725, 0.81708, -2.19213, 4.65639, 0.0]","[-7.06292, -1.21134, 2.85051]",open,
203.45,1786783946.7382,sample,"[3.45185, -1.24725, 0.81708, -2.19213, 4.65639, 0.0]","[-7.06292, -1.21134, 2.85051]",open,
203.55,1786783946.8619,sample,"[3.45185, -1.24725, 0.81708, -2.19213, 4.65639, 0.0]","[-7.06292, -1.21134, 2.85051]",open,
203.65,1786783946.9874,sample,"[3.45185, -1.24725, 0.81708, -2.19213, 4.65639, 0.0]","[-7.06292, -1.21134, 2.85051]",open,
203.75,1786783947.1135,sample,"[3.45185, -1.24725, 0.81708, -2.19213, 4.65639, 0.0]","[-7.06292, -1.21134, 2.85051]",open,
203.85,1786783947.2381,sample,"[3.45185, -1.24725, 0.81708, -2.19213, 4.65639, 0.0]","[-7.06292, -1.21134, 2.85051]",open,
203.95,1786783947.3627,sample,"[3.45185, -1.24725, 0.81708, -2.19213, 4.65639, 0.0]","[-7.06292, -1.21134, 2.85051]",open,
204.05,1786783947.4906,sample,"[3.45185, -1.24725, 0.81708, -2.19213, 4.65639, 0.0]","[-7.06292, -1.21134, 2.85051]",open,
204.15,1786783947.6247,sample,"[3.45185, -1.24725, 0.81708, -2.19213, 4.65639, 0.0]","[-7.06292, -1.21134, 2.85051]",open,
204.25,1786783947.7597,sample,"[3.45185, -1.24725, 0.81708, -2.19213, 4.65639, 0.0]","[-7.06292, -1.21134, 2.85051]",open,
204.35,1786783947.8922,sample,"[3.45185, -1.24725, 0.81708, -2.19213, 4.65639, 0.0]","[-7.06292, -1.21134, 2.85051]",open,
204.45,1786783948.0219,sample,"[3.45185, -1.24725, 0.81708, -2.19213, 4.65639, 0.0]","[-7.06292, -1.21134, 2.85051]",open,
204.55,1786783948.151,sample,"[3.45185, -1.24725, 0.81708, -2.19213, 4.65639, 0.0]","[-7.06292, -1.21134, 2.85051]",open,
204.65,1786783948.288,sample,"[3.45185, -1.24725, 0.81708, -2.19213, 4.65639, 0.0]","[-7.06292, -1.21134, 2.85051]",open,
204.75,1786783948.4274,sample,"[3.45185, -1.24725, 0.81708, -2.19213, 4.65639, 0.0]","[-7.06292, -1.21134, 2.85051]",open,
204.85,1786783948.5525,sample,"[3.45185, -1.24725, 0.81708, -2.19213, 4.65639, 0.0]","[-7.06292, -1.21134, 2.85051]",open,
204.95,1786783948.684,sample,"[3.45185, -1.24725, 0.81708, -2.19213, 4.65639, 0.0]","[-7.06292, -1.21134, 2.85051]",open,
205.05,1786783948.8246,sample,"[3.45185, -1.24725, 0.81708, -2.19213, 4.65639, 0.0]","[-7.06292, -1.21134, 2.85051]",open,
205.15,1786783948.9563,sample,"[3.45185, -1.24725, 0.81708, -2.19213, 4.65639, 0.0]","[-7.06292, -1.21134, 2.85051]",open,
205.25,1786783949.0946,sample,"[3.45185, -1.24725, 0.81708, -2.19213, 4.65639, 0.0]","[-7.06292, -1.21134, 2.85051]",open,
205.35,1786783949.2345,sample,"[3.45185, -1.24725, 0.81708, -2.19213, 4.65639, 0.0]","[-7.06292, -1.21134, 2.85051]",open,
205.45,1786783949.3712,sample,"[3.45185, -1.24725, 0.81708, -2.19213, 4.65639, 0.0]","[-7.06292, -1.21134, 2.85051]",open,
205.55,1786783949.5104,sample,"[3.45185, -1.24725, 0.81708, -2.19213, 4.65639, 0.0]","[-7.06292, -1.21134, 2.85051]",open,
205.65,1786783949.6411,sample,"[3.4511, -1.24725, 0.81708, -2.19213, 4.65639, 0.0]","[-7.06323, -1.21077, 2.85051]",open,
205.75,1786783949.7667,sample,"[3.43589, -1.24725, 0.81708, -2.19212, 4.65639, 0.0]","[-7.06938, -1.19911, 2.85051]",open,
205.85,1786783949.8916,sample,"[3.41133, -1.24726, 0.81708, -2.19212, 4.6564, 0.0]","[-7.07894, -1.18009, 2.85052]",open,
205.95,1786783950.0092,sample,"[3.38333, -1.24726, 0.81707, -2.19211, 4.6564, 0.0]","[-7.08928, -1.15814, 2.85052]",open,
206.05,1786783950.135,sample,"[3.35406, -1.24726, 0.81707, -2.19211, 4.65641, 0.0]","[-7.09942, -1.13489, 2.85052]",open,
206.15,1786783950.2705,sample,"[3.32433, -1.24726, 0.81707, -2.19211, 4.65642, 0.0]","[-7.10902, -1.11098, 2.85052]",open,
206.25,1786783950.4005,sample,"[3.29443, -1.24726, 0.81707, -2.1921, 4.65642, 0.0]","[-7.11796, -1.08665, 2.85052]",open,
206.35,1786783950.5345,sample,"[3.26446, -1.24941, 0.81709, -2.1921, 4.65643, 0.0]","[-7.12432, -1.06179, 2.85234]",open,
206.45,1786783950.6607,sample,"[3.23862, -1.26278, 0.81708, -2.1921, 4.65643, 0.0]","[-7.11908, -1.03926, 2.86364]",open,
206.55,1786783950.7774,sample,"[3.22805, -1.26877, 0.81707, -2.1921, 4.65642, 0.0]","[-7.11625, -1.03013, 2.86865]",open,
206.65,1786783950.9003,sample,"[3.22416, -1.27097, 0.81707, -2.1921, 4.65642, 0.0]","[-7.11518, -1.02679, 2.87048]",open,
206.75,1786783951.02,sample,"[3.22273, -1.27178, 0.81707, -2.1921, 4.65642, 0.0]","[-7.11479, -1.02556, 2.87115]",open,
